# Resource object code (Python 3)
# Created by: object code
# Created by: The Resource Compiler for Qt version 6.11.0
# WARNING! All changes made in this file will be lost!

from PySide6 import QtCore

qt_resource_data = b"\
\x00\x00\x16\x9d\
\x00\
\x00\xbb\xb1x\xda\xed=ks\x1b7\x92\xdfS\x95\xff\
\x80\xb0j\xeb\xa4\xac=\xa2(\xd9Qt\xe7KI\xb2\
\x1c\xabV\xb2\x14\x91Qn\xefr\xb5\x05\x92 9\xeb\
\xe1\x80\x01f$+\x1b\xff\xf7m<\xe6\x81yb\x86\
#\xda\x8a\xa5/\x229\xe8\x06\xd0\xefn<f\xc5\xf0\
|\x89\xd1\x09]\xae\xa8O\xfc\xe0\x98,\xf0\xadK\xd9\
!:\xa6\xa1?\xfd\xfa\xab\xaf\xbfr\xe1\x11\x0b\xd0O\
\xc1O\xa1;y\x9f\xfd\xee\x9cP?`\xd4\xe3\xce1\
\xe6\xee$\xf7\xf8\x1c\xdf\xd30\xe0\xf1\xef\xbdI\xd4\x15\
\xef!\xcc\x93\x9eSM<\xea\xcf\xff1\xc6\xec\x1f\x13\
\x1c\xc8F\xe7\xf0\xc31f'8\x10\x03:Z\xad<\
\x17\x1e\xb9\xd4\xff\xc5\xf5\xa7\xf4\x0e\xfd\xeb\xeb\xaf\x10\xfc\
\xb9\xd3C\xc4(\x95\x8d\xc4wF~\x0b]F\xa6h\
\xc5\xe8\x8a\xb0\xe0\x1e\xddb\x86&j\xc0\x1eaU\xad\
8\x09\x02\xd7\x9f\xf3\x0b\xec\xe3\xb9h\xaa\x1a'\xc3u\
n\x5c\x1eboD\xdf\x13\x9fG#\x88F\x11,\xc8\
\x92\xa8\x9f>F\xa0o\xa0\xdf\x0b\x120w\x92kN\
\x18\xa3,\xf5<\x02\x11\x7f3\xf8\xd9Y\xb9\x1f\x887\
t\x7f'\x87hwP\x80\xf7\x9c\xe2)aY\xb4\x9c\
2,\x9e\xa6\xd1q\x1a\xb2\x09\xa0\xe9\xfd\xc6&\x87;\
;;\xbf-\xbd\x9d!\xb4{~M\xe6\xa1\x87\x99\x13\
\x04\xb3^\xa6\x87[\x97\xbbc\x0f\x80\x02\x16\xeaY\xdd\
\xb9\xd3`q\x88.p\xb0p\x96\xf8\xc3V\x86\x5c\xce\
\x9dd\xcc/\xa2\xd53\xb4t}w\x19.\xe5\xb7m\
\x05\xbf \xee|\x11\xd4\x22x+\x9b\xc5\x18\xd4W\x8d\
\x22\x8d\xf5\x10\xbd\x18\xf4\x8d\x9f\xdff;\xd8?\xe8?\
S\xdf&\xc4\xf5\xb6\x22\xae\xff\x92\xeag[c\x0e\xdc\
@\xcc\xf67>b[\xbd\x0bBoo%\xab\x81\xfc\
\xac\xa7\x9b\xcc<<\xe7\x87 \xe5\x8e\x16\xc1\x84\xc2\xe8\
\x0f\xf1\xf3\x1b\x86\x97\xc4#\x9c\xeb\x0e\x5c\xc1\x06\xb3\x89\
z2\x0c\xf0=\xbf\xf4Gt\x95\xb4\x99PO\xa8`\
/`\xd8\xe7+\xcc@\xde4O\xe8\x0aO\xdc\xe0\x1e\
\xc4\xc0\xe9'b\x8e\xa7\xd4\xf7\xee\x13\x01\x06D\x82C\
dD\xa9\x07ztaP\xea\xe0\xfb\x97epch\
\x8f|\x0c\xd2xw\xa8X\x8c\xfe\xab\x0cQ%\x0e \
\xb8\xbb\x04z\x81\x10J\xe1q=\x184z\xf5\xea\x15\
R\x93v.\xa2\x06eh\xe0\x17\x0f\x91\xd9\x8cL\x02\
\xf7\x96\x5c\x86\x01ag>\x08\xc9a\x82\x1b\xfd\x80\xfa\
H\xeb\x9aC\xe3\x16v\x18\xaf\xb0O\xbck<uC\
^\x86r\x954\xa9\x224#\x1c@\xdfb\x7f\xea\x91\
\xd1\x02l\x9e\x0f\x5c?D\xdf\xd5\xc3\x9cP\xe6\x13\xa6\
\xd5z?b\xe7\xce\x0e\x02\x99\x00}C\xb7\xd0\x1e\x0c\
\x9d\xa7L\x16\x9e\x80\xd1\x89\x9a\xc4My\x80Y0\xbc\
\xe7\x01Y^K\xa4[\xdbh\x0a\x827\xc7\x01\xe1b\
\x22\xa2?\x22\x80a\xd2\xba_\x14P\xcd\x07\xeeD\x1f\
b\x84b\xc0\x0aP\xa9\xe0\x7f\xf0H\xa5\x90\x18\xc3{\
PR$\x91\xdc-\x88\x0f\xedp\x80\xc4\xc4\xa49F\
c2w\xfdd\x94h\xb4 \x8c\xcc(#\x12a\x84\
G)?Z\x86\x5cPb\x89]\x1f\x06\x09F\xd7\xc5\
Bn\x17\xaeGt\xffB\x00'\x8crN\x92\xf1\xe9\
'dG\xc9)\x1a\xc3\x80\xdf\xaf(\xcc\xf2?\x11F\
\x9e\x98\xa5\xb6\xf0\xfc\x8d\x07\x92\x06N\x05\xbc\x85\x1b(\
\x15\x07\xdb\xee\x85@\x93\x04\x9fO\x03\xc4CWQ\x1c\
\x86*;\xf0\xb1$\x97\x1e\xf0s9\xdf\x88\x09N\x15\
c\xa5\xe9\x00W\x15\x99\x9f\xbd\x97U\xad\xc5\xd4\x95\x83\
\x1c\x0a\xbd\xf6\xe7\xa0\x9dU\xed9\x01c\x80\x03\x1a\xa3\
\xdf\xad\xc4\xaeF\x7f\x82\x81\xb6<\x1eP\xbf_\x05\x93\
X:0HZ\xe1\xf6\x0f\xec \x8ei\x10\xd0\xa5\x06\
\x12n\xaaR\x13\x05\x0f\xa3\xd8\xe1\xc2\xb0\xd9\x89\x9d\x8c\
\x8dw\xcat\xc6>\xecGF\xc3U\x86\xbd\xcf\xcc\x86\
K:\xb5i\xc6\xc1\x83\xbb\xc0p\xb0Q\x16\xad=r\
K<\x8bv,\xf4}`iQ\xcb\xa4\xe1v\x0d\x95\
\x94\x90[\xd3\xa9\x822\xa5\xc4\xd8N\xf0\xfc5\xed\x8f\
\xabiRN\x06\x03\x9f\x15\x11\xfe\x8a\x06\xe8[Sk\
a\xd2Z%j\x08\x04\x16\x8d\xb0[2=\x15!T\
9av\xd3\xbe?\x1bn9\x8b\xd8\xfdW\xf6\xc5\xa5\
\x91\x88\x98!\xfe\x83c\xae\xe5I\xa9\xa0?\xab\xe2\xae\
AEM\x9aa\xc8fxB\x1c\x1eQ&E\xe7<\
\x19R\xfedTc\xd2\x10\xf6\xee \x0a\x89\xb0(\xf3\
?\x0b=\xa0\x00\xf9\x00np\x1a\xf9i\xc0\x15\xb1\x09\
I\xf7\xe8@D\xecyx\xc5\x85[\x10P\xf2W4\
w\x05\x161N\x82\xc6\xe04\x84\xc7\x11O\x13c\xf1\
,F8\x0e\x03\xe4\x8301\x18\x05\xb0>\xed{\x04\
\xd8\x98@\xc6 \x5c\x16E|\x09-\xc4ojP\x88\
\xe3\x19\x81!\xe29\x98Q\xa7\x01\xe7\xcaXV\xcf\xdf\
\x02\xa6p\x19I8\x11\x9dN\x16\x0c\x86kr\xa0T\
tU\x08\xaa;\xca\x0d\xc7\xf4%\xe9\xae+\xa6c4\
3\xddE\xfaQ\x81oH?\xde\x03}\xcc9\xa7\xac\
\xc2\xa6\xa2\xa4+<\x9d\xda\xe8j>\xe6N\xcd\xb7\x90\
\x1eF_\xe9 /\x96\x1f\x91\x92\x81l\xeb\x18S\xf7\
\xe8\x12!\xcd\x01L\x01\x82:\xe9\xd5\x09\x0f8\x12R\
3u\xf1\xdc\xa7<\x10\x8a_9\xdc\x88F\x9a\xcc\x91\
\x07\xad%~\x09\xba\x89)W\x11\xba\x8cn\x17\xd9\xc8\
\x1a\x84\xdda\x92\xa2\x9cA\xa7\xe5;\x8b-\x93\x0e;\
\xd4\x17\x9f=\x12\x88\x98?\x9d\x87\xceP.\xb7[`\
\x9d\x15]Q\xe1c\xa8\xbf\x9d\x86\x90\xe3\x84,\xde\xf9\
\x80^\xa1\xe2\xb4\xf0\x7f\x0aZ\xdf\x97\xb6\xfe{\xd2\xfa\
c6\x11\xd6lt@D&\xe4H\x06\xc9o\xe8$\
\xe4[\x90\x9f]\x82\xd01\xf9\xed\x9a`\x0e\xa3\x8c\xd3\
b\x99\x89\xf9'\x1e\xe52f\xcbv\xcb\xf1-Q\x13\
\xdcR\x13y\xa6\x87\xa8\xff\xdf\xa9\xb4X~^D\xd6\
^a\x1d.(\x0b&`\x11S\x04\xe1\xa0\x17\xc4\x97\
I\xfb\x9b\xddA/y@}9b,i.\xb1%\
\xb5\x0dgJ\xc6\xe1\xfc\x12\xcc\xaa\x87\xefO}!\xb2\
S\xa0\xd07\x16\xcd2\xd9\xff5$L\xd8\x9fCt\
\x9c)/H\xcd\x1f.@\xa2\xee\xd2\x15\x06:\xfe'\
@\xbc\x83\xf4\x17\x06\x9cj\x93\x1a8\xf6'0O\xee\
\xcc\x5c\xcf\x13xD\x82\x9b\x7f\xba\xc4Ld\x13\xa9\x1c\
\xbe\xaf\x89V\x90\x17\xa2\xe7h\x90\xf2\x99q\xc9BM\
xi\xa6\x9b\xa9\x1c;e\xc4\xa2\xa9\xc4b\xa5\xb3C\
\xb3\xcbT\xe2(lSz\xe62]\x07IZ\x1e\xa2\
\x91\xf8\xe8\x01g\xb2\x92\x0d\xa9\xfb~N\x1e\xebi-\
\x8c\xb1V\xecRZ\x8b6?z\x98s\xdd\xb0=\xc1\
\xcb\x88\x5c@\xdf\xa4$\x94/O\x14\x92:\x1ee\xf2\
|L\xd9\x14D\xd1h\xc6A@\xfd\xf9\xb1|\x92k\
\xa9\xabO&ku\xee\xbe\xdb\x80\x81iR\x8a\xb4\xdb\
\x05\x171&\x0bP]\x11\x8b\x18\x99\xf3DYm\x07\
\x9dA\xbe+,(#\x10K\x8a(g\x05Q\x13\x97\
1\x13\x0e\x0ctw\x90\xfb\xca\xf4r!k\x03S4\
\x86X%2\xabH\xf8$\xe1\xe0\x9f\x8f1C2\x7f\
\x85\x08H\xb5dN\x82\xe7\x0c\x12\xfb\xac\x0c\x09\x81\x10\
Q\xd5\x9c\x89\x1a\xad\xb4PC\xd7\x7f\x9f\x9eM=\xd3\
e\x8b\xc4\xe0]\xfa#<>D3\xecq\x92Et\
ACN\x8e\xc0Sd\x07b\xd7\x8b\xeaiBV`\
\xa7\x8eC\xc8\x11}U9;'\xb3@}\xcf\xb7\xa7\
\xfe\x95$k\xf1L\x0b\xcd\xb5\x1ce\xde\x5c\x17\x98\xfe\
\x8f\xe9\x09B\xfc\x1a.u\xa0SD\xe8$\x0cjA\
\xdf\xacb\x15\x85LF&\x1a\x95\x01\xb4h\xe7\x220\
\xb3y\x91p\xc4%h\x1d=farf#j\xd8\
\xcb\xb7S\x9d\xcb\x09\xea\xe2\xa1\xa9\xee\x99v\x99\xd2\xab\
\x9cCY\x10\x9b\x01\x05%\x9aAZF\xa6\x95\xc0y\
\xf0kzW\xcc\xbaf\xe2i\xd0\xfeeQGU\xe4\
\xce\x91\xfd5\xc3s\xa1/e\x88\x8ay\x10A\xf5\xca\
\x81l\x19R\xd0>\x22\xac\x02\xa8\x02\x19C\x02W1\
\xcb4U=P\xe1\x88\xaa\xf2\x8b\x1dXT\xd8<!\
\xc2\xea\xc5\x08\xcc\x9f\xabQ\x05\xe4\x83!%\xd5\xadM\
g\xcf\x5cP\xc8\xfb\x11`\xa8\x86\xca-\xbd\xec[\xb4\
\xbf\xd3t\x16\xf5\x05\xe7\x1d\x04\x03\xd8\xb3\x80\x9a\xe1\xa5\
\xeb\xdd'K6\x8e\x8f\x975s\x22\x9e;\x85A\x89\
i8\xa7\xe2\xf3u\xb1\x86\x15Z\xbd\xec\x9f\x90=U\
\xc2fu\xbc\x0f\xc0\x98\x89\x0a\x9f\x1fz53\xab3\
\xfa\xd5\xd0:\xba%'\xe0\x14\xe7\x99\xac\xa2T\x03!\
\xdbPNm\xbb\xbeq\x9c:\xa4j\xe8\x17\xf4\x96l\
\xd5\xc0~lI\xe3\x11^Y\x92x]\xc2\xbd\xa6!\
\x04g\xd0\xdf\xaa\x01\xdd\xcch\xaa\x11\xfd\x16\xf4NI\
\xfa\x96\x05\x18\x91\x11F#\xe4\xf1j\xd1z\xaci\xc4\
1E\xeb:s/]\x1e\x8c\xac\x9e3f\xa8n\x80\
\xd5\x1b\xfc\xd8=j\xab\xbfw\xd0\xc2\xe6\x97K[I\
\x14Xm{{\xbf\x86\x83\x81\x91\x8ff\xff\x8e@\x8c\
\xb9\xcc\x13\xa49\x8bWT\xf5\xe4u\x91\xafW\xc1S\
\x91d\xbb\x93\xf7q~+\x85A\x83Ka(\x07\xd5\
\x01\xbb\xf0\xd9\xcaH\xd6\xda59+\x933NP\xeb\
$:r-/\xab\xdb\x83\xdbt\x7f\x07\x18\xec\x1dy\
\xee\xdc_\xc2\xcc\xb4\xe9\x97\xdf\xdf\xda\xb8\xcc\xc8\xbd\x16\
b\xb8\xa9\xc3P\xa1ZI\x84~X\x9c\xc1V\xd0-\
Co\x90\x07\x1f\x12\xb9\x88\x9a2\x05\xd0\xd5\x09;\x9b\
Q\xf0\x97\xebd\x01F\x9e\xc9\x84Q\xf5#\xbf\xaf\xdb\
KE\xf7\x05\xeb\xf8\xa5&O\xa7\xac:\x09\x16\x05\xef\
|\xaaZh\xae\xf4\xc6\x1dP\x19EZ\x1b\xb3\x7f\x22\
\x1a\x1e\x01m\xd4\xea\xed\xbf\xd04T\x0b\xb9\xd1\x00\xe4\
\xc0e\x89\xee\xb5~R%\x07\x9f\xc6\x02k\xdf\xd0\xd4\
\x02\x1b`\x8f\xd3\x02\xe7\xea\x1f\xc2$\x7f\xf7\xa2\xdfC\
\xca:\xbf8\xdamb\x9d\xcb*e\xb5\x7f?h\xc3\
~Mx \xd6\xfa\xeb\xedz\x81\x92h\xdf\xa0\xbbo\
\xe6\x1bjD\xbdUt\xd30\xb2\xb1\x8bj\x9aE4\
\x1f\x1f\xc2\xbf\x19r\xbf9\xff\xb6\xff\xa5\xfa7\x93\xde\
\x0f\xe4\xdf\xccN\x9e\xfc\xdb\x9f\xc8\xbfM<\xca\x9b:\
\xb7\x14\xcc\xa3\xcd-\xfa\xfd\xd7\xdf5\xcf-\xc4\x9a\x5c\
\x9b\xc4BR\xecA\x12\x8a\x14/6gm\x0f\xbeP\
k\x9b&v\xe7\xa6\xd6D\xbf)#\xfbd^k\xcd\
k\xcdO9\x03\x9c\xda\xc4\x7f*\xb7\xed\xa47t\xc8\
\xe5\xc1\xb2E\x15cOD\xed\xca\x0a)F\xde\xf9B\
K\xd9\xbe\xba\xba5\x96:8\xc9D\xe30\x83\x11\xf1\
\xea\x1dOec\x95\xab\x5c\xa3\xf4V\xfa\x93\xcbw\xa3\
\xeb\xcb\xf3a\x91a\x06C\xf7[H\xc8H\xdaL\xd5\
\xfc\xc6\x1d\x8b]eb\xdfb\xaf\xd02W-\xdd\x15\
p\xad`\xfd\xbc\xdc\x83\x1a %Z\xd7d5\xa6\x1d\
\xe7\xd6\xe1\x9e\xb1\xa6uP6\xeb\x1f\x99;\xad\xa6`\
V\xf6\xc5\xfeL\xfbH$\x05\xd4\xe1\xba\xd6Dr>\
Z\xda\xd7;\xc1\x7f@\x03\xb0\x96/\xea\xa0\x86\xc6\x1a\
k\x0c\xab,V\xc4w\xd5\x06U'.\xc9&\xd5\x0a\
\x02\xdb\x0aj\x9a\xd4\xa9m\xbcu\x86[SN\x9e\xd8\
\xe8[5UT\xb0mm\xcd\x92\xbc\x90k\xb0\xdd\x17\
v=e\xe3\xd0\xc1\xae\x1d\x1cN\x02\x90\x9ft\xf81\
\xa2\xabj\xd0X/^\xd4\xd3\xd7b94\x89\xf6\x94\
\xe5\x1a^\xfe|}rjS\x001\xb7\xc6\x84\x01\x99\
\xd6G{\x85\x11_\xdf\x12\xc6X\x9e|M\x96\xee1\
\xf5\xa6\x96\xb0\x1e\x09 \xa8\x8bE~\xd7\x19\xb4v\xe6\
\xda\x0d\x8f\xe91\xfd`\xb5@\x15k\x85v\xa5u|\
\xcbY\x22\x03\xbaW\x0f\xdcF\xfe\xcb\x0d\xfd~\xdf\x1a\
2g\xe8m`\x85\x93\xf4\xf2\x9b\x00\xd5\xa4\x05\x05\xb8\
\x85,\x86L\x84\x98g\xe0\xd4?\x14l\xba+F\xeb\
\xb8\xa2\xf9\xe5l\xab\xb8\xcd\xb6\x85\x0e\xe4sD;J\
\x97\xa4\x80G\xe1\xd4\xa5ZXlT0\x85fJ\xf8\
\x84\xb9+\x15\xc2jU&\x1e\xc8\x90\xdc\x93\x8e%b\
\xd7_\x81\x11\xb7G\xff7r\xff\x0eB\xeb\xb9\x0c\x7f\
\x9d@LO0+\x16\xe3Z!\xae\xda\xe4\xa9\x86\x81\
^E\xbcS\xc6\xc3\xc6\xec4\xcce\xebUJ`\xe9\
\xd9!\x11\x1bE\xf4\xf6\xa7\xe4<km\xe9T(C\
\x0c\xb5\xb7o\x07\xa5\xac\xb2\xb9\xd7w\xea\xf2\x15$i\
v\x866e\xa4M,D\xef\xa9\xfd!\x9f\xac\xc7'\
\x08\xa1'\xd9\xc8\xbe\xab\x9c]\xdf\xb3\x83[/\x1b7\
\x0b\xd9\xcd\xb6\x95X\x1a{i\xc4\xfd\xa98\xb7-h\
\xd9D\xe6>dI\xaf\x0e\x06>G\xd1\x7f[\x11\x8a\
\x0e\x1d\x9b\xd8\x16\xc4n\x82\xe6\xca\xf7^\x7f\xbf\xd7\xa1\
\xf4p\x02*9}\x00\xf9y\xb1I\xf9\xb1\x90\x81V\
\xd5\x9dz\xebs\x1c\xa3m\xc6\x95o\xaa\xd9\x02\xc6_\
Z\xde\x0e\xeb:9k\xf4\x00+\x02M\xc7\xb0\xd9\x05\
\x83\xda\xc1\xadA{s+\xb99Ku\xf8L\xc6\x19\
\xf1L\xc5N+?\xe8v\x8eu\xd4\xe5\x81\xa8\x0a\xb1\
ivs\xfb&\x88\xca\xc3\xb1\xd8R\xdb\xa0gs\xcb\
}\x15E\x07\xe6\xee{\xfb:\xa5\x0eh\xec*\x95k\
U,\x1f\xb0r\xd9\xc0\x06Z4\x89\x8e\xf0\x1f\xcaM\
\xc7\xaf\xf57\xdb)&\xd9\xd2\xa5\x0cfmi\x9a\xbf\
\x0a\x85\x07,\xaa\xc1y\xafq\x80\xdb\xe2\x11'\xc5e\
\xa6`;\x94By\xbbK.\x9e\xb0\xf5\xf5{\x07\x96\
\xed\xa1\xb9'@\xc84\xa7\xbf\xc9#\x99\x1b\xc9{,\
\xf4d\xec\x5cM\xcb`;\x17+\x1f\xd8\xc3\xa5\x03_\
%\x04NC&\xe6b\x17\x8d\xe6a\x02\xdfn\x83\xd8\
u\x02YK\x0d];\x98)\xa3\xef\xc3\x06\x04\x99\xce\
R\xb2\xfd\x09\xbc\x7f\xa3\xb5\xad:7\xafg\xe4\xc6*\
jjq\xba\xba\xd1vV\xb1\x07\xa7\xb3\xe0HF\x0e\
kO\xc1\xb0s\x0d\xa6\x00c\xd9E\xb5E\x5c\xcb\xb5\
\xc1\xcd\xf9\xb5\x15]\x85+g-\xbd)>M8\x94\
\xe7\x05\xdb\x04\x89\xed\x83\xb2\xca(fMb\xb5=d\
\xd0t\xa9!\xbe\x15\xe4\xe1\x16\x1av7\xb5\xd0\xb0\xd7\
n\xa1a\xf7\xbbG\xbb\xd0ps6\xfc\xf9\xe8\xfc\xec\
\x7fO\xaf\x9f\x16\x1b\xba]l0j\xb4\x0d\x97\x1aR\
\xb0_\xcaB\x83\xf8\xb9\xf3e\x86\x18i\xe9\x22\x83h\
\xf1\x09\x96\x18n\xe2kl\xe2\xdd\x09\x9d\xad2$W\
\xe4 q~\x0bCp\xd1z\xa1!u\x89S7\xeb\
\x0db\xb6\x1b\x5cm\xd8\xf8BAJs[/\x13\xa4\
q<-\x12lp\x91 M\xf8u\x97\x08\xd2\xb86\
\xb4@P%7O\xcb\x03Mj\xfaU\x94\xec\xbc\xa2\
\x9f1\x1a\x1b\xae\xe6g$\xf5\xf3\xa8\xe3wX\xc1O\
\xcfn3\xf5\xfbj\x8an\xbav\xdfU\xdd\xbe\x9c\x8e\
OU\xfb\xcf\xa9j/\xf8\xf4\xd8k\xf69?\xbc\x81\
\x8a\xbd\xa1\xb3\x8f\xb7^\x9f\xb0\x7f\x8dj}\x0a\xc9S\
\xad\xbe\xf3Z}\x8a\xba\x0f\xe9\xec\x8d\x8e>]\x95\xbe\
\xa3\x0a}j.Iq;\xad\xb3\x9fwu\xbe\xd1\xf0\
\x9f*\xf3O\x95\xf9.*\xf3\xd9\x1b\xb8\x9b\x14\xe8\xcd\
\xa3\x0d\x16\xe2\x98)\xd9\x9b\xf0\xe2Z\xc5\xc1\xa6\x8a\xf8\
\x83\x96E\xfc\x97/\x1f\xedi\x81\xd3w\xc3\xb3\xd1\xd9\
\xcd\xd9\xe8\xefOU\xfc\xea\xc7C\x11\x1b0\xeb\x03\x03\
\x05\xe5\xcf\xa6\xa7\x06r(\xfet\x15\xfd\x19\xa3\x10\xe7\
\xf6\x1d\x8bRP@\xc1\x108\x168y@VJ\xca\
\xfa\x8eEr)_\xcaQ\xb0\xbb=!\xfe\xc6K\xfc\
\xc3\xa4\xef\xf5\xcb\xfbG\xd3\x7f\x8aw\x9d\xa4J\xfb\x10\
,\xae\xa8\xcf\x89H\xd6\x88?\x0f\x16-+\xfc\xfa\xfd\
\x0a\x0d\xaa\xfb\xe2\x86\xbbi%\xad\xd1+\xc5\x10\x1be\
Y+^\xf8P\xa4\xa2N*\x83\xb2Cs_\x88&\
\xa0\xabFX\x90\xba1?\x87\x07\xdfb\xd7\x13\x09\x92\
\xbe\x8f~\x07\x0d\xd0\xf3\xe8\x156;h\xd0l;[\
\x05\xfe_Z\xa4\xca-\xe2\xb2\xe6\x95\xa4(\x98J\xcf\
\xd9\x0e\xb2U\x9eUN*\xa5?\xd1\xa5\xf1\xe8\xdb\xe8\
\xde\xd0\x06E\x864\xf54t\x93\xf2~\x8a\x9a\x05\xe3\
\xcbU\xed\xd3\x89\xc8:\xc9v\xc4\x01=b\xb6\xf1\xe4\
@\xddK\xfd\xe9T\xbcL9M\x89\xb0\xc6\xf5-\xda\
\xaa\xd5\xc4h\xf1h\xfb\xcfc\x84\xa2\x13\xe3\xbf\x94j\
XR\xee\xde}\x89\xeaom\xca\x22\xce\x1eMo`\
\xd2\xec\xb5\xaa\x9b\x1aVf\x07a\x99h=\xfci\x01\
\xb3\xcc\xdf\x22\xd7\xcdl$\xac\x9bI\x8bz\xbfZD\
m`\xf7\xd3U~C\x16\x9a\xf8\x81w\xe1rL>\
\xdbr\xff\xa6\xaa\x00\xc9k\xb6>]\xfe/\xe0\xf7>\
\xf7\xfc\x7f\xff\xe0\xb1\xe6\xff\xe7\xa77\xa7\xe7O\x99\x7f\
\xf5\xe3\xda\x8b\xfe\xbbH\xc0\xb9\xd5m\x1e\x8d\x99]!\
\xb6{\xfd&\xfbJ\xf45\x9b\x17C\xdb\xbb5\xdbJ\
L[\xa9\xb1\xb0\xabW\x8c\xce\xc5R\xc91fM\x16\
F\xd9\x92\x9f\x0bSh\xeb\x82\x8c*N\x04\xdck\xc4\
\xab\xc6\xe2Sj\xd4^Z\xc6Q%u\x10\x18\xbe\x1d\
|I-\x03\x04F\xf9\x91\xde\xb6-\xf9\xd6^-\xcb\
\x86\x84/\x1a'Xk\xee\xd7)\x5cJh\x9c\xfb\x96\
\xe5\xbf\x1d.L\x1a\xcb\xcdu\xaf\x18\xb1 \xb3=p\
+\xc6\xa6R\xf4H\xad\xbaJ\xcc;H\xce\xf3\xe5\x8e\
\xf4\xce\xb9fx\xda\xf2\xbd\x01\xef\x1f4\x0e}r\x9b\
\x86\xdb\xbc:=\xfa\xdb\x97\xe77W\x04\xbfo\xef8\
c\xe8G\xea9\xc5\xf8\xd7r\x9dW\x80\xe0\xc9w>\
\xf9\xce\xce}g\xacY\x9f\xb3\xf3\xb4\xbe\x80\xf8\xcf\xe6\
:;-\xe1\xa4\xdf\x81\xde\xbe\x883\xe8`\x13\xc7~\
\x03x\xc8\xdc\xfd\xa21l\xea4\xe7\xc1A\xbb:\xd0\
\xee\xe0\xf1\xd5\x81r\x09\x9f\x92\x98\xe4\xc5\x1a?\xbf{\
w\xf6\xee\xc7\xdev\xfc\x9e\x8c\xe1\xe8\xf2\xea\xea\xf4u\
\x83\xaaQy\x1f\xa5\x8bU\x8f\xae\xc4\xd4_+V\xae\
\xbf\x8f\xbf@\xab\xdbn,1\xc17\xb6\xa9\xc4R\xb9\
\xf2\x80\x9b\xda\x8db\xa7\x10\xc3\x80\xae\xd2\xda ^\xe0\
\xd7{\xc0s\xa0\xf9\xf7\xa6\x8f)\xf5\x90x\x93\x8b\xd2\
\x19\x15\x17\x1dZ\x06\xab\xa9\x05\x99?\xfe(\x9bl\x8b\
\xad+\x81\x95\xae\xd6\x1cE\x15\xb4\x14o'\xe6@c\
}\xe7e\xb4qE\xae\xb1\xb4=\x8bj\xde\xdeZ\xab\
,\xd9\x174$\xf4\x09\xe8\x1c\xe2\xaekE\xa5\xad\xed\
\xcd\xddwi\xeal\x83\x0b/\xb5P\x1b\xe0N\xd0\xf4\
`i\x06>\xbb.\xea\xfa\x10\xe6s\xf2\x89\xce\x96\xae\
c\xcce\xe8\xda\xc1+)b\xfdz\x0c\xe7\x5c\xbb\xbb\
\x08\xd1\x94\x8b\xd67!\xd6\x88\xd7\x03\x5c\x85\x88r2\
m\x9c\xa8X\xa3t\xb7\xde(\xb2\x87\xfeZ\xa7A]\
\x8d\xcf\x18\x86\xb5\x09\xcdg\xf2\x99yf\xdd\xd7\x03\xef\
s\xe8n\x93C\xfd<\xba:\xd5h\x83\x80\x83\xa9!\
e\xa2\xdcw\xbe?@:6\xfd\xd3\x1f\x91\xcc\x0e_\
R\xe6K\xd9\xf3\xd1\xa8\x8eP\x9b &W8\x9eB\
\xf2\xcd\xac_\xb8\x91\x82\xe9\xf0}\x1b\x10\x00\x8ax1\
\x1f\x8b\x11\xd1\x11$bb\x0b3\xfa\xef\xaa\x02\x85q\
\xe2A][\x1e\xfa\xf1\xbe\xb6C\xf4\x97\xdd\xde\xb6\x83\
\xd9|\xab\xb0\x8b\xed\xca\xb7z4^\xee\xc9E9\x15\
E\x83\xa61\x80\xc5\xb5\xf4H\xce\xa9,\x90.~\xa3\
Q\xcd;\x8d*C\x88\xcc\x91\x86\x89P\x9b!Ya\
&\xee\xd9\xe8\xfcuD\xea%\x97\x11\xfa\xa6/%\xb2\
\x83\xce0]\xb7^\x87F\xf2\x157\xd8\xbf\xc5\xbc\xf6\
\xbdN\xc9>\xfe\x13\x09\xb0>\x05\xeb_\xa8WAj\
\xfd\x9b\x1aK+r[a0H\xae(5r\x8b\xa2\
\x84F\x0eu\xe2\xb9\xabh\xceE\xa3\xae0\x93\xd8\x9f\
@\xd6\xc0\x9d$uP\xa1}R\xff\xce<\xa8F\x03\
\xe9n\x0c\x19\x94\x95\x02S\x8d/\xc0X\xb9\xe0\x97\xca\
6\xac\x15W2\xc4\xa9\xd1\xe2\xf6M\xd6\x1cs\xf6k\
\xb7\xa2]\xa6LVx\xd2\xa7\xd0Q\xd5\xa6%\x115\
\xc4~\xee\xc3\xd4\xf1\x96\x1b\x97\xdc\xad(\x0b\xe4\x83j\
P\xa6\xc4\xb0\x00\x96\x95\x9b\xd9\x08xL\x83@\x1c^\
*\x80V\x8f\x8a\xc1\xa3e\x92]\x0bFT/{\xb5\
#\x9b05S\x17\xcf}\xca!O\xe5qFe\xf1\
^\xb2<X\xafC\xa9f\xc6\xf2\x91\x05\x03\x96R\x07\
x\xf9Nq\x1d\xb0\xef~\xdf\xaff\xc5w%\xa77\
K\x03\x8f)\x19\x87sM\x82S\x95\xaa\xda\xa8\x95\xcd\
\xa1\xe4\xb6\x87\x90\x1b'\x12\xa5k\xcel&\xde9\xed\
C\xa0\x90\xe2w\xf9\x02tm0\x19\xb1K\xb8\x99\x88\
\xbd\xf5\xad\x13\xe6Z\x86uo\xae\x86\x22\x8e\xfb\xd5\xbf\
bT\xceL\x98\x9b\xbf\x0c\xd0\x92\xff\xea_\x93\x95\x87\
'\x90T\xcf\x98\xb8\xd1\x0f~\xdf\xab/$\x16\xc6\x83\
\x0a\x01\x10i(c=\x90\xea7`\x08\xa7[\xbb\xdb\
\xed\xf0\xad\xe2\xc1\x8e\xdc%\xb9\xe01\xc2AK\x84L\
O\xf5\x8d\x1c\xe8CD\xae3\xbct\xbd{0\x07\x90\
lr\xea\x15F MC\xdd\x8f\x96\xd6\xadj\x95]\
\x18\xb6\xbc-\xb62ly\xb0\x9e\x8d\xcf\xd1\xa6\xca\xda\
\xcf\xd8\x9b\xb6F\x863rD\xba}\x95\xf3I\x8f?\
\x0a!2\xdb\xed\xf7\xc5y\xfb\x03\x8b\xf9\xac\x01\x9f\x0a\
`$tB\xff\x11]\x9d\xf9\x9cX\xb9\xde\x12\x14\xc7\
\xf2a\x05\x96t\xd4g\xe7Saf\x15B'\xa3Z\
\x02\x063\xb9\x99\xd3J\xea\x0a\xe0j\xc4N\x99\xd0\x22\
!\xaf\x5c1\x8e\xaf9\x1d<\xd3\x9f]\x7f\xeb\xe5\xb3\
\xf8h\xcd\xee~\xbf\xcc\xda\x94\xba@u\x19\xe7\xabW\
\xa8w\x1dM\x03\x8d1\x13\xc6\xa0\x18\x13\xd8`\x82\x83\
\xea\xf3\xf3f\xaa\xb8\x82\xcf,\x5c\x1e+\xace0\xfa\
N\xd8\xc1~\xf5\xae\x89\xf8\xa5\xbb\xc3\x04m]qH\
\xc7\x0f[\x05\x8c\x8a\xefx\x1c\xec\xa1o\x8b$\xc0\xd1\
\xd4\xdf\x16\xfbOj\xb6>\xb4\xd893\x86\x88\xe0\xa6\
x\xdb\x99x\xc4\xffO^\x15\xf3\xff5o\xee\x06q\
:1\x13\xab\xe0\x0d\xfcV\xd3\xb5\x8cB\xb2p\xafI\
\x80]\xaf\xa3\x17(7VA\x0f\xe2\xa9\x13\x1c4T\
\xc0\x1c\xd4cT\xbfs\x98\x04\x02\x06t\xa8y\x9a.\
](\x9e\x18\x1d\xe0\x01l\xcey\x8c\xd5V\xefr\xfc\
1\xb5.\xff\xf8\x11\xe8\x9c*!C\x977m7\x8d\
\x8a\x16\xad\x81\xdb\xa9\xfcT*\xf7\x86U\xde\xaa\xfc2\
\x91\xb5\x953\xbf:\xb1\x88\xd5\xe8\x9bF\xdb\x1d\x8c\x0d\
\xdcb\xfb3\xaa\xdc\xeb\xd1l\xf7\xa2\xcdZw\xfe]\
\xf2\x99\x8f1\xe1\xb2\x81\xb1\x8aK8`>\xc7\xf7\xa6\
9\xcc\xc4 q\x9b\x94\xaaW\xa7l\x19j\x82es\
\x97\x80$\x95\x02\xff.\xd2\xb6\xbe\xb1\xe8\xb4\xb3\x83N\
\xa7s\xc2\x11\xf90\xf1B0^\xe2\xba\xf1\x09e>\
a\x1cq\x8a\x08\x9e,\xd0\x8a\xba\x82\x9dH^g\x87\
\x16\x98#p\xda\x88\xdeA#'AuACN\x8e\
\x18\xc1Y\xe1\xb0\x8c\xce\xad\x82\xec\x06\xc1uYT\xab\
h{\x22\xe7(x\x5c\xd5A\x03\xc0h\x192i\xf9\
V^\x900Z\xb8\x93\xf7>\x10\xcel>\x09\x19\xa7\
l\xb8\xc0+\x22w\x1b\x0a\x84o);\x91?\x9bM\
\xa9\x7f\xa5\xee\x11\x8c\x0a\xe1B\xda\x87\xf7\x1cd\xebZ\
v\xb4\x05\xf0\xe7@O\xc1\xc9mC\x18\x1bp\xa76\
\x19z\xe2\xcf:\xfc\x91\x0bDk1\xc8R}\xba\xe5\
c.#\xb5\xe3N>\x13\xad\x86[\xa4W\x1eZr\
\xe7\x86\xb4\xe7\x0e\xe4\xb7\x9f\x15o\x1a\xa8\xcf\x17\xc2!\
U>\xd8\x04\x93*\xf5\x22oE\x1a\x10\xac\xaci\x11\
\xad\xde\xbcv\xf1|mo\x80\xfe@\x1dHw7&\
ec\xa4;^\x8bt\xb1\xa1\xee\x86v\x96Bg\xa1\
\xf0\x8f\x84~\xa6\xe8u\xa0\xb6]\x1a\xcdG\xa2\xbe\x19\
\x19,#\xa2\xfe\xf7\xf1\xdf\x00Y\x81\xf6\
\x00\x00\xe1\xc4\
\x00\
\x01\x00\x00\x00\x10\x01\x00\x00\x04\x00\x00GDEFd\
H[\x96\x00\x00\x02$\x00\x00\x02\x80GPOS\x15\
\xa5\xea\x08\x00\x000\xcc\x00\x00J\xc4GSUB\xc8\
\xf6\x01\x9c\x00\x00\x19\xa0\x00\x00\x084OS/2`\
\xc6Gf\x00\x00\x01\xc4\x00\x00\x00`STATy\
\x93j\x1f\x00\x00\x01`\x00\x00\x00*cmap\xdc\
\x8ds\xff\x00\x00\x08\xa8\x00\x00\x04Lgasp\x00\
\x00\x00\x10\x00\x00\x01\x14\x00\x00\x00\x08glyf\x10\
r\x90\x97\x00\x00{\x90\x00\x00f4head\x19\
\xa4\xc3\xb0\x00\x00\x01\x8c\x00\x00\x006hhea\x08\
N\x04\x97\x00\x00\x01<\x00\x00\x00$hmtxR\
yey\x00\x00\x11\xa0\x00\x00\x08\x00loca\x05\
\x19\xea\x9a\x00\x00\x04\xa4\x00\x00\x04\x02maxp\x02\
\x12\x00\xb8\x00\x00\x01\x1c\x00\x00\x00 name~\
A\xadV\x00\x00\x0c\xf4\x00\x00\x04\xaapost\xc2\
\xdd\x18\xbb\x00\x00!\xd4\x00\x00\x0e\xf5preph\
\x06\x8c\x85\x00\x00\x01\x0c\x00\x00\x00\x07\xb8\x01\xff\x85\xb0\
\x04\x8d\x00\x00\x01\x00\x01\xff\xff\x00\x0f\x00\x01\x00\x00\x02\
\x00\x00d\x00\x07\x00Q\x00\x07\x00\x01\x00\x00\x00\x00\x00\
\x00\x00\x00\x00\x00\x00\x00\x00\x03\x00\x02\x00\x01\x00\x00\x03\
\xca\xfe\xde\x00\x00\x05.\xff\x8d\xfe\x8a\x04\xf4\x00\x01\x00\
\x00\x00\x00\x00\x00\x00\x00\x00\x00\x00\x00\x00\x00\x02\x00\x00\
\x01\x00\x01\x00\x08\x00\x01\x00\x00\x00\x14\x00\x01\x00\x00\x00\
\x1c\x00\x02wght\x01\x00\x00\x00\x00\x02\x00\x01\x00\
\x00\x00\x02\x01\x04\x01\x90\x00\x00\x00\x00\x00\x01\x00\x00\x00\
\x02\x00\x00F\x88\xd6\xfa_\x0f<\xf5\x00\x03\x03\xe8\x00\
\x00\x00\x00\xdb\x04gw\x00\x00\x00\x00\xdb\x07\x17\xd6\xff\
\x8d\xfe\xe4\x04\xf4\x04\x9c\x00\x00\x00\x06\x00\x02\x00\x00\x00\
\x00\x00\x00\x00\x04\x02N\x01\x90\x00\x05\x00\x00\x02\x8a\x02\
X\x00\x00\x00K\x02\x8a\x02X\x00\x00\x01^\x002\x01\
@\x00\x00\x00\x00\x00\x00\x00\x00\x00\x00\x00\x00\xa0\x00\x00\
oP\x00\x00K\x00\x01\x00\x00\x00\x00\x00\x00NON\
E\x00\xc0\x00\x00\xfb\x02\x03\xca\xfe\xde\x00\x00\x04\xc4\x01\
@\x00\x00\x00\x93\x00\x00\x00\x00\x02\x16\x02\xda\x00\x00\x00\
 \x00\x03\x00\x01\x00\x02\x00\xbe\x00\x00\x00\x0e\x00\x00\x02\
6\x00 \x00\x0e\x00\xa8\x00\xa0\x00\x92\x00\x84\x00z\x00\
l\x00^\x00P\x00H\x00D\x00<\x00\xa8\x004\x00\
0\x00\x02\x00\x02\x00\xfc\x01\x07\x00\x00\x01\x0c\x01\x0d\x00\
\x0c\x00\x01\x00l\x00\x01\x00\x04\x00\x01\x01H\x00\x01\x00\
\x04\x00\x01\x01L\x00\x01\x002\x00\x01\x00\x04\x00\x01\x01\
Y\x00\x02\x00\x0a\x00\x06\x00\x01\x02\xa9\x00\x01\x01T\x00\
\x02\x00\x0a\x00\x06\x00\x01\x02\x9b\x00\x01\x01M\x00\x02\x00\
\x0a\x00\x06\x00\x01\x02\x8d\x00\x01\x01Q\x00\x02\x00\x22\x00\
\x06\x00\x01\x02\xb2\x00\x02\x00\x0a\x00\x06\x00\x01\x02\xa4\x00\
\x01\x01R\x00\x02\x00\x0a\x00\x06\x00\x01\x02\x9f\x00\x01\x01\
O\x00\x01\x00\x04\x00\x01\x01V\x00\x01\x00\x04\x00\x01\x01\
K\x00\x02\x00>\x00\x02\x00\x02\x00\x01\x00\x04\x00\x0d\x00\
\x01\x00\x0f\x00 \x00\x01\x00\x22\x00$\x00\x01\x00&\x00\
*\x00\x01\x00,\x00L\x00\x01\x00N\x00N\x00\x01\x00\
P\x00T\x00\x01\x00V\x00^\x00\x01\x00a\x00u\x00\
\x01\x00w\x00\x81\x00\x01\x00\x83\x00\x87\x00\x01\x00\x89\x00\
\x95\x00\x01\x00\x97\x00\x98\x00\x03\x00\x99\x00\x99\x00\x01\x00\
\x9b\x00\x9c\x00\x01\x00\x9e\x00\x9f\x00\x01\x00\xa4\x00\xa4\x00\
\x01\x00\xb0\x00\xb1\x00\x03\x00\xb4\x00\xb5\x00\x01\x00\xb6\x00\
\xb6\x00\x03\x00\xb8\x00\xb8\x00\x03\x00\xb9\x00\xbc\x00\x01\x00\
\xbe\x00\xbf\x00\x03\x00\xc3\x00\xc4\x00\x03\x00\xc7\x00\xc9\x00\
\x03\x00\xcd\x00\xcd\x00\x01\x00\xd0\x00\xd1\x00\x01\x00\xd4\x00\
\xd5\x00\x03\x00\xdb\x00\xdc\x00\x03\x00\xdd\x00\xe4\x00\x01\x00\
\xea\x00\xea\x00\x01\x00\xef\x00\xf0\x00\x01\x00\xf4\x00\xf4\x00\
\x01\x00\xfc\x01\x07\x00\x02\x01\x0c\x01\x0d\x00\x02\x01\x14\x01\
\x18\x00\x01\x01\x1b\x01\x1c\x00\x03\x01'\x01(\x00\x01\x01\
)\x01*\x00\x03\x01-\x017\x00\x01\x019\x01D\x00\
\x01\x01H\x01I\x00\x01\x01L\x01M\x00\x03\x01T\x01\
U\x00\x01\x01W\x01X\x00\x01\x01]\x01]\x00\x01\x01\
_\x01c\x00\x01\x01e\x01f\x00\x03\x01g\x01i\x00\
\x01\x01s\x01t\x00\x01\x01\x8f\x01\x96\x00\x01\x01\x9b\x01\
\x9c\x00\x03\x01\x9d\x01\xa2\x00\x01\x01\xb7\x01\xb8\x00\x03\x01\
\xb9\x01\xc2\x00\x01\x01\xcb\x01\xcc\x00\x03\x01\xd3\x01\xe2\x00\
\x01\x01\xe4\x01\xe9\x00\x01\x01\xeb\x01\xef\x00\x01\x01\xf1\x01\
\xf4\x00\x01\x01\xf7\x01\xfb\x00\x01\x00\x01\x00\x02\x00\x00\x00\
>\x00\x00\x00\x0c\x00\x01\x00\x17\x00\x97\x00\x98\x00\xb0\x00\
\xb1\x00\xb6\x00\xb8\x00\xc3\x00\xc4\x00\xc9\x00\xd4\x00\xd5\x00\
\xdb\x00\xdc\x01\x1b\x01\x1c\x01)\x01*\x01L\x01M\x01\
\x9b\x01\x9c\x01\xcb\x01\xcc\x00\x01\x00\x04\x00\xbe\x00\xbf\x00\
\xc7\x00\xc8\x00\x00\x00?\x00?\x00]\x00\x8f\x00\x9b\x00\
\xa7\x00\xb3\x00\xbf\x00\xcb\x00\xd7\x00\xe3\x00\xef\x00\xff\x01\
\x0b\x01J\x01\x81\x01\x8d\x01\x99\x01\xa5\x01\xb1\x01\xbd\x01\
\xea\x01\xf6\x01\xfe\x02\x1e\x02*\x026\x02B\x02N\x02\
Z\x02f\x02r\x02~\x02\xa8\x02\xb4\x02\xbf\x02\xcb\x02\
\xe5\x03%\x031\x03=\x03I\x03U\x03\xdd\x03\xf7\x04\
\x18\x04$\x04>\x04I\x04U\x04`\x04k\x04v\x04\
\x81\x04\x8c\x04\x97\x04\xa2\x04\xae\x04\xb9\x04\xc4\x04\xcf\x04\
\xda\x04\xe5\x04\xf0\x04\xfb\x05\x06\x05-\x05M\x05Y\x05\
e\x05\x82\x05\x8e\x05\xa0\x05\xab\x05\xb7\x05\xc3\x05\xe3\x06\
\x01\x06\x1c\x06\x1c\x06(\x064\x06@\x06L\x06\x88\x06\
\xd7\x06\xe3\x06\xef\x06\xfb\x07\x07\x07\x13\x07\x1f\x07+\x07\
o\x07{\x07\xa4\x07\xcf\x08\x1b\x08`\x08\x91\x08\xbf\x08\
\xcb\x08\xd7\x08\xe3\x08\xef\x08\xfb\x09\x07\x09M\x09Y\x09\
e\x09q\x09}\x09\x89\x09\x9c\x09\xb7\x09\xc2\x09\xce\x09\
\xda\x0a\x03\x0a'\x0a3\x0a?\x0aK\x0aW\x0ac\x0a\
o\x0a{\x0a\x87\x0a\x93\x0a\x9f\x0a\xb6\x0a\xdd\x0a\xe9\x0a\
\xf5\x0b\x01\x0b\x0d\x0b.\x0bL\x0bX\x0bd\x0bp\x0b\
|\x0b\x9b\x0b\xa7\x0b\xb3\x0b\xbf\x0c\x02\x0c\x0e\x0c\x19\x0c\
$\x0c,\x0c9\x0cF\x0cQ\x0c\xbf\x0c\xcb\x0c\xd7\x0d\
)\x0d5\x0dA\x0dU\x0d~\x0d\xac\x0e'\x0e2\x0e\
q\x0e\x7f\x0e\x8c\x0e\xbd\x0e\xee\x0e\xf9\x0f\x04\x0f\x1c\x0f\
4\x0f?\x0fJ\x0fd\x0f\x81\x0f\x95\x0f\xa1\x0f\xd6\x0f\
\xe2\x0f\xf4\x10\x01\x10\x13\x10\x1f\x10+\x107\x10C\x10\
K\x10p\x10\x95\x10\xd4\x11\x13\x11\x1b\x11-\x11?\x11\
K\x11Y\x11c\x11\x87\x11\xac\x12\x0b\x12]\x12\xaf\x12\
\xee\x13\x08\x13.\x13:\x13F\x13r\x13z\x13\x86\x13\
\x92\x13\xab\x13\xc4\x13\xd2\x14!\x14p\x14\x86\x14\x9c\x14\
\xd6\x14\xe2\x14\xee\x14\xfa\x15\x06\x15\x12\x15\x1e\x15*\x15\
\x83\x15\x8c\x15\xd6\x16/\x16?\x16K\x16W\x16d\x16\
p\x16}\x16\xb0\x16\xbc\x16\xcf\x16\xe2\x176\x17B\x17\
{\x17\xb4\x17\xc6\x17\xd1\x17\xdc\x17\xf8\x18\x19\x18D\x18\
z\x18\xc1\x19\x12\x19c\x19\xbf\x19\xf6\x1a=\x1a\x7f\x1a\
\xc6\x1a\xfe\x1b;\x1bw\x1b\x80\x1b\xb5\x1b\xf2\x1c\x1b\x1c\
M\x1ch\x1cq\x1c\x8a\x1c\xa5\x1c\xae\x1c\xbd\x1d\x0e\x1d\
\x1a\x1d&\x1d2\x1d>\x1d\x8e\x1d\x96\x1d\xa3\x1d\xb0\x1d\
\xc9\x1d\xe9\x1d\xf5\x1e\x01\x1e\x0b\x1e\x15\x1e'\x1e9\x1e\
C\x1eM\x1ep\x1e|\x1e\x8f\x1e\xa2\x1e\xae\x1e\xbb\x1e\
\xdd\x1e\xe8\x1e\xf3\x1e\xfe\x1f\x09\x1f\x14\x1f&\x1f1\x1f\
<\x1fG\x1fR\x1f\x7f\x1f\x8a\x1f\xa7\x1f\xc2\x1f\xce\x1f\
\xe0\x1f\xf7 \x02 \x0d \x19 % 0 ; \
E e v \x95 \xb9 \xf4 \xfc!\x08!\
\x14!N![!h!v!\x8e!\xa6!\xc9!\
\xd5!\xd5!\xe1!\xed!\xf7\x22\x00\x22>\x22H\x22\
T\x22u\x22\xad\x22\xb9\x22\xc5\x22\xd1\x22\xdd#E#\
h#\x8c#\x98#\xa4#\xb0#\xc0#\xc9#\xd9#\
\xf0$\x00$\x10$\x19$Z$\x8e$\xce$\xda%\
\x19%:%Y%x%\x83%\x8e%\xec%\xf7&\
\x00&\x09&\x8e&\xa1&\xb5&\xcf'\x0f'A'\
K'U'a'j't'\x80'\x8a'\xb3'\
\xbc'\xc9'\xe1'\xfb(\x07(\x13(\x1e()(\
4(?(\x99(\xf1)J)R)x)\x9e)\
\xdc)\xe8)\xf3)\xff*\x0a*\x16*\x22*\x92*\
\x9e*\xb8*\xc1*\xda*\xf4+\x0e+(+p+\
y+\xb8+\xff,\x0d,\x19,>,c,c,\
\x95,\xc7,\xd4,\xe0,\xff-'-2-=-\
I-U-`-l-x-\x84-\xc4-\xfe.\
\x07.:.t.\x84.\x8d.\x95.\xbc.\xe3/\
\x10/F/O/\x80/\xb6/\xbf/\xe30\x040\
\x100\x1c0(040@0L0X0d0\
p0|0\x880\x940\xa00\xac0\xb80\xc40\
\xd00\xdc0\xe80\xf41\x001\x191E1Q1\
]1i1u1\x931\xba1\xc61\xd11\xdc2\
\x07232?2]2i2t2\x802\xb02\
\xb92\xe63\x1a\x00\x00\x00\x00\x00\x02\x00\x00\x00\x03\x00\
\x00\x00\x14\x00\x03\x00\x01\x00\x00\x00\x14\x00\x04\x048\x00\
\x00\x00X\x00@\x00\x05\x00\x18\x00\x00\x00\x0d\x00~\x01\
#\x011\x017\x01>\x01H\x01~\x01\xfa\x02\x1b\x02\
7\x02\xc6\x02\xda\x02\xdc\x03\x04\x03\x08\x03\x0c\x03\x12\x03\
(\x036\x17\xdb\x1e\x85\x1e\x9e\x1e\xbd\x1e\xf3 \x14 \
\x1a \x1e \x22 & 0 3 : D \
t \xac!\x22\x22\x12\x22\x15\x22e\xe0\x00\xfb\x02\xff\
\xff\x00\x00\x00\x00\x00\x0d\x00 \x00\xa0\x01&\x014\x01\
9\x01A\x01J\x01\xfa\x02\x18\x027\x02\xc6\x02\xda\x02\
\xdc\x03\x00\x03\x06\x03\x0a\x03\x12\x03&\x035\x17\xdb\x1e\
\x80\x1e\x9e\x1e\xbc\x1e\xf2 \x13 \x18 \x1c   \
& 0 2 9 D t \xac!\x22\x22\
\x12\x22\x15\x22d\xe0\x00\xfb\x01\xff\xff\x00O\xff\xf4\x00\
\x00\x00\x00\x00\x00\x00\x00\x00\x00\x00\x00\x00\x00\xfe\x12\x00\
\x00\xff\x03\xfd\xfc\xfe\xc0\xfe\xee\x00\x00\x00\x00\x00\x00\xfd\
\xb7\x00\x00\x00\x00\xe9\xbd\x00\x00\xe1\x8d\x00\x00\x00\x00\x00\
\x00\xe1s\x00\x00\x00\x00\xe0\xc3\xe1O\x00\x00\x00\x00\xe0\
\xcf\xe0\x9e\xe0I\xe0\xab\xdf=\xde\xc3\x00\x00!\xb2\x00\
\x00\x00\x01\x00\x00\x00\x00\x00T\x01\x10\x02\x16\x02,\x02\
2\x02<\x02J\x00\x00\x02\xb0\x00\x00\x00\x00\x00\x00\x00\
\x00\x02\xae\x02\xb6\x02\xba\x00\x00\x02\xbc\x02\xc0\x00\x00\x02\
\xc0\x00\x00\x02\xc8\x02\xca\x02\xcc\x00\x00\x02\xcc\x02\xd0\x00\
\x00\x00\x00\x02\xd0\x02\xd2\x00\x00\x00\x00\x00\x00\x00\x00\x00\
\x00\x00\x00\x02\xc8\x00\x00\x02\xc8\x00\x00\x01\xb4\x00\xf7\x01\
\x87\x01^\x00\xd9\x01{\x00\x9d\x01\x8e\x01w\x01y\x00\
\xa2\x01\x80\x00\xc6\x01+\x01|\x01\xb0\x01\xfc\x01j\x01\
\xce\x01\xc4\x01\x0e\x01\x08\x01\xac\x01\xa6\x00\xe5\x01Y\x00\
\xc5\x01\xa5\x01E\x00\xf1\x01\x1d\x01\x84\x00\xa3\x00\x02\x00\
\x0e\x00\x0f\x00\x15\x00\x18\x00%\x00&\x00,\x00.\x00\
B\x00F\x00H\x00M\x00N\x00T\x00_\x00a\x00\
c\x00k\x00q\x00w\x00\x82\x00\x83\x00\x88\x00\x89\x00\
\x8e\x00\xac\x00\xa6\x00\xae\x00\xa0\x01\xe3\x01\x1a\x00\x92\x00\
\xa5\x00\xb4\x00\xcd\x00\xdd\x00\xfa\x01\x14\x01'\x01-\x01\
8\x01;\x01=\x01J\x01T\x01_\x01u\x01\x83\x01\
\x8f\x01\x9d\x01\xb9\x01\xd3\x01\xea\x01\xeb\x01\xf0\x01\xf1\x01\
\xf8\x00\xa8\x00\xa7\x00\xaa\x00\xa1\x01V\x00\xf8\x00\xc0\x01\
\xb5\x00\xcb\x01\xf5\x00\xb2\x01\xa4\x00\xd3\x00\xca\x01q\x01\
\x1f\x01G\x01\xb1\x01\x97\x01K\x00\xd2\x01\x82\x01\xd2\x01\
\xc9\x00\x96\x01N\x01v\x01}\x00\xbd\x01p\x01r\x01\
!\x01o\x01n\x01\xc8\x01\x85\x00\x08\x00\x04\x00\x06\x00\
\x0d\x00\x07\x00\x0b\x00\x03\x00\x12\x00\x1f\x00\x19\x00\x1c\x00\
\x1d\x00:\x000\x004\x006\x00#\x00S\x00Z\x00\
V\x00X\x00^\x00Y\x01R\x00]\x00|\x00x\x00\
z\x00{\x00\x8a\x00v\x01\x19\x00\x9b\x00\x93\x00\x95\x00\
\xa4\x00\x99\x00\x9f\x00\x9a\x00\xba\x00\xe4\x00\xde\x00\xe1\x00\
\xe2\x014\x01.\x010\x011\x00\xf3\x01]\x01g\x01\
`\x01b\x01t\x01c\x00\xd6\x01s\x01\xdd\x01\xd5\x01\
\xd9\x01\xdb\x01\xf2\x01\xc3\x01\xf4\x00\x09\x00\x9c\x00\x05\x00\
\x94\x00\x0a\x00\x9e\x00\x10\x00\xb5\x00\x13\x00\xbb\x00\x14\x00\
\xbc\x00\x11\x00\xb9\x00\x16\x00\xd0\x00\x17\x00\xd1\x00 \x00\
\xea\x00\x1a\x00\xdf\x00\x1e\x00\xe3\x00\x22\x00\xf0\x00\x1b\x00\
\xe0\x00(\x01\x16\x00'\x01\x15\x00*\x01\x18\x00)\x01\
\x17\x00-\x01(\x00@\x017\x00<\x015\x002\x01\
/\x00>\x016\x008\x013\x00D\x019\x00G\x01\
<\x00I\x01?\x00K\x01C\x00J\x01A\x00L\x01\
H\x00P\x01U\x00R\x01X\x00Q\x01W\x00!\x00\
\xef\x00\x5c\x01i\x00W\x01a\x00[\x01h\x00U\x01\
d\x00e\x01\x91\x00i\x01\x95\x00g\x01\x93\x00l\x01\
\x9e\x00o\x01\xa1\x00n\x01\xa0\x00m\x01\x9f\x00t\x01\
\xbf\x00s\x01\xbd\x00r\x01\xbb\x00\x81\x01\xe8\x00~\x01\
\xe1\x00y\x01\xd7\x00\x80\x01\xe6\x00}\x01\xdf\x00\x7f\x01\
\xe4\x00\x85\x01\xed\x00\x8b\x01\xf3\x00\x8c\x00\x8f\x01\xf9\x00\
\x91\x01\xfb\x00\x90\x01\xfa\x00p\x01\xa2\x00u\x01\xc1\x01\
\x1b\x00\x97\x00\xc3\x01\xcb\x01L\x00\xb0\x00\xdb\x00\xd4\x01\
\x9b\x01)\x00\xb6\x00\xc7\x00\xbe\x01e\x01\xb8\x01\xb7\x00\
\x87\x01\xef\x00\x84\x01\xec\x00\x86\x01\xee\x00$\x00\xf4\x00\
\x8d\x01\xf7\x00\xed\x00\xeb\x01\x89\x01\x8a\x01\x88\x00\xce\x00\
\xcf\x00\xb3\x01Q\x01\xa3\x01#\x01%\x01F\x01\x1e\x01\
\x06\x01\x0c\x00\x00\x00\x15\x01\x02\x00\x03\x00\x01\x04\x09\x00\
\x00\x00\x9e\x03\x0a\x00\x03\x00\x01\x04\x09\x00\x01\x00\x08\x03\
\x02\x00\x03\x00\x01\x04\x09\x00\x02\x00\x0e\x02\xf4\x00\x03\x00\
\x01\x04\x09\x00\x03\x00.\x02\xc6\x00\x03\x00\x01\x04\x09\x00\
\x04\x00\x18\x02\xae\x00\x03\x00\x01\x04\x09\x00\x05\x00\x1a\x02\
\x94\x00\x03\x00\x01\x04\x09\x00\x06\x00\x18\x02|\x00\x03\x00\
\x01\x04\x09\x00\x08\x00\x1e\x02^\x00\x03\x00\x01\x04\x09\x00\
\x09\x00D\x02\x1a\x00\x03\x00\x01\x04\x09\x00\x0b\x006\x01\
\xe4\x00\x03\x00\x01\x04\x09\x00\x0c\x000\x01\xb4\x00\x03\x00\
\x01\x04\x09\x00\x0d\x01\x22\x00\x92\x00\x03\x00\x01\x04\x09\x00\
\x0e\x006\x00\x5c\x00\x03\x00\x01\x04\x09\x01\x00\x00\x0c\x00\
P\x00\x03\x00\x01\x04\x09\x01\x01\x00\x08\x00H\x00\x03\x00\
\x01\x04\x09\x01\x02\x00\x14\x004\x00\x03\x00\x01\x04\x09\x01\
\x03\x00\x0a\x00*\x00\x03\x00\x01\x04\x09\x01\x04\x00\x0e\x02\
\xf4\x00\x03\x00\x01\x04\x09\x01\x05\x00\x10\x00\x1a\x00\x03\x00\
\x01\x04\x09\x01\x06\x00\x08\x00\x12\x00\x03\x00\x01\x04\x09\x01\
\x07\x00\x12\x00\x00\x00E\x00x\x00t\x00r\x00a\x00\
B\x00o\x00l\x00d\x00B\x00o\x00l\x00d\x00\
S\x00e\x00m\x00i\x00B\x00o\x00l\x00d\x00\
L\x00i\x00g\x00h\x00t\x00E\x00x\x00t\x00\
r\x00a\x00L\x00i\x00g\x00h\x00t\x00T\x00\
h\x00i\x00n\x00W\x00e\x00i\x00g\x00h\x00\
t\x00h\x00t\x00t\x00p\x00s\x00:\x00/\x00\
/\x00s\x00c\x00r\x00i\x00p\x00t\x00s\x00\
.\x00s\x00i\x00l\x00.\x00o\x00r\x00g\x00\
/\x00O\x00F\x00L\x00T\x00h\x00i\x00s\x00\
 \x00F\x00o\x00n\x00t\x00 \x00S\x00o\x00\
f\x00t\x00w\x00a\x00r\x00e\x00 \x00i\x00\
s\x00 \x00l\x00i\x00c\x00e\x00n\x00s\x00\
e\x00d\x00 \x00u\x00n\x00d\x00e\x00r\x00\
 \x00t\x00h\x00e\x00 \x00S\x00I\x00L\x00\
 \x00O\x00p\x00e\x00n\x00 \x00F\x00o\x00\
n\x00t\x00 \x00L\x00i\x00c\x00e\x00n\x00\
s\x00e\x00,\x00 \x00V\x00e\x00r\x00s\x00\
i\x00o\x00n\x00 \x001\x00.\x001\x00.\x00\
 \x00T\x00h\x00i\x00s\x00 \x00l\x00i\x00\
c\x00e\x00n\x00s\x00e\x00 \x00i\x00s\x00\
 \x00a\x00v\x00a\x00i\x00l\x00a\x00b\x00\
l\x00e\x00 \x00w\x00i\x00t\x00h\x00 \x00\
a\x00 \x00F\x00A\x00Q\x00 \x00a\x00t\x00\
:\x00 \x00h\x00t\x00t\x00p\x00s\x00:\x00\
/\x00/\x00s\x00c\x00r\x00i\x00p\x00t\x00\
s\x00.\x00s\x00i\x00l\x00.\x00o\x00r\x00\
g\x00/\x00O\x00F\x00L\x00h\x00t\x00t\x00\
p\x00:\x00/\x00/\x00w\x00w\x00w\x00.\x00\
b\x00a\x00r\x00n\x00b\x00r\x00o\x00o\x00\
k\x00.\x00n\x00e\x00t\x00h\x00t\x00t\x00\
p\x00s\x00:\x00/\x00/\x00f\x00o\x00n\x00\
t\x00s\x00.\x00b\x00a\x00r\x00n\x00b\x00\
r\x00o\x00o\x00k\x00.\x00n\x00e\x00t\x00\
J\x00o\x00n\x00a\x00t\x00h\x00a\x00n\x00\
 \x00B\x00a\x00r\x00n\x00b\x00r\x00o\x00\
o\x00k\x00,\x00 \x00J\x00u\x00l\x00i\x00\
\xe1\x00n\x00 \x00M\x00o\x00n\x00c\x00a\x00\
d\x00a\x00B\x00a\x00r\x00n\x00b\x00r\x00\
o\x00o\x00k\x00 \x00F\x00o\x00n\x00t\x00\
s\x00S\x00o\x00r\x00a\x00-\x00R\x00e\x00\
g\x00u\x00l\x00a\x00r\x00V\x00e\x00r\x00\
s\x00i\x00o\x00n\x00 \x002\x00.\x000\x00\
0\x000\x00S\x00o\x00r\x00a\x00 \x00R\x00\
e\x00g\x00u\x00l\x00a\x00r\x002\x00.\x00\
0\x000\x000\x00;\x00N\x00O\x00N\x00E\x00\
;\x00S\x00o\x00r\x00a\x00-\x00R\x00e\x00\
g\x00u\x00l\x00a\x00r\x00R\x00e\x00g\x00\
u\x00l\x00a\x00r\x00S\x00o\x00r\x00a\x00\
C\x00o\x00p\x00y\x00r\x00i\x00g\x00h\x00\
t\x00 \x002\x000\x001\x009\x00 \x00T\x00\
h\x00e\x00 \x00S\x00o\x00r\x00a\x00 \x00\
P\x00r\x00o\x00j\x00e\x00c\x00t\x00 \x00\
A\x00u\x00t\x00h\x00o\x00r\x00s\x00 \x00\
(\x00h\x00t\x00t\x00p\x00s\x00:\x00/\x00\
/\x00g\x00i\x00t\x00h\x00u\x00b\x00.\x00\
c\x00o\x00m\x00/\x00s\x00o\x00r\x00a\x00\
-\x00x\x00o\x00r\x00/\x00s\x00o\x00r\x00\
a\x00-\x00f\x00o\x00n\x00t\x00)\x00\x00\x03\
[\x00Z\x02X\x00\x00\x02\xf4\x00\x1c\x03\xcc\x00\x0c\x02\
\xf4\x00\x1c\x02\xf4\x00\x1c\x02\xf4\x00\x1c\x02\xf4\x00\x1c\x02\
\xf4\x00\x1c\x02\xf4\x00\x1c\x02\xf4\x00\x1c\x02\xf4\x00\x1c\x02\
\xf4\x00\x1c\x02\xf4\x00\x1c\x02\xa8\x00j\x03\x1b\x008\x03\
\x1b\x008\x03\x1b\x008\x03\x1b\x008\x03\x1b\x008\x03\
\x1b\x008\x03\x17\x00j\x03\x17\x00j\x03\x17\x00\x16\x02\
X\x00j\x02X\x00j\x02X\x00j\x02X\x00j\x02\
X\x00j\x02X\x00j\x02X\x00j\x02X\x00j\x02\
X\x00j\x03Q\x00j\x02X\x00j\x03\x17\x00\x16\x02\
X\x00j\x020\x00j\x03?\x008\x03?\x008\x03\
?\x008\x03?\x008\x03?\x008\x05.\x008\x03\
$\x00j\x03$\x00*\x01:\x00l\x01\xc0\x00X\x01\
:\x00c\x01\xc0\x00X\x01:\xff\xf7\x01\xc0\x00:\x01\
:\xff\xe4\x01\xc0\x00'\x01:\xff\xf2\x01\xc0\x005\x01\
:\x00\x5c\x01\xc0\x00X\x01:\xff\xdd\x01\xc0\x00 \x01\
:\xff\xf7\x01\xc0\x00:\x01:\x00\x22\x01\xc0\x00X\x01\
:\xff\xf3\x01\xc0\x006\x02\x80\x00&\x02J\x006\x02\
\x80\x00&\x02J\x006\x02\xa6\x00j\x02\xa6\x00j\x02\
 \x00j\x02 \x00a\x02 \x00j\x02 \x00j\x02\
 \x00\x1e\x03\x98\x00j\x03Q\x00j\x02X\x00\x00\x03\
Q\x00j\x03Q\x00j\x03Q\x00j\x03Q\x00j\x03\
a\x008\x04!\x008\x03a\x008\x03a\x008\x03\
a\x008\x03a\x008\x03a\x008\x03a\x008\x03\
a\x008\x03a\x008\x03a\x008\x02\x80\x00j\x02\
\x8c\x00j\x03a\x008\x03a\x008\x02\xbc\x00j\x02\
\xc6\x00j\x02\xbc\x00j\x02\xc6\x00j\x02\xbc\x00j\x02\
\xc6\x00j\x02\xbc\x00j\x02\xc6\x00j\x02\xb1\x008\x02\
\xb1\x008\x02\xb1\x008\x02\xb1\x008\x02\xb1\x008\x02\
\xb1\x008\x02R\x00\x1a\x02R\x00\x1a\x02R\x00\x1a\x02\
R\x00\x1a\x02R\x00\x1a\x02n\x00j\x03\x15\x00\x5c\x03\
\x15\x00\x5c\x03\x15\x00\x5c\x03\x15\x00\x5c\x03\x15\x00\x5c\x03\
\x15\x00\x5c\x03\x15\x00\x5c\x03\x15\x00\x5c\x03\x15\x00\x5c\x03\
\x15\x00\x5c\x03\x15\x00\x5c\x02\xc4\x00\x16\x04\x13\x00\x1e\x04\
\x13\x00\x1e\x04\x13\x00\x1e\x04\x13\x00\x1e\x04\x13\x00\x1e\x02\
\xb8\x00\x10\x02\x8c\x00\x10\x02\x8c\x00\x10\x02\x8c\x00\x10\x02\
\x8c\x00\x10\x02\x8c\x00\x10\x02\x8e\x00>\x02\x8e\x00>\x02\
\x8e\x00>\x02\x8e\x00>\x02?\x00.\x02?\x00.\x02\
?\x00.\x02?\x00.\x01,\x00\x00\x00\x00\x00\x00\x00\
\x00\x00\x00\x02?\x00.\x03\xbb\x00.\x02?\x00.\x02\
?\x00.\x02\xb0\x00 \x02?\x00.\x02?\x00.\x02\
<\x00B\x01\xef\x00\x14\x027\x000\x04b\x00B\x02\
?\x00.\x02\xb1\x00\x5c\x01X\x00\x10\x01v\x00\x90\x01\
x\x008\x01x\x008\x01x\x00.\x01x\x00.\x01\
x\x00n\x01x\x00n\x01x\x006\x01x\x006\x00\
\x00\x00\x00\x00\x00\x00\x00\x01v\x00\x90\x01\xb0\x00`\x02\
^\x004\x02^\x004\x00\x00\x00\x00\x00\x00\x00P\x00\
\x00\x00\x00\x02^\x004\x02^\x004\x02^\x004\x02\
^\x004\x01,\x004\x00\x00\x004\x00\x00\x00\x00\x02\
d\x004\x02\xa4\x00S\x01,\x00\x00\x00\x00\x00\x00\x00\
\x00\x00\x00\x01\x06\x00I\x01\x06\x00\x1a\x00\x00\x00\x00\x00\
\x00\x00\x00\x00\x00\x00\x00\x02\xd2\x002\x02\x9a\x00*\x02\
\xa4\x00>\x02\xb1\x004\x02\x22\x000\x02\x22\x000\x02\
\xb1\x004\x02\xb1\x004\x01r\x00\x1c\x01,\x00\x00\x00\
\x00\x00\x00\x00\x00\x00\x00\x02N\x00B\x02\xa4\x00c\x01\
\xaa\x00\x00\x02\x8c\x008\x02\xa4\x00T\x00\x00\x00\x00\x00\
\x00\x00\x00\x02d\x004\x02d\x004\x02d\x004\x02\
d\x004\x02d\x004\x02d\x004\x02d\x004\x02\
d\x004\x02}\x002\x01\x8f\x00\x22\x01\x8f\x00\x22\x02\
\xa4\x00D\x03&\x00T\x02d\x004\x03\x84\x00\x12\x03\
\x84\x00\x12\x02\x00\x00\x12\x02\x00\x00\x12\x02\x80\x00\x5c\x02\
d\x004\x02N\x00B\x02\xa4\x00c\x02\x88\x004\x02\
d\x004\x02\xbc\x00\x12\x02\xa4\x00\x17\x01(\x00Z\x01\
(\x00Z\x01(\x00Z\x01{\x00 \x01v\x00 \x02\
\xd2\x00 \x02\xd4\x00 \x03\xee\x00 \x03\xf6\x00 \x03\
\xef\x00 \x03\xf7\x00 \x03\xe8\x00 \x03\xfd\x00 \x02\
\x98\x00 \x02\x98\x00 \x02\x97\x00 \x02\x96\x00 \x02\
o\x008\x01\x82\x00%\x01\x82\x00%\x02\xa4\x00U\x02\
\x90\x00 \x02\x9e\x00 \x02\x82\x000\x01\x8f\x00\x1d\x01\
\x8f\x00\x1d\x02\xa4\x00>\x01\x8f\x00\x1d\x00\xd8\xff\x8d\x02\
\xa3\x004\x02\xa3\x004\x02\xa3\x004\x02\xa3\x004\x02\
\xa3\x004\x02n\x00$\x01,\x00\x00\x00\x00\x00\x00\x00\
\x00\x00\x00\x02N\x00L\x02N\x00L\x02\x1e\x00(\x02\
\x1e\x00(\x02\x1e\x008\x02\x1e\x004\x01B\x00(\x01\
B\x00(\x01B\x008\x01B\x004\x02\x80\x00\x5c\x02\
\x80\x00\x17\x00\x00\x00\x00\x00\x00\x00\x00\x01\xf8\x00B\x01\
\xf8\x00B\x014\x00$\x014\x00$\x014\xff\xed\x01\
4\xff\xe2\x014\xff\xe4\x014\x00$\x014\x00$\x01\
4\xff\xfb\x014\xff\xfb\x014\x00$\x014\xff\xe8\x01\
=\xff\xfe\x01=\xff\xe8\x01=\xff\xfe\x02=\x00\x5c\x02\
=\x00\x5c\x01\x1e\x00\x18\x012\x00L\x01\x1e\x00\x18\x01\
2\x00B\x01\x1e\x00\x18\x012\x00L\x01\x1e\x00\x18\x01\
2\x00L\x02N\x00L\x02N\x00L\x02c\x00B\x01\
\x1e\x00\x13\x012\x00\x11\x03\xc8\x00\x5c\x01,\x00\x00\x00\
\x00\x00\x00\x00\x00\x00\x00\x02\x9c\x00P\x02N\x00B\x02\
\xa4\x00c\x01\x06\x00<\x02N\x00D\x02\xa4\x00i\x02\
\x80\x00\x5c\x02\x80\x00\x5c\x00\xe4\x00\x00\x02\x80\x00\x5c\x02\
\x80\x00\x5c\x02\x93\x004\x01\x9d\x00 \x01\x9d\x00 \x02\
\xa4\x00<\x02\x80\x00\x5c\x02\xb4\x00$\x02\xa4\x004\x02\
\xa4\x004\x02\xa4\x004\x02\xa4\x004\x02\xa4\x004\x04\
<\x004\x00\x00\x00>\x00\x00\x008\x02\xa4\x004\x02\
\xa4\x004\x02\xa4\x004\x01\xa4\x00*\x01\x06\x00\x1e\x01\
\x06\x00\x1e\x02\xa4\x00\x8a\x03Z\x00\x1e\x036\x00\x1e\x01\
\x06\x00\x1e\x01\x97\x00#\x01\xc6\x00&\x02\xa4\x004\x02\
\xa4\x004\x02\xb1\x00\x5c\x02z\x00\x0a\x01x\x00H\x01\
x\x00J\x01x\x00\x10\x01x\x00\x10\x03R\x00$\x01\
\x06\x00I\x01\x06\x00I\x01\x06\x00I\x04\xd3\x00$\x02\
N\x00B\x02\xa4\x00c\x02b\x00L\x02\xb1\x004\x02\
(\x00(\x02(\x000\x02(\x000\x01\xae\x00Z\x01\
\xb6\x000\x01\xb6\x00*\x01\xb6\x000\x00\xf4\x00*\x00\
\xf4\x000\x00\xf4\x000\x01\x06\x00Z\x01\x9a\x00\x5c\x01\
\xac\x00\x5c\x01\x9a\x00\x5c\x01\xac\x00\x5c\x01\x9a\x00B\x01\
\xac\x00X\x01\x9a\x00Q\x01\xac\x00Q\x02\xa6\x006\x02\
\x04\x00B\x02\xa4\x00\x85\x01,\x00\x00\x00\x00\x00\x00\x00\
\x00\x00\x00\x02\x18\x00-\x02\x18\x00-\x02\x18\x00-\x02\
\x18\x00-\x02\x18\x00-\x02\x18\x00-\x01\xae\x00<\x02\
H\x008\x01\x06\x00\x1e\x02>\x000\x01k\x00\x1e\x01\
k\x00\x1e\x02%\x00\x14\x02\xa4\x00Z\x02\xa4\x00O\x02\
\x93\x00H\x01\x9d\x00+\x01\x9d\x00+\x02\xa4\x00U\x01\
X\x00\x19\x01\xb0\x00<\x038\x00@\x02\xa4\x00\x05\x00\
\xe4\x00\x00\x02p\x00,\x02\xa4\x00S\x00\x00\xff\xdf\x00\
\x00\xff\xe8\x01\xaa\x00\x0e\x01\xd0\x00\x10\x01\xaa\x00\x0e\x01\
\xd0\x00\x10\x01\xaa\x00\x0e\x01\xd0\x00\x10\x01\xaa\x00\x0e\x01\
\xd0\x00\x10\x01\xaa\x00\x0e\x01\xd0\x00\x10\x02\xb1\x00\x5c\x02\
f\x00,\x01|\x00\x1e\x01|\x00\x1e\x02\xa4\x00J\x03\
\x9d\x00\x1e\x01|\x00\x1e\x01,\x00\x00\x00\x00\x00\x00\x00\
\x00\x00\x00\x03Z\x00\x18\x02j\x00D\x01|\x00)\x01\
|\x00)\x02\xa4\x00^\x01|\x00)\x02t\x00P\x02\
l\x00P\x02t\x00P\x02l\x00P\x02t\x00P\x02\
l\x00P\x02t\x00P\x02l\x00P\x02t\x00P\x02\
l\x00P\x02t\x00P\x02l\x00P\x02t\x00P\x02\
l\x00P\x02t\x00P\x02l\x00P\x02@\x00\x00\x02\
t\x00P\x02l\x00P\x02t\x00P\x02l\x00P\x02\
t\x00P\x02l\x00P\x02/\x00\x18\x03P\x00\x1a\x03\
P\x00\x1a\x03P\x00\x1a\x03P\x00\x1a\x03P\x00\x1a\x02\
0\x00\x1c\x02#\x00\x12\x02#\x00\x12\x02#\x00\x12\x02\
#\x00\x12\x02p\x00\x14\x02\xa4\x007\x02#\x00\x12\x01\
\xe8\x006\x01\xe8\x006\x01\xe8\x006\x01\xe8\x006\x02\
\xe7\x00H\x01\xc5\x00-\x01\xc5\x00-\x02\xa4\x00K\x00\
\x01\x00\x00\x00\x0a\x00\x90\x01N\x00\x02DFLT\x00\
blatn\x00\x0e\x00X\x00\x02MOL \x00\
2TRK \x00\x10\x00\x00\xff\xff\x00\x0e\x00\x00\x00\
\x01\x00\x02\x00\x03\x00\x04\x00\x05\x00\x06\x00\x08\x00\x09\x00\
\x0a\x00\x0b\x00\x0c\x00\x0d\x00\x0e\x00\x00\xff\xff\x00\x0e\x00\
\x00\x00\x01\x00\x02\x00\x03\x00\x04\x00\x05\x00\x06\x00\x07\x00\
\x09\x00\x0a\x00\x0b\x00\x0c\x00\x0d\x00\x0e\x00\x04\x00\x00\x00\
\x00\xff\xff\x00\x0d\x00\x00\x00\x01\x00\x02\x00\x03\x00\x04\x00\
\x05\x00\x06\x00\x09\x00\x0a\x00\x0b\x00\x0c\x00\x0d\x00\x0e\x00\
\x0faalt\x00\xb6case\x00\xb0ccm\
p\x00\xa8dlig\x00\xa2dnom\x00\x9cf\
rac\x00\x92liga\x00\x8clocl\x00\
\x86locl\x00\x80numr\x00zord\
n\x00tsalt\x00nss01\x00hs\
ups\x00btnum\x00\x5c\x00\x00\x00\x01\x00\
\x07\x00\x00\x00\x01\x00\x0f\x00\x00\x00\x01\x00\x06\x00\x00\x00\
\x01\x00\x05\x00\x00\x00\x01\x00\x17\x00\x00\x00\x01\x00\x10\x00\
\x00\x00\x01\x00\x02\x00\x00\x00\x01\x00\x03\x00\x00\x00\x01\x00\
\x08\x00\x00\x00\x03\x00\x12\x00\x13\x00\x14\x00\x00\x00\x01\x00\
\x11\x00\x00\x00\x01\x00\x19\x00\x00\x00\x02\x00\x09\x00\x0c\x00\
\x00\x00\x01\x00\x04\x00\x00\x00\x02\x00\x00\x00\x01\x00\x1a\x05\
|\x05V\x05B\x05 \x04\xee\x04(\x04(\x03\xb6\x03\
\x1c\x02d\x02\x12\x02\x12\x01\xc4\x01\x9a\x01\x9a\x01x\x01\
R\x01D\x010\x01R\x00\xcc\x00\xbe\x00\xbe\x00\x80\x00\
^\x006\x00\x04\x00\x08\x00\x01\x00\x08\x00\x01\x03p\x00\
\x02\x00\x10\x00\x0a\x00\x02\x03\x0e\x03\x08\x00\x04\x03P\x02\
\xfc\x036\x00\x0a\x01\x0d\x00\x02\x01=\x00\x01\x00\x00\x00\
\x01\x00\x08\x00\x02\x00\x0e\x00\x04\x01q\x01r\x01q\x01\
r\x00\x01\x00\x04\x00\x02\x00T\x00\x92\x01_\x00\x06\x00\
\x00\x00\x02\x00$\x00\x0a\x00\x03\x00\x01\x00\xd6\x00\x01\x00\
\x12\x00\x00\x00\x01\x00\x00\x00\x18\x00\x01\x00\x02\x00T\x01\
_\x00\x03\x00\x01\x00\xbc\x00\x01\x00\x12\x00\x00\x00\x01\x00\
\x00\x00\x18\x00\x01\x00\x02\x00\x02\x00\x92\x00\x01\x00\x00\x00\
\x01\x00\x08\x00\x01\x00L\xff\xff\x00\x06\x00\x00\x00\x02\x00\
4\x00\x0a\x00\x03\x00\x01\x00\x12\x00\x01\x00<\x00\x00\x00\
\x01\x00\x00\x00\x16\x00\x01\x00\x0a\x00\xe6\x01\x09\x01\x0f\x01\
Z\x01k\x01\xa7\x01\xad\x01\xc5\x01\xcf\x01\xfd\x00\x03\x00\
\x01\x00*\x00\x01\x00\x12\x00\x00\x00\x01\x00\x00\x00\x15\x00\
\x01\x00\x0a\x00\xe7\x01\x0a\x01\x10\x01[\x01l\x01\xa8\x01\
\xae\x01\xc6\x01\xd0\x01\xfe\x00\x01\x00\x01\x01\x13\x00\x01\x00\
\x00\x00\x01\x00\x08\x00\x01\x00\x06\xffc\x00\x01\x00\x01\x01\
\xb0\x00\x01\x00\x00\x00\x01\x00\x08\x00\x01\x00\x14\x00\x01\x00\
\x01\x00\x00\x00\x01\x00\x08\x00\x01\x00\x06\x00\x02\x00\x01\x00\
\x0a\x00\xe5\x01\x08\x01\x0e\x01Y\x01j\x01\xa6\x01\xac\x01\
\xc4\x01\xce\x01\xfc\x00\x01\x00\x00\x00\x01\x00\x08\x00\x02\x00\
\x0e\x00\x04\x01\x12\x01p\x01\xc9\x01\xd2\x00\x01\x00\x04\x01\
\x0e\x01j\x01\xc4\x01\xce\x00\x01\x00\x00\x00\x01\x00\x08\x00\
\x02\x01\x04\x00\x0e\x00\x98\x00\xb1\x00\xb8\x00\xbf\x00\xc4\x00\
\xc8\x00\xd5\x00\xdc\x01\x1c\x01*\x01M\x01f\x01\x9c\x01\
\xcc\x00\x06\x00\x00\x00\x02\x00\x1c\x00\x0a\x00\x03\x00\x01\x00\
$\x00\x01\x00\xd8\x00\x00\x00\x01\x00\x00\x00\x0e\x00\x03\x00\
\x00\x00\x01\x00\xc6\x00\x01\x00\x12\x00\x01\x00\x00\x00\x0d\x00\
\x01\x00\x0e\x00\x98\x00\xb1\x00\xb8\x00\xbf\x00\xc4\x00\xc8\x00\
\xd5\x00\xdc\x01\x1c\x01*\x01M\x01f\x01\x9c\x01\xcc\x00\
\x01\x00\x00\x00\x01\x00\x08\x00\x02\x00&\x00\x10\x00\x98\x00\
\xb1\x00\xb8\x00\xbf\x00\xc4\x00\xc8\x00\xd5\x00\xdc\x01\x1c\x01\
*\x013\x01:\x01M\x01f\x01\x9c\x01\xcc\x00\x01\x00\
\x10\x00\x97\x00\xb0\x00\xb6\x00\xbe\x00\xc3\x00\xc7\x00\xd4\x00\
\xdb\x01\x1b\x01)\x01-\x018\x01L\x01e\x01\x9b\x01\
\xcb\x00\x06\x00\x00\x00\x04\x00\x82\x00b\x000\x00\x0e\x00\
\x03\x00\x01\x00\x12\x00\x01\x004\x00\x00\x00\x01\x00\x00\x00\
\x0b\x00\x02\x00\x02\x00\x02\x00N\x00\x00\x00P\x00\x91\x00\
M\x00\x03\x00\x01\x00\x12\x00\x01\x00\x12\x00\x00\x00\x01\x00\
\x00\x00\x0a\x00\x01\x00\x0e\x00\x97\x00\xb0\x00\xb6\x00\xbe\x00\
\xc3\x00\xc7\x00\xd4\x00\xdb\x01\x1b\x01)\x01L\x01e\x01\
\x9b\x01\xcb\x00\x03\x00\x00\x00\x01\x00N\x00\x02\x00\x14\x00\
2\x00\x01\x00\x00\x00\x0b\x00\x01\x00\x04\x00\xbe\x01e\x01\
\xb7\x01\xb8\x00\x03\x00\x00\x00\x01\x00.\x00\x01\x00\x12\x00\
\x01\x00\x00\x00\x0a\x00\x01\x00\x0c\x00\x97\x00\xb0\x00\xb6\x00\
\xc3\x00\xc9\x00\xd4\x00\xdb\x01\x1b\x01)\x01L\x01\x9b\x01\
\xcb\x00\x01\x00\x02\x01-\x018\x00\x04\x00\x00\x00\x01\x00\
\x08\x00\x01\x00\x8a\x00\x02\x00J\x00\x0a\x00\x07\x008\x00\
0\x00(\x00\x22\x00\x1c\x00\x16\x00\x10\x01\x0d\x00\x02\x01\
>\x01\x05\x00\x02\x018\x01\x07\x00\x02\x01-\x00\xfd\x00\
\x02\x00\xfb\x01\x03\x00\x03\x00\xfb\x01>\x01\x01\x00\x03\x00\
\xfb\x018\x00\xff\x00\x03\x00\xfb\x01-\x00\x07\x008\x00\
0\x00(\x00\x22\x00\x1c\x00\x16\x00\x10\x01\x0c\x00\x02\x01\
=\x01\x04\x00\x02\x018\x01\x06\x00\x02\x01-\x00\xfc\x00\
\x02\x00\xfa\x01\x02\x00\x03\x00\xfa\x01=\x01\x00\x00\x03\x00\
\xfa\x018\x00\xfe\x00\x03\x00\xfa\x01-\x00\x01\x00\x02\x00\
\xfa\x00\xfb\x00\x01\x00\x00\x00\x01\x00\x08\x00\x02\x006\x00\
\x18\x00\xc1\x00\xcc\x00\xd7\x00\xda\x00\xe8\x00\xf2\x00\xf6\x01\
\x0b\x01\x11\x01P\x01S\x01\x5c\x01m\x01\x81\x01\x99\x01\
\xaa\x01\xab\x01\xaf\x01\xb3\x01\xb6\x01\xc7\x01\xd1\x01\xf6\x01\
\xff\x00\x01\x00\x18\x00\xc0\x00\xcb\x00\xd6\x00\xd9\x00\xe5\x00\
\xf1\x00\xf5\x01\x08\x01\x0e\x01O\x01R\x01Y\x01j\x01\
\x80\x01\x98\x01\xa6\x01\xa9\x01\xac\x01\xb2\x01\xb5\x01\xc4\x01\
\xce\x01\xf5\x01\xfc\x00\x01\x00\x00\x00\x01\x00\x08\x00\x02\x00\
`\x00-\x00/\x001\x003\x005\x007\x009\x00\
;\x00=\x00?\x00A\x00C\x00E\x00`\x00b\x00\
d\x00f\x00h\x00j\x00\xfb\x01>\x01@\x01B\x01\
D\x01I\x01\x90\x01\x92\x01\x94\x01\x96\x01\xa9\x01\xba\x01\
\xbc\x01\xbe\x01\xc0\x01\xc2\x01\xd4\x01\xd6\x01\xd8\x01\xda\x01\
\xdc\x01\xde\x01\xe0\x01\xe2\x01\xe5\x01\xe7\x01\xe9\x00\x01\x00\
-\x00.\x000\x002\x004\x006\x008\x00:\x00\
<\x00>\x00@\x00B\x00D\x00_\x00a\x00c\x00\
e\x00g\x00i\x00\xfa\x01=\x01?\x01A\x01C\x01\
H\x01\x8f\x01\x91\x01\x93\x01\x95\x01\xa6\x01\xb9\x01\xbb\x01\
\xbd\x01\xbf\x01\xc1\x01\xd3\x01\xd5\x01\xd7\x01\xd9\x01\xdb\x01\
\xdd\x01\xdf\x01\xe1\x01\xe4\x01\xe6\x01\xe8\x00\x01\x00\x00\x00\
\x01\x00\x08\x00\x01\x00\x06\x00\x01\x00\x01\x00\x10\x00\xa8\x00\
\xaa\x00\xac\x00\xae\x00\xeb\x00\xed\x00\xf8\x01\x1f\x01!\x01\
#\x01%\x01+\x01w\x01y\x01}\x01\x85\x00\x01\x00\
\x00\x00\x01\x00\x08\x00\x02\x00\x0e\x00\x04\x00p\x00u\x01\
\xa2\x01\xc1\x00\x01\x00\x04\x00n\x00t\x01\xa0\x01\xbf\x00\
\x01\x00\x00\x00\x01\x00\x08\x00\x01\x00\x06\x00\x05\x00\x01\x00\
\x01\x01-\x00\x03\x00\x00\x00\x01\x00\x08\x00\x01\x00\x0a\x00\
\x02\x00\x18\x00\x12\x00\x01\x00\x02\x01\xa6\x01\xbf\x00\x02\x01\
\xc0\x01\xc1\x00\x02\x01\xa9\x01\xaa\x00\x01\x00\x00\x00\x01\x00\
\x08\x00\x02\x00\xb2\x00V\x00/\x001\x003\x005\x00\
7\x009\x00;\x00=\x00?\x00A\x00C\x00E\x00\
`\x00b\x00d\x00f\x00h\x00j\x00p\x00u\x00\
\xa9\x00\xab\x00\xad\x00\xaf\x00\xc1\x00\xcc\x00\xd7\x00\xda\x00\
\xe8\x00\xec\x00\xee\x00\xf2\x00\xf6\x00\xf9\x00\xfb\x01\x0b\x01\
\x11\x01 \x01\x22\x01$\x01&\x01,\x012\x01>\x01\
@\x01B\x01D\x01I\x01P\x01S\x01\x5c\x01m\x01\
x\x01z\x01~\x01\x81\x01\x86\x01\x90\x01\x92\x01\x94\x01\
\x96\x01\x99\x01\xa2\x01\xab\x01\xaf\x01\xb3\x01\xb6\x01\xba\x01\
\xbc\x01\xbe\x01\xc2\x01\xc7\x01\xd1\x01\xd4\x01\xd6\x01\xd8\x01\
\xda\x01\xdc\x01\xde\x01\xe0\x01\xe2\x01\xe5\x01\xe7\x01\xe9\x01\
\xf6\x01\xff\x00\x01\x00V\x00.\x000\x002\x004\x00\
6\x008\x00:\x00<\x00>\x00@\x00B\x00D\x00\
_\x00a\x00c\x00e\x00g\x00i\x00n\x00t\x00\
\xa8\x00\xaa\x00\xac\x00\xae\x00\xc0\x00\xcb\x00\xd6\x00\xd9\x00\
\xe5\x00\xeb\x00\xed\x00\xf1\x00\xf5\x00\xf8\x00\xfa\x01\x08\x01\
\x0e\x01\x1f\x01!\x01#\x01%\x01+\x01-\x01=\x01\
?\x01A\x01C\x01H\x01O\x01R\x01Y\x01j\x01\
w\x01y\x01}\x01\x80\x01\x85\x01\x8f\x01\x91\x01\x93\x01\
\x95\x01\x98\x01\xa0\x01\xa9\x01\xac\x01\xb2\x01\xb5\x01\xb9\x01\
\xbb\x01\xbd\x01\xc1\x01\xc4\x01\xce\x01\xd3\x01\xd5\x01\xd7\x01\
\xd9\x01\xdb\x01\xdd\x01\xdf\x01\xe1\x01\xe4\x01\xe6\x01\xe8\x01\
\xf5\x01\xfc\x00\x02\x00\x00\x00\x00\x00\x00\xff\x9c\x002\x00\
\x00\x00\x00\x00\x00\x00\x00\x00\x00\x00\x00\x00\x00\x00\x00\x00\
\x00\x00\x00\x02\x00\x00\x00\x01\x02\x00$\x00\x90\x00\xc9\x01\
\x03\x00\xc7\x00b\x00\xad\x01\x04\x01\x05\x00c\x01\x06\x00\
\xae\x00%\x00&\x00\xfd\x00\xff\x00d\x01\x07\x01\x08\x00\
'\x01\x09\x01\x0a\x00(\x00e\x01\x0b\x01\x0c\x00\xc8\x00\
\xca\x01\x0d\x00\xcb\x01\x0e\x01\x0f\x01\x10\x00\xe9\x01\x11\x00\
)\x00*\x00\xf8\x01\x12\x01\x13\x01\x14\x01\x15\x00+\x01\
\x16\x00,\x01\x17\x00\xcc\x01\x18\x01\x19\x01\x1a\x00\xcd\x01\
\x1b\x00\xce\x01\x1c\x00\xfa\x01\x1d\x00\xcf\x01\x1e\x01\x1f\x01\
 \x01!\x01\x22\x01#\x01$\x00-\x01%\x01&\x01\
'\x00.\x01(\x00/\x01)\x01*\x01+\x00\xe2\x00\
0\x001\x01,\x01-\x01.\x01/\x00f\x002\x00\
\xb0\x00\xd0\x010\x00\xd1\x00g\x00\xd3\x011\x012\x00\
\x91\x00\xaf\x003\x013\x004\x014\x005\x015\x01\
6\x017\x018\x019\x01:\x01;\x006\x01<\x00\
\xe4\x00\xfb\x01=\x01>\x007\x01?\x01@\x01A\x01\
B\x00\xed\x008\x00\xd4\x01C\x00\xd5\x00h\x00\xd6\x01\
D\x01E\x01F\x01G\x01H\x009\x00:\x01I\x01\
J\x01K\x01L\x00;\x00<\x00\xeb\x01M\x00\xbb\x01\
N\x00=\x01O\x00\xe6\x01P\x00D\x00i\x01Q\x00\
k\x00\x8d\x01R\x01S\x00l\x00\xa0\x00j\x01T\x00\
\x09\x01U\x00n\x00A\x00a\x00\x0d\x00#\x00m\x00\
E\x00?\x00_\x00^\x01V\x00`\x01W\x00>\x01\
X\x00@\x01Y\x01Z\x01[\x00\xe8\x00\x87\x00F\x00\
\xfe\x01\x5c\x01]\x01^\x01\x00\x00o\x01_\x01`\x00\
\xde\x01a\x01b\x00\x84\x01c\x00\xd8\x01d\x01e\x00\
\x1d\x00\x0f\x01f\x01g\x01h\x00\x8b\x00\xbd\x01i\x00\
G\x00\x82\x00\xc2\x01j\x01\x01\x00\x83\x00\x8e\x01k\x01\
l\x00\xb8\x01m\x01n\x00\x07\x01o\x01p\x01q\x00\
H\x00p\x01r\x01s\x00r\x00s\x01t\x00q\x00\
\x1b\x01u\x01v\x01w\x00\xab\x01x\x00\xb3\x01y\x00\
\xb2\x01z\x01{\x01|\x00 \x01}\x00\xea\x01~\x01\
\x7f\x01\x80\x00\x04\x00\xa3\x01\x81\x00I\x01\x82\x01\x83\x01\
\x84\x01\x85\x01\x86\x01\x87\x01\x88\x01\x89\x01\x8a\x01\x8b\x01\
\x8c\x00\xc0\x01\x8d\x00\x18\x01\x8e\x01\x8f\x01\x90\x00\xc1\x01\
\x91\x00\x17\x01\x92\x01\x93\x01\x94\x01\x95\x00\xbc\x00J\x00\
\xf9\x01\x96\x01\x97\x01\x98\x00\x89\x00C\x01\x99\x01\x9a\x00\
!\x00\x95\x00\xa9\x01\x9b\x00\xaa\x01\x9c\x00\xbe\x01\x9d\x00\
\xbf\x01\x9e\x00K\x01\x9f\x01\xa0\x01\xa1\x00\x10\x01\xa2\x00\
L\x00t\x01\xa3\x00v\x00w\x01\xa4\x00\xd7\x00u\x01\
\xa5\x01\xa6\x01\xa7\x00M\x01\xa8\x01\xa9\x00N\x01\xaa\x00\
O\x01\xab\x01\xac\x01\xad\x01\xae\x01\xaf\x01\xb0\x01\xb1\x00\
\x1f\x00\x94\x00\xa4\x00\xe3\x01\xb2\x00P\x00\xda\x01\xb3\x01\
\xb4\x01\xb5\x00\xef\x01\xb6\x01\xb7\x00\xf0\x01\xb8\x00Q\x01\
\xb9\x01\xba\x01\xbb\x01\xbc\x00\x1c\x01\xbd\x01\xbe\x01\xbf\x00\
x\x00\x06\x00R\x00y\x01\xc0\x00{\x00|\x00\xb1\x01\
\xc1\x01\xc2\x00z\x01\xc3\x01\xc4\x00\x14\x01\xc5\x01\xc6\x01\
\xc7\x00\xf4\x00\xf5\x01\xc8\x00\x9d\x00\x9e\x00\xa1\x00}\x00\
S\x00\x88\x00\x0b\x01\xc9\x00\x0c\x01\xca\x00\x08\x00\x11\x00\
\xc3\x01\xcb\x00\xc6\x00\x0e\x01\xcc\x00\x93\x00T\x00\x22\x00\
\xa2\x01\xcd\x00\x05\x00\xc5\x00\xb4\x00\xb5\x00\xb6\x00\xb7\x00\
\xc4\x00\x0a\x00U\x01\xce\x01\xcf\x01\xd0\x01\xd1\x01\xd2\x01\
\xd3\x01\xd4\x00\x8a\x01\xd5\x01\xd6\x00\xdd\x01\xd7\x01\xd8\x00\
V\x01\xd9\x00\xe5\x00\xfc\x01\xda\x01\xdb\x01\xdc\x00\x86\x00\
\x1e\x00\x1a\x01\xdd\x01\xde\x01\xdf\x01\xe0\x01\xe1\x00\x19\x01\
\xe2\x01\xe3\x01\xe4\x00\x12\x01\xe5\x01\xe6\x01\xe7\x00\x03\x00\
\x85\x01\xe8\x01\xe9\x01\xea\x00W\x01\xeb\x01\xec\x01\xed\x01\
\xee\x01\xef\x01\xf0\x01\xf1\x01\xf2\x01\xf3\x00\xee\x00\x16\x01\
\xf4\x01\xf5\x01\xf6\x00\xf6\x01\xf7\x00\xd9\x01\xf8\x01\xf9\x00\
\x8c\x00\x15\x01\xfa\x01\xfb\x01\xfc\x01\xfd\x00X\x01\xfe\x00\
~\x01\xff\x02\x00\x02\x01\x00\x80\x02\x02\x00\x81\x02\x03\x00\
\x7f\x02\x04\x02\x05\x02\x06\x02\x07\x02\x08\x00B\x02\x09\x02\
\x0a\x02\x0b\x02\x0c\x02\x0d\x02\x0e\x00Y\x00Z\x02\x0f\x02\
\x10\x02\x11\x02\x12\x00[\x00\x5c\x00\xec\x02\x13\x00\xba\x00\
\x96\x02\x14\x02\x15\x00]\x02\x16\x00\xe7\x02\x17\x00\x13\x02\
\x18\x02\x19\x02\x1a\x02CR\x06Abreve\x07\
Amacron\x07Aogonek\x0a\
Aringacute\x0bCcirc\
umflex\x0aCdotaccen\
t\x06Dcaron\x06Dcroat\x06\
Ebreve\x06Ecaron\x0aEd\
otaccent\x07Emacron\
\x03Eng\x07Eogonek\x07uni\
1EBC\x0bGcircumflex\
\x07uni0122\x0aGdotacc\
ent\x07uni1E9E\x04Hbar\
\x06I.salt\x0bIacute.s\
alt\x06Ibreve\x0bIbrev\
e.salt\x10Icircumfl\
ex.salt\x0eIdieresi\
s.salt\x0fIdotaccen\
t.salt\x0bIgrave.sa\
lt\x07Imacron\x0cImacr\
on.salt\x07Iogonek\x0c\
Iogonek.salt\x06Iti\
lde\x0bItilde.salt\x06\
J.salt\x0bJcircumfl\
ex\x10Jcircumflex.s\
alt\x07uni0136\x06Lacu\
te\x06Lcaron\x07uni013\
B\x04NULL\x06Nacute\x06Nc\
aron\x07uni0145\x06Obr\
eve\x0dOhungarumlau\
t\x07Omacron\x06P.salt\
\x06Q.salt\x06R.salt\x06R\
acute\x0bRacute.sal\
t\x06Rcaron\x0bRcaron.\
salt\x07uni0156\x0cuni\
0156.salt\x06Sacute\
\x0bScircumflex\x07uni\
0218\x04Tbar\x06Tcaron\
\x07uni0162\x07uni021A\
\x06Ubreve\x0dUhungaru\
mlaut\x07Umacron\x07Uo\
gonek\x05Uring\x06Util\
de\x06Wacute\x0bWcircu\
mflex\x09Wdieresis\x06\
Wgrave\x0bYcircumfl\
ex\x06Ygrave\x06Zacute\
\x0aZdotaccent\x06abre\
ve\x09acutecomb\x0eacu\
tecomb.case\x07amac\
ron\x07aogonek\x0ebrac\
eleft.case\x0fbrace\
right.case\x10brack\
etleft.case\x11brac\
ketright.case\x07un\
i0306\x0cuni0306.ca\
se\x07uni030C\x0buni03\
0C.alt\x0cuni030C.c\
ase\x0bccircumflex\x0a\
cdotaccent\x07uni03\
27\x0cuni0327.case\x09\
cent.tnum\x07uni030\
2\x0cuni0302.case\x07u\
ni0326\x0cuni0326.c\
ase\x07uni0312\x0dcurr\
ency.tnum\x06dcaron\
\x07uni0308\x0cuni0308\
.case\x0bdivide.tnu\
m\x07uni2215\x0bdollar\
.tnum\x07uni0307\x0cun\
i0307.case\x06ebrev\
e\x06ecaron\x0aedotacc\
ent\x0aeight.dnom\x0ae\
ight.numr\x0aeight.\
tnum\x07emacron\x0bemd\
ash.case\x0bendash.\
case\x03eng\x07eogonek\
\x0aequal.tnum\x07uni1\
EBD\x04Euro\x09Euro.tn\
um\x0fexclamdown.ca\
se\x06f.salt\x03f_f\x08f_\
f.salt\x05f_f_i\x0af_f\
_i.salt\x05f_f_j\x0af_\
f_j.salt\x05f_f_l\x0af\
_f_l.salt\x03f_j\x08f_\
j.salt\x07fi.salt\x09f\
ive.dnom\x09five.nu\
mr\x09five.tnum\x07fl.\
salt\x09four.dnom\x09f\
our.numr\x09four.tn\
um\x07uni2074\x0bgcirc\
umflex\x07uni0123\x0ag\
dotaccent\x09gravec\
omb\x0egravecomb.ca\
se\x12guillemotleft\
.case\x13guillemotr\
ight.case\x12guilsi\
nglleft.case\x13gui\
lsinglright.case\
\x04hbar\x07uni030B\x0cun\
i030B.case\x0bhyphe\
n.case\x06ibreve\x09i.\
loclTRK\x07imacron\x07\
iogonek\x06itilde\x0bj\
circumflex\x07uni02\
37\x07uni0137\x06l.sal\
t\x06lacute\x0blacute.\
salt\x06lcaron\x0blcar\
on.salt\x07uni013C\x0c\
uni013C.salt\x0blsl\
ash.salt\x07uni0304\
\x0cuni0304.case\x07un\
i00B5\x0aminus.tnum\
\x06minute\x0dmultiply\
.tnum\x06nacute\x07uni\
00A0\x06ncaron\x07uni0\
146\x09nine.dnom\x09ni\
ne.numr\x09nine.tnu\
m\x06obreve\x07uni0328\
\x0cuni0328.case\x0doh\
ungarumlaut\x07omac\
ron\x08one.dnom\x08one\
.numr\x08one.tnum\x07u\
ni00B9\x0eparenleft\
.case\x0fparenright\
.case\x13periodcent\
ered.case\x09plus.t\
num\x11questiondown\
.case\x06r.salt\x06rac\
ute\x0bracute.salt\x06\
rcaron\x0brcaron.sa\
lt\x07uni0157\x0cuni01\
57.salt\x07uni17DB\x0c\
uni17DB.tnum\x07uni\
030A\x0cuni030A.cas\
e\x06sacute\x0bscircum\
flex\x07uni0219\x06sec\
ond\x0aseven.dnom\x0as\
even.numr\x0aseven.\
salt\x0aseven.tnum\x0f\
seven.tnum.salt\x08\
six.dnom\x08six.num\
r\x08six.tnum\x07uni00\
AD\x04sora\x09sora.tnu\
m\x0dsterling.tnum\x07\
uni0336\x07uni0335\x06\
t.salt\x04tbar\x09tbar\
.salt\x06tcaron\x0btca\
ron.salt\x07uni0163\
\x0cuni0163.salt\x07un\
i021B\x0cuni021B.sa\
lt\x0athree.dnom\x0ath\
ree.numr\x0athree.t\
num\x07uni00B3\x09tild\
ecomb\x0etildecomb.\
case\x08two.dnom\x08tw\
o.numr\x08two.tnum\x07\
uni00B2\x06u.salt\x0bu\
acute.salt\x06ubrev\
e\x0bubreve.salt\x10uc\
ircumflex.salt\x0eu\
dieresis.salt\x0bug\
rave.salt\x0duhunga\
rumlaut\x12uhungaru\
mlaut.salt\x07umacr\
on\x0cumacron.salt\x07\
uogonek\x0cuogonek.\
salt\x05uring\x0auring\
.salt\x06utilde\x0buti\
lde.salt\x06wacute\x0b\
wcircumflex\x09wdie\
resis\x06wgrave\x0byci\
rcumflex\x08yen.tnu\
m\x06ygrave\x06zacute\x0a\
zdotaccent\x09zero.\
dnom\x09zero.numr\x09z\
ero.tnum\x00\x00\x00\x00\x01\x00\x00\x00\
\x0a\x00(\x00P\x00\x02DFLT\x00\x0elat\
n\x00\x0e\x00\x04\x00\x00\x00\x00\xff\xff\x00\x03\x00\x00\x00\
\x01\x00\x02\x00\x03kern\x00\x22mark\x00\
\x1cmkmk\x00\x14\x00\x00\x00\x02\x00\x02\x00\x03\x00\
\x00\x00\x01\x00\x01\x00\x00\x00\x01\x00\x00\x00\x04\x12F\x01\
\xba\x01d\x00\x0a\x00\x06\x00\x10\x00\x01\x00\x0a\x00\x01\x00\
\x01\x01\x1e\x01\x1e\x00\x01\x00\xc0\x00\x0c\x00\x17\x0c\x10\x00\
\xae\x00\xa8\x00\xa2\x00\x9c\x00\x96\x00\x90\x00\x8a\x00\x84\x00\
~\x00x\x00r\x00l\x00f\x00`\x00Z\x00T\x00\
N\x00H\x00B\x00<\x006\x000\x00\x01\x00\xaa\x03\
\xb2\x00\x01\x00\x9e\x03'\x00\x01\x00w\x03\xbe\x00\x01\x00\
p\x03*\x00\x01\x00\xa6\x03\xb2\x00\x01\x00\x8b\x03'\x00\
\x01\x00\xd9\x03\xb8\x00\x01\x00\xac\x03*\x00\x01\x00?\x03\
\xb8\x00\x01\x009\x03*\x00\x01\x00A\x03\xb8\x00\x01\x00\
>\x03*\x00\x01\x00\xab\x03\xb8\x00\x01\x00\xa2\x03*\x00\
\x01\x00@\x03'\x00\x01\x00\xb9\x03\xb8\x00\x01\x00\xa4\x03\
*\x00\x01\x00\xbc\x03\xb8\x00\x01\x00\x9e\x03*\x00\x01\x00\
\xa6\x03\xb8\x00\x01\x00\x9a\x03'\x00\x01\x00\xaf\x03\xb8\x00\
\x17\x00\x00\x11*\x00\x00\x11$\x00\x00\x11\x1e\x00\x00\x11\
\x18\x00\x00\x11\x12\x00\x00\x11\x0c\x00\x00\x10\xfa\x00\x00\x10\
\xf4\x00\x00\x10\xe2\x00\x00\x10\xdc\x00\x00\x10\xd6\x00\x00\x10\
\xd0\x00\x00\x10\xca\x00\x00\x10\xc4\x00\x00\x10\xbe\x00\x00\x10\
\xb8\x00\x00\x10\xb2\x00\x00\x10\xc4\x00\x00\x11\x18\x00\x00\x10\
\xa6\x00\x00\x10\xa0\x00\x00\x10\x8e\x00\x00\x10\x88\x00\x01\x00\
\x17\x00\x97\x00\x98\x00\xb0\x00\xb1\x00\xb6\x00\xb8\x00\xc3\x00\
\xc4\x00\xc9\x00\xd4\x00\xd5\x00\xdb\x00\xdc\x01\x1b\x01\x1c\x01\
)\x01*\x01L\x01M\x01\x9b\x01\x9c\x01\xcb\x01\xcc\x00\
\x06\x00\x10\x00\x01\x00\x0a\x00\x00\x00\x01\x00@\x00@\x00\
\x01\x00.\x00\x0c\x00\x04\x00\x1c\x00\x16\x00\x10\x00\x0a\x00\
\x01\x00E\xfe\xd4\x00\x01\x00A\xfe\xd4\x00\x01\x00M\xfe\
\xd4\x00\x01\x00|\xfe\xd4\x00\x04\x00\x00\x10>\x00\x00\x10\
8\x00\x00\x10&\x00\x00\x10 \x00\x01\x00\x04\x00\xbe\x00\
\xbf\x00\xc7\x00\xc8\x00\x04\x00\x00\x00\x01\x00\x08\x00\x01\x10\
B\x0e\x10\x00\x04\x0f\x1c\x00\x0c\x01\x0d\x0d\xfe\x00\x00\x0d\
\xf8\x00\x00\x0d\xf2\x00\x00\x0d\xf8\x00\x00\x0d\xec\x00\x00\x0d\
\xf8\x00\x00\x0d\xec\x00\x00\x0d\xf8\x00\x00\x0d\xec\x00\x00\x0d\
\xf8\x00\x00\x0d\xe6\x00\x00\x0d\xf8\x00\x00\x0d\xe0\x00\x00\x0d\
\xf8\x00\x00\x0d\xfe\x00\x00\x0d\xf8\x00\x00\x0d\xda\x00\x00\x0d\
\xf8\x00\x00\x0d\xd4\x00\x00\x0d\xf8\x00\x00\x0d\xe0\x00\x00\x0d\
\xf8\x00\x00\x0d\xce\x0d\xc8\x00\x00\x00\x00\x0d\xc2\x0d\xc8\x00\
\x00\x00\x00\x0d\xbc\x0d\xc8\x00\x00\x00\x00\x0d\xce\x0d\xb6\x00\
\x00\x00\x00\x0d\xbc\x0d\xc8\x00\x00\x00\x00\x0d\xbc\x0d\xc8\x00\
\x00\x00\x00\x0d\xb0\x0d\xaa\x00\x00\x0d\xa4\x0d\x9e\x0d\xaa\x00\
\x00\x0d\xa4\x0d\xb0\x0d\xaa\x00\x00\x0d\xa4\x0d\x98\x0d\x92\x0d\
\x8c\x00\x00\x0d\x86\x0d\x92\x0d\x8c\x00\x00\x0d\x80\x0d\x92\x0d\
\x8c\x00\x00\x0d\x80\x0d\x92\x0d\x8c\x00\x00\x0d\x80\x0d\x92\x0d\
\x8c\x00\x00\x0d\x80\x0d\x92\x0d\x8c\x00\x00\x0d\x80\x0d\x92\x0d\
\x8c\x00\x00\x0dz\x0d\x92\x0d\x8c\x00\x00\x0dt\x0d\x92\x0d\
\x8c\x00\x00\x0d\x98\x0d\x92\x0d\x8c\x00\x00\x0d\xb0\x0d\xaa\x00\
\x00\x0d\xa4\x0dt\x0d\x92\x0d\x8c\x00\x00\x0dn\x0dh\x00\
\x00\x00\x00\x0db\x0dh\x00\x00\x00\x00\x0db\x0dh\x00\
\x00\x00\x00\x0dn\x0d\x5c\x00\x00\x00\x00\x0db\x0dh\x00\
\x00\x00\x00\x0dV\x0dP\x00\x00\x0dJ\x0dV\x0dP\x00\
\x00\x0dJ\x0dD\x0d>\x0d8\x00\x00\x0d2\x0d,\x0d\
&\x00\x00\x0d \x0d>\x0d8\x00\x00\x0d\x1a\x0d,\x0d\
&\x00\x00\x0d\x14\x0d>\x0d8\x00\x00\x0d\x0e\x0d,\x0d\
&\x00\x00\x0d\x14\x0d>\x0d8\x00\x00\x0d\x0e\x0d,\x0d\
&\x00\x00\x0d\x14\x0d>\x0d8\x00\x00\x0d\x0e\x0d,\x0d\
&\x00\x00\x0d\x14\x0d>\x0d8\x00\x00\x0d\x0e\x0d,\x0d\
&\x00\x00\x0d\x08\x0d>\x0d8\x00\x00\x0d\x02\x0d,\x0d\
&\x00\x00\x0c\xfc\x0d>\x0d8\x00\x00\x0c\xf6\x0d,\x0d\
&\x00\x00\x0dD\x0d>\x0d8\x00\x00\x0d2\x0d,\x0d\
&\x00\x00\x0c\xfc\x0d>\x0d8\x00\x00\x0c\xf6\x0d,\x0d\
&\x00\x00\x0c\xf0\x0c\xea\x00\x00\x00\x00\x0c\xe4\x0c\xde\x00\
\x00\x00\x00\x0c\xd8\x0c\xea\x00\x00\x00\x00\x0c\xd2\x0c\xde\x00\
\x00\x00\x00\x0c\xcc\x0c\xc6\x00\x00\x00\x00\x0c\xcc\x0c\xc0\x00\
\x00\x00\x00\x0c\xba\x0c\xb4\x00\x00\x0c\xae\x0c\xa8\x0c\xb4\x00\
\x00\x0c\xae\x0c\xba\x0c\xb4\x00\x00\x0c\xae\x0c\xba\x0c\xa2\x00\
\x00\x0c\xae\x0c\xba\x0c\xb4\x00\x00\x0c\xae\x0c\x9c\x0c\x96\x00\
\x00\x00\x00\x0c\x90\x0c\x96\x00\x00\x00\x00\x0c\x8a\x0c\x96\x00\
\x00\x00\x00\x0c\x9c\x0c\x84\x00\x00\x00\x00\x0c~\x0c\x96\x00\
\x00\x00\x00\x0cx\x0cr\x0cl\x0cf\x0c`\x0cr\x0c\
l\x0cf\x0cZ\x0cr\x0cl\x0cf\x0cZ\x0cr\x0c\
l\x0cf\x0cZ\x0cr\x0cl\x0cf\x0cT\x0cr\x0c\
l\x0cf\x0cN\x0cr\x0cl\x0cf\x0cH\x0cr\x0c\
l\x0cf\x0cx\x0cr\x0cl\x0cf\x0cH\x0cr\x0c\
l\x0cf\x0cx\x0cr\x0cl\x0cf\x0cx\x0cr\x0c\
l\x0cf\x0cB\x0c<\x00\x00\x00\x00\x0c6\x0c0\x00\
\x00\x00\x00\x0c*\x0c<\x00\x00\x00\x00\x0c$\x0c0\x00\
\x00\x00\x00\x0c\x1e\x0c<\x00\x00\x00\x00\x0c\x18\x0c0\x00\
\x00\x00\x00\x0cB\x0c\x12\x00\x00\x00\x00\x0c6\x0c\x0c\x00\
\x00\x00\x00\x0c\x06\x0c\x00\x00\x00\x00\x00\x0b\xfa\x0c\x00\x00\
\x00\x00\x00\x0b\xf4\x0c\x00\x00\x00\x00\x00\x0c\x06\x0b\xee\x00\
\x00\x00\x00\x0b\xf4\x0c\x00\x00\x00\x00\x00\x0c\x06\x0b\xe8\x00\
\x00\x00\x00\x0b\xe2\x0b\xdc\x00\x00\x0b\xd6\x0b\xe2\x0b\xdc\x00\
\x00\x0b\xd6\x0b\xd0\x0b\xdc\x00\x00\x0b\xd6\x0b\xe2\x0b\xca\x00\
\x00\x0b\xd6\x0b\xe2\x0b\xc4\x00\x00\x0b\xd6\x0b\xbe\x0b\xb8\x0b\
\xb2\x00\x00\x0b\xac\x0b\xb8\x0b\xb2\x00\x00\x0b\xa6\x0b\xb8\x0b\
\xb2\x00\x00\x0b\xa6\x0b\xb8\x0b\xb2\x00\x00\x0b\xa6\x0b\xb8\x0b\
\xb2\x00\x00\x0b\xa0\x0b\xb8\x0b\xb2\x00\x00\x0b\x9a\x0b\xb8\x0b\
\xb2\x00\x00\x0b\x94\x0b\xb8\x0b\xb2\x00\x00\x0b\xbe\x0b\xb8\x0b\
\xb2\x00\x00\x0b\x8e\x0b\xb8\x0b\xb2\x00\x00\x0b\x94\x0b\xb8\x0b\
\xb2\x00\x00\x0b\x88\x0b\x82\x00\x00\x00\x00\x0b|\x0b\x82\x00\
\x00\x00\x00\x0bv\x0b\x82\x00\x00\x00\x00\x0bv\x0b\x82\x00\
\x00\x00\x00\x0bp\x0b\x82\x00\x00\x00\x00\x0d\x98\x0bj\x00\
\x00\x00\x00\x0d\x86\x0bj\x00\x00\x00\x00\x0d\x80\x0bj\x00\
\x00\x00\x00\x0d\x80\x0bj\x00\x00\x00\x00\x0dz\x0bj\x00\
\x00\x00\x00\x0bd\x0b^\x00\x00\x0bX\x0bR\x0b^\x00\
\x00\x0bX\x0bL\x0b^\x00\x00\x0bX\x0bL\x0b^\x00\
\x00\x0bX\x0bF\x00\x00\x0b@\x00\x00\x0b:\x00\x00\x0b\
@\x00\x00\x0b4\x00\x00\x0b@\x00\x00\x0b.\x00\x00\x0b\
@\x00\x00\x0b.\x00\x00\x0b@\x00\x00\x0b(\x00\x00\x0b\
@\x00\x00\x0b\x22\x00\x00\x0b@\x00\x00\x0bF\x00\x00\x0b\
@\x00\x00\x0b.\x00\x00\x0b@\x00\x00\x0b\x22\x00\x00\x0b\
@\x00\x00\x0b\x1c\x0b\x16\x00\x00\x00\x00\x0b\x10\x0b\x16\x00\
\x00\x00\x00\x0b\x0a\x0b\x16\x00\x00\x00\x00\x0b\x1c\x0b\x04\x00\
\x00\x00\x00\x0a\xfe\x0b\x16\x00\x00\x00\x00\x0a\xfe\x0b\x16\x00\
\x00\x00\x00\x0a\xf8\x0a\xf2\x00\x00\x0a\xec\x0a\xf8\x0a\xf2\x00\
\x00\x0a\xec\x0a\xf8\x0a\xf2\x00\x00\x0a\xec\x0a\xe6\x0a\xe0\x0a\
\xda\x00\x00\x0a\xd4\x0a\xe0\x0a\xda\x00\x00\x0a\xce\x0a\xe0\x0a\
\xda\x00\x00\x0a\xc8\x0a\xe0\x0a\xda\x00\x00\x0a\xc2\x0a\xe0\x0a\
\xda\x00\x00\x0a\xc2\x0a\xe0\x0a\xda\x00\x00\x0a\xc2\x0a\xe0\x0a\
\xda\x00\x00\x0a\xbc\x0a\xe0\x0a\xda\x00\x00\x0a\xb6\x0a\xe0\x0a\
\xda\x00\x00\x0a\xb0\x0a\xaa\x00\x00\x00\x00\x0a\xe6\x0a\xe0\x0a\
\xda\x00\x00\x0a\xb6\x0a\xe0\x0a\xda\x00\x00\x0a\xa4\x0a\x9e\x00\
\x00\x00\x00\x0a\x98\x0a\x9e\x00\x00\x00\x00\x0a\x92\x0a\x9e\x00\
\x00\x00\x00\x0a\x8c\x0a\x9e\x00\x00\x00\x00\x0a\x92\x0a\x9e\x00\
\x00\x00\x00\x0a\x86\x0a\xaa\x00\x00\x0a\x80\x0a\x86\x0a\xaa\x00\
\x00\x0a\x80\x00\x00\x0az\x00\x00\x00\x00\x0at\x0az\x0a\
n\x00\x00\x0ah\x0az\x0an\x00\x00\x0ab\x0az\x0a\
n\x00\x00\x0ab\x0az\x0an\x00\x00\x0ab\x0az\x0a\
n\x00\x00\x0a\x5c\x0az\x0an\x00\x00\x0aV\x0az\x0a\
n\x00\x00\x0aP\x0az\x0an\x00\x00\x00\x00\x0az\x00\
\x00\x00\x00\x0aP\x0az\x0an\x00\x00\x0aJ\x0aD\x00\
\x00\x00\x00\x0a>\x0aD\x00\x00\x00\x00\x0a\x86\x0c\xea\x00\
\x00\x00\x00\x0a\x86\x0a8\x00\x00\x00\x00\x0f\xa6\x0a2\x00\
\x00\x0a,\x0a&\x0a \x00\x00\x0a\x1a\x0a\x14\x0a2\x00\
\x00\x0a,\x0a\x0e\x0a \x00\x00\x0a\x1a\x0f\xa6\x0a2\x00\
\x00\x0a,\x0a&\x0a \x00\x00\x0a\x1a\x0f\xa6\x0a\x08\x00\
\x00\x0a,\x0a&\x0a\x02\x00\x00\x0a\x1a\x0f\xa6\x0a2\x00\
\x00\x0a,\x0a&\x0a \x00\x00\x0a\x1a\x0a\xb0\x0a\xaa\x00\
\x00\x00\x00\x09\xfc\x0a\xaa\x00\x00\x00\x00\x09\xf6\x0a\xaa\x00\
\x00\x00\x00\x0a\xb0\x09\xf0\x00\x00\x00\x00\x09\xea\x0a\xaa\x00\
\x00\x00\x00\x09\xe4\x09\xde\x09\xd8\x09\xd2\x09\xcc\x09\xde\x09\
\xd8\x09\xd2\x0a\x8c\x09\xde\x09\xd8\x09\xd2\x09\xc6\x09\xde\x09\
\xd8\x09\xd2\x09\xc6\x09\xde\x09\xd8\x09\xd2\x09\xc0\x09\xde\x09\
\xd8\x09\xd2\x09\xba\x09\xde\x09\xd8\x09\xd2\x09\xb4\x09\xde\x09\
\xd8\x09\xd2\x09\xe4\x09\xde\x09\xd8\x09\xd2\x09\xb4\x09\xde\x09\
\xd8\x09\xd2\x09\xae\x09\xa8\x00\x00\x00\x00\x09\xa2\x09\xa8\x00\
\x00\x00\x00\x0b\x0a\x09\xa8\x00\x00\x00\x00\x09\x9c\x09\xa8\x00\
\x00\x00\x00\x09\x96\x09\xa8\x00\x00\x00\x00\x09\x90\x09\xa8\x00\
\x00\x00\x00\x09\xae\x09\x8a\x00\x00\x00\x00\x09\xa2\x09\x8a\x00\
\x00\x00\x00\x09\x84\x09~\x00\x00\x00\x00\x09x\x09~\x00\
\x00\x00\x00\x09r\x09~\x00\x00\x00\x00\x09\x84\x09l\x00\
\x00\x00\x00\x09f\x09~\x00\x00\x00\x00\x09\x84\x09`\x00\
\x00\x00\x00\x09Z\x09T\x00\x00\x09N\x09H\x09B\x00\
\x00\x09<\x09Z\x09T\x00\x00\x09N\x09H\x09B\x00\
\x00\x09<\x09Z\x09T\x00\x00\x09N\x09H\x09B\x00\
\x00\x09<\x09Z\x096\x00\x00\x09N\x09H\x090\x00\
\x00\x09<\x09Z\x09*\x00\x00\x09N\x09H\x09$\x00\
\x00\x09<\x09\x1e\x00\x00\x09\x18\x00\x00\x09\x12\x09\x0c\x09\
\x06\x00\x00\x09\x00\x00\x00\x09\x18\x00\x00\x08\xfa\x09\x0c\x09\
\x06\x00\x00\x08\xf4\x00\x00\x09\x18\x00\x00\x08\xee\x09\x0c\x09\
\x06\x00\x00\x08\xe8\x00\x00\x09\x18\x00\x00\x08\xe2\x09\x0c\x09\
\x06\x00\x00\x08\xe8\x00\x00\x09\x18\x00\x00\x08\xe2\x09\x0c\x09\
\x06\x00\x00\x08\xdc\x00\x00\x09\x18\x00\x00\x08\xd6\x09\x0c\x09\
\x06\x00\x00\x08\xd0\x00\x00\x09\x18\x00\x00\x08\xca\x09\x0c\x09\
\x06\x00\x00\x08\xc4\x00\x00\x09\x18\x00\x00\x08\xbe\x09\x0c\x09\
\x06\x00\x00\x09\x1e\x00\x00\x09\x18\x00\x00\x09\x12\x09\x0c\x09\
\x06\x00\x00\x08\xe8\x00\x00\x09\x18\x00\x00\x08\xe2\x09\x0c\x09\
\x06\x00\x00\x08\xc4\x00\x00\x09\x18\x00\x00\x08\xbe\x09\x0c\x09\
\x06\x00\x00\x08\xb8\x08\xb2\x00\x00\x00\x00\x08\xac\x08\xb2\x00\
\x00\x00\x00\x09\xcc\x08\xb2\x00\x00\x00\x00\x09\xcc\x08\xb2\x00\
\x00\x00\x00\x08\xa6\x08\xb2\x00\x00\x00\x00\x08\xa0\x00\x00\x00\
\x00\x00\x00\x08\x9a\x00\x00\x00\x00\x00\x00\x08\x94\x00\x00\x00\
\x00\x00\x00\x08\x94\x00\x00\x00\x00\x00\x00\x08\x8e\x00\x00\x00\
\x00\x00\x00\x08\x88\x08\x82\x00\x00\x08|\x08v\x08\x82\x00\
\x00\x08|\x08p\x08\x82\x00\x00\x08|\x08j\x08\x82\x00\
\x00\x08|\x00\x01\x00\xf0\x03*\x00\x01\x00\xeb\x03*\x00\
\x01\x01E\x03*\x00\x01\x00\xf4\x01\x0b\x00\x01\x00\xf7\x00\
\x00\x00\x01\x00\xf0\x02\x16\x00\x01\x00\xbe\x03*\x00\x01\x01\
\x10\x03*\x00\x01\x01e\x03*\x00\x01\x01\x10\x02\x16\x00\
\x01\x01U\x03*\x00\x01\x01\xfc\x03*\x00\x01\x01\xa8\x00\
\x00\x00\x01\x01\xa7\x02\x16\x00\x01\x016\x03'\x00\x01\x01\
3\x03'\x00\x01\x01i\x03*\x00\x01\x01f\x03*\x00\
\x01\x00\xe4\x03*\x00\x01\x00\xe1\x03*\x00\x01\x016\x03\
*\x00\x01\x013\x03*\x00\x01\x017\x03'\x00\x01\x01\
4\x03'\x00\x01\x01\x8b\x03*\x00\x01\x01\x88\x03*\x00\
\x01\x01\x9a\x00\x0a\x00\x01\x016\x00\x00\x00\x01\x016\x02\
\x16\x00\x01\x02\x16\x00\x0a\x00\x01\x013\x02\x16\x00\x01\x01\
\x0c\xfe\xd4\x00\x01\x00\xf5\xfe\xd4\x00\x01\x01\x06\xfe\xd4\x00\
\x01\x00\xef\xfe\xd4\x00\x01\x00\xc8\x01\x22\x00\x01\x01\x06\x00\
\x00\x00\x01\x00\xe8\x02\x16\x00\x01\x00\xc6\x01\x22\x00\x01\x00\
\xef\x00\x00\x00\x01\x00\x98\x02\xb8\x00\x01\x01\x13\xfe\xd4\x00\
\x01\x01\x0a\x03*\x00\x01\x01\x0d\xfe\xd4\x00\x01\x01\x05\x03\
*\x00\x01\x01_\x03*\x00\x01\x01\x0d\x00\x00\x00\x01\x01\
\x0a\x02\x16\x00\x01\x00\x92\xfe\xd4\x00\x01\x00\xf6\x03*\x00\
\x01\x00\xe0\x03*\x00\x01\x01P\x03*\x00\x01\x00\xfb\x02\
\x16\x00\x01\x00\x8c\x00\x00\x00\x01\x00\xe5\x02\x16\x00\x01\x01\
R\x03'\x00\x01\x01\x85\x03*\x00\x01\x01\x00\x03*\x00\
\x01\x01R\x03*\x00\x01\x01\xa7\x03*\x00\x01\x01R\x01\
\x0b\x00\x01\x01\xc5\x00\x0a\x00\x01\x01R\x00\x00\x00\x01\x01\
R\x02\x16\x00\x01\x01H\x03'\x00\x01\x01J\xfe\xd4\x00\
\x01\x01C\x03*\x00\x01\x01\x9d\x03*\x00\x01\x00\xb1\xfe\
\xd4\x00\x01\x00\x98\xfe\xd4\x00\x01\x00\xf1\x03\xb8\x00\x01\x00\
\xec\x03\xb8\x00\x01\x00\x97\x01\xe0\x00\x01\x00\xab\x00\x00\x00\
\x01\x00|\x02\xda\x00\x01\x00\x92\x01\xe0\x00\x01\x00\x92\x00\
\x00\x00\x01\x01I\xfe\xd4\x00\x01\x00\x8c\x02\x16\x00\x01\x00\
\xa0\xfe\xd4\x00\x01\x00\x8c\x03*\x00\x01\x00\x86\x03'\x00\
\x01\x004\x03*\x00\x01\x00\x86\x02\x16\x00\x01\x00\x86\x03\
*\x00\x01\x00\x87\x03'\x00\x01\x00\xd6\x00\x0a\x00\x01\x00\
\xdb\x03*\x00\x01\x00\xa6\x00\x00\x00\x01\x00\xc5\x02\x82\x00\
\x01\x00\x8c\x02\xda\x00\x01\x01S\x03'\x00\x01\x01S\x03\
*\x00\x01\x01T\x03'\x00\x01\x011\xfe\xd4\x00\x01\x01\
S\x02\x16\x00\x01\x01D\x00\x00\x00\x01\x01H\x02\x16\x00\
\x01\x019\x03'\x00\x01\x00\xe7\x03*\x00\x01\x019\x03\
*\x00\x01\x014\x03*\x00\x01\x01:\x03'\x00\x01\x01\
\x8e\x03*\x00\x01\x01\xe8\x00*\x00\x01\x01?\x00\x00\x00\
\x01\x019\x02\x16\x00\x01\x01\xed\x02\x83\x00\x01\x01Y\x00\
\x00\x00\x01\x02%\x02\xda\x00\x01\x01?\x03*\x00\x01\x01\
=\xfe\xd4\x00\x01\x01:\x03*\x00\x01\x01\x94\x03*\x00\
\x01\x01=\x00\x00\x00\x01\x01?\x02\x16\x00\x01\x01\x17\x03\
'\x00\x01\x00\xc5\x03*\x00\x01\x01\x17\x03*\x00\x01\x01\
\x18\x03'\x00\x01\x01l\x03*\x00\x01\x01\xeb\x00\x0a\x00\
\x01\x01\x17\x02\x16\x00\x01\x01E\x03\xb8\x00\x01\x01\xba\x03\
\xb8\x00\x01\x01H\x01m\x00\x01\x01P\x00\x00\x00\x01\x01\
E\x02\xda\x00\x01\x01L\x00\x00\x00\x01\x01\x8a\x03\xb8\x00\
\x01\x02\x0b\x03\xb8\x00\x01\x02\x80\x03\xb8\x00\x01\x02\x12\x00\
\x00\x00\x01\x02\x0b\x02\xda\x00\x01\x01\x8b\x03\xbe\x00\x01\x01\
\x8b\x03\xb2\x00\x01\x01\xdc\x03\xb8\x00\x01\x01\x0a\x03\xb8\x00\
\x01\x01\x8b\x03\xb8\x00\x01\x02\x00\x03\xb8\x00\x01\x02\x08\x00\
\x0a\x00\x01\x01\x8b\x00\x00\x00\x01\x01\x8b\x02\xda\x00\x01\x01\
+\xfe\xd4\x00\x01\x01-\xfe\xd4\x00\x01\x01)\x03\xb8\x00\
\x01\x01)\x01m\x00\x01\x01)\x00\x00\x00\x01\x01)\x02\
\xda\x00\x01\x01X\xfe\xd4\x00\x01\x01Z\xfe\xd4\x00\x01\x01\
X\x03\xb8\x00\x01\x01\xcd\x03\xb8\x00\x01\x01V\x00\x00\x00\
\x01\x01X\x02\xda\x00\x01\x01z\xfe\xd4\x00\x01\x01x\xfe\
\xd4\x00\x01\x01S\x03\xb8\x00\x01\x01R\x03\xb8\x00\x01\x01\
\xc8\x03\xb8\x00\x01\x01\xc7\x03\xb8\x00\x01\x01x\x00\x00\x00\
\x01\x01S\x02\xda\x00\x01\x01v\x00\x00\x00\x01\x01R\x02\
\xda\x00\x01\x01\xb1\x03\xb2\x00\x01\x02\x02\x03\xb8\x00\x01\x01\
0\x03\xb8\x00\x01\x01\xb1\x03\xb8\x00\x01\x02&\x03\xb8\x00\
\x01\x01\xb1\x01m\x00\x01\x023\x00\x0a\x00\x01\x01\xb1\x00\
\x00\x00\x01\x01\xb1\x02\xda\x00\x01\x01\xbb\x03\xb2\x00\x01\x01\
\x9e\xfe\xd4\x00\x01\x01\xbb\x03\xb8\x00\x01\x020\x03\xb8\x00\
\x01\x01\x9c\x00\x00\x00\x01\x01\xbb\x02\xda\x00\x01\x01:\xfe\
\xd4\x00\x01\x01\x10\x03\xb8\x00\x01\x00\x9b\x01m\x00\x01\x01\
8\x00\x00\x00\x01\x00\x9b\x02\xda\x00\x01\x01}\xfe\xd4\x00\
\x01\x01{\x00\x00\x00\x01\x01_\x02\xda\x00\x01\x01\xb7\x03\
\xb8\x00\x01\x01T\x03\xb8\x00\x01\x01\x12\x00\x00\x00\x01\x01\
\xb7\x02\xda\x00\x01\x01C\x00\x00\x00\x01\x01T\x02\xda\x00\
\x01\x00\xe0\x03\xb2\x00\x01\x00\x9d\x03\xb2\x00\x01\x00_\x03\
\xb8\x00\x01\x00\x1c\x03\xb8\x00\x01\x00\xe0\x03\xb8\x00\x01\x00\
\x9d\x03\xb8\x00\x01\x01U\x03\xb8\x00\x01\x01\x12\x03\xb8\x00\
\x01\x01\x1a\x00\x0a\x00\x01\x00\xe0\x00\x00\x00\x01\x00\xe0\x02\
\xda\x00\x01\x00\xcc\x00\x0a\x00\x01\x00\x9d\x00\x00\x00\x01\x00\
\x9d\x02\xda\x00\x01\x01\x92\x02^\x00\x01\x01\x92\x00\x00\x00\
\x01\x01\x92\x02\xda\x00\x01\x01\xb4\xfe\xd4\x00\x01\x01\x9e\x03\
\xb8\x00\x01\x01\xb2\x00\x00\x00\x01\x01\x9e\x02\xda\x00\x01\x01\
C\x03\xb2\x00\x01\x00\xc2\x03\xb8\x00\x01\x01C\x03\xb8\x00\
\x01\x01\xb8\x03\xb8\x00\x01\x02\x1a\x00\x0a\x00\x01\x01B\x00\
\x00\x00\x01\x01C\x02\xda\x00\x01\x01x\x03\xb8\x00\x01\x00\
\xcd\x01m\x00\x01\x01\x87\x00\x00\x00\x01\x01x\x02\xda\x00\
\x01\x01\xa6\xfe\xd4\x00\x01\x01\xa1\x03\xb8\x00\x01\x02\x16\x03\
\xb8\x00\x01\x01\xa2\x00\x00\x00\x01\x01\xa1\x02\xda\x00\x01\x01\
\xeb\x04\x9c\x00\x01\x01v\x03\xbe\x00\x01\x01v\x03\xb2\x00\
\x01\x00\xf5\x03\xb8\x00\x01\x01v\x03\xb8\x00\x01\x01\xeb\x03\
\xb8\x00\x01\x02\xd0\x00\x0a\x00\x01\x01v\x02\xda\x00\x02\x00\
,\x00\x02\x00\x02\x00\x00\x00\x04\x00\x0d\x00\x01\x00\x0f\x00\
 \x00\x0b\x00\x22\x00$\x00\x1d\x00&\x00*\x00 \x00\
,\x00L\x00%\x00N\x00N\x00F\x00P\x00T\x00\
G\x00V\x00^\x00L\x00a\x00u\x00U\x00w\x00\
\x81\x00j\x00\x83\x00\x87\x00u\x00\x89\x00\x95\x00z\x00\
\x99\x00\x99\x00\x87\x00\x9b\x00\x9c\x00\x88\x00\x9e\x00\x9f\x00\
\x8a\x00\xa4\x00\xa4\x00\x8c\x00\xb4\x00\xb5\x00\x8d\x00\xb9\x00\
\xbc\x00\x8f\x00\xcd\x00\xcd\x00\x93\x00\xd0\x00\xd1\x00\x94\x00\
\xdd\x00\xe4\x00\x96\x00\xea\x00\xea\x00\x9e\x00\xef\x00\xf0\x00\
\x9f\x00\xf4\x00\xf4\x00\xa1\x01\x14\x01\x18\x00\xa2\x01'\x01\
(\x00\xa7\x01-\x017\x00\xa9\x019\x01D\x00\xb4\x01\
H\x01I\x00\xc0\x01T\x01U\x00\xc2\x01W\x01X\x00\
\xc4\x01]\x01]\x00\xc6\x01_\x01c\x00\xc7\x01g\x01\
i\x00\xcc\x01s\x01t\x00\xcf\x01\x8f\x01\x96\x00\xd1\x01\
\x9d\x01\xa2\x00\xd9\x01\xb9\x01\xc2\x00\xdf\x01\xd3\x01\xe2\x00\
\xe9\x01\xe4\x01\xe9\x00\xf9\x01\xeb\x01\xef\x00\xff\x01\xf1\x01\
\xf4\x01\x04\x01\xf7\x01\xfb\x01\x08\x00\x1f\x00\x00\x01 \x00\
\x00\x01\x1a\x00\x00\x01\x14\x00\x00\x01\x0e\x00\x00\x01\x08\x00\
\x00\x01\x02\x00\x01\x00\xfc\x00\x01\x00\xf6\x00\x00\x00\xf0\x00\
\x00\x00\xea\x00\x01\x00\xe4\x00\x01\x00\xde\x00\x00\x00\xd8\x00\
\x00\x00\xd2\x00\x00\x00\xcc\x00\x00\x00\xc6\x00\x00\x00\xc0\x00\
\x00\x00\xba\x00\x00\x00\xb4\x00\x00\x00\xae\x00\x00\x00\xa8\x00\
\x00\x00\xba\x00\x00\x01\x0e\x00\x02\x00\xa2\x00\x02\x00\xa2\x00\
\x00\x00\x9c\x00\x00\x00\x96\x00\x03\x00\x90\x00\x03\x00\x8a\x00\
\x00\x00\x84\x00\x00\x00~\x00\x01\x00\xaa\x02\xda\x00\x01\x00\
\x9e\x02\x16\x00\x01\x00\x96\x01\x0b\x00\x01\x00\x96\x01h\x00\
\x01\x00w\x02\xda\x00\x01\x00p\x02\x16\x00\x01\x00\xe2\x00\
\x0a\x00\x01\x00\x88\x02\xda\x00\x01\x00y\x02\x16\x00\x01\x00\
\xc0\x02\xda\x00\x01\x00\x8b\x02\x16\x00\x01\x00A\x02\xda\x00\
\x01\x00>\x02\x16\x00\x01\x00\xab\x02\xda\x00\x01\x00\xa2\x02\
\x16\x00\x01\x00@\x02\x16\x00\x01\x00C\x00\x00\x00\x01\x00\
;\x00\x00\x00\x01\x00\xb9\x02\xda\x00\x01\x00\xa4\x02\x16\x00\
\x01\x00I\x00\x00\x00\x01\x00|\x00\x00\x00\x01\x00\xbc\x02\
\xda\x00\x01\x00\xa3\x02\x16\x00\x01\x00\xa6\x02\xda\x00\x01\x00\
\x99\x02\x16\x00\x01\x00:\x02\xda\x00\x01\x001\x02\x16\x00\
\x01\x00\x1f\x00\x97\x00\x98\x00\xb0\x00\xb1\x00\xb6\x00\xb8\x00\
\xbe\x00\xbf\x00\xc3\x00\xc4\x00\xc7\x00\xc8\x00\xc9\x00\xd4\x00\
\xd5\x00\xdb\x00\xdc\x01\x1b\x01\x1c\x01)\x01*\x01L\x01\
M\x01e\x01f\x01\x9b\x01\x9c\x01\xb7\x01\xb8\x01\xcb\x01\
\xcc\x00\x02\x00\x08\x00\x02\x18\xc8\x00\x0a\x00\x02\x10\xf0\x00\
\x04\x00\x00\x14\xf4\x12J\x006\x00(\x00\x00\x00\x00\x00\
\x00\x00\x00\x00\x00\xff\xe9\x00\x00\x00\x00\x00\x00\xff\xf8\x00\
\x00\x00\x00\x00\x00\x00\x00\xff\xe6\x00\x00\xff\xea\xff\xf4\xff\
\xe8\xff\xdc\xff\xee\xff\xfc\xff\xf4\x00\x00\x00\x00\xff\xfc\x00\
\x00\x00\x00\x00\x00\x00\x00\xff\xe6\x00\x00\xff\xfa\xff\xee\x00\
\x00\xff\xea\x00\x00\x00\x00\x00\x00\x00\x00\x00\x00\x00\x00\x00\
\x00\x00\x00\x00\x00\x00\x00\x00\x00\x00\x00\x00\x00\x00\x00\x00\
\x00\x00\x00\x00\x00\x00\x00\x00\x00\x00\x00\x00\x00\x00\x00\x00\
\x00\x00\x00\x00\x00\x00\x00\x00\x00\x00\x00\x00\x00\x00\x00\x00\
\x00\x00\x00\x00\x00\x00\x00\xff\xf4\x00\x00\xff\xfc\x00\x00\x00\
\x00\x00\x00\x00\x00\x00\x00\x00\x00\x00\x00\x00\x00\xff\xf4\x00\
\x00\xff\xfa\x00\x00\x00\x00\x00\x00\x00\x00\xff\xfc\x00\x00\x00\
\x00\x00\x00\xff\xfd\xff\xf8\x00\x06\xff\xf6\x00\x00\x00\x00\x00\
\x00\x00\x00\x00\x00\xff\xf0\x00\x00\x00\x00\x00\x00\x00\x00\x00\
\x00\xff\xfa\x00\x00\x00\x00\xff\xf8\xff\xf8\xff\xfa\x00\x00\x00\
\x00\x00\x00\x00\x00\x00\x00\x00\x00\x00\x00\x00\x00\x00\x00\x00\
\x00\x00\x00\x00\x00\x00\x00\x00\x00\x00\x00\xff\xfc\x00\x00\x00\
\x00\x00\x00\x00\x00\x00\x00\xff\xec\x00\x00\x00\x00\x00\x00\x00\
\x00\xff\xf8\x00\x00\x00\x00\xff\xf7\x00\x00\x00\x00\xff\xfd\x00\
\x00\x00\x00\x00\x00\x00\x00\xff\xe7\xff\xf4\xff\xfa\x00\x00\x00\
\x00\x00\x00\x00\x00\x00\x00\x00\x00\xff\xfe\x00\x00\x00\x00\x00\
\x00\x00\x00\x00\x00\x00\x00\x00\x00\x00\x00\xff\xf6\x00\x00\x00\
\x00\x00\x00\x00\x00\x00\x00\xff\xe6\x00\x00\x00\x00\x00\x00\x00\
\x00\xff\xf2\x00\x00\x00\x00\xff\xf1\x00\x00\x00\x00\xff\xfc\x00\
\x00\x00\x00\x00\x00\x00\x00\xff\xd3\xff\xee\xff\xe4\x00\x00\x00\
\x00\x00\x00\x00\x00\x00\x00\x00\x00\xff\xf4\x00\x00\xff\xfa\x00\
\x00\xff\xe9\xff\xfa\x00\x0a\xff\xe8\x00\x00\xff\xf4\x00\x00\xff\
\xfa\xff\xfb\xff\xfc\xff\xfa\xff\xf8\xff\xfe\xff\xc8\xff\xe2\xff\
\xc2\x00\x00\x00\x00\xff\xf6\xff\xf8\xff\xfa\xff\xfd\xff\xf7\x00\
\x00\x00\x00\xff\xfe\x00\x00\xff\xbf\xff\xce\xff\xc2\x00\x00\x00\
\x00\xff\xfe\x00\x00\x00\x00\x00\x00\x00\x00\x00\x00\x00\x00\x00\
\x00\x00\x00\x00\x00\xff\xe8\x00\x00\x00\x00\x00\x00\x00\x00\x00\
\x00\x00\x00\x00\x00\x00\x00\xff\xf6\x00\x00\xff\xfe\x00\x00\x00\
\x00\xff\xe6\xff\xf4\x00\x00\x00\x00\x00\x00\x00\x00\x00\x00\x00\
\x00\x00\x00\xff\xf8\x00\x00\xff\xfa\x00\x00\x00\x00\xff\xf8\x00\
\x00\xff\xfa\x00\x00\x00\x00\x00\x00\x00\x00\x00\x00\x00\x00\x00\
\x00\x00\x00\x00\x00\x00\x00\x00\x00\x00\x00\x00\x00\x00\x00\x00\
\x00\x00\x00\x00\x00\x00\x00\xff\xf4\x00\x00\x00\x00\x00\x00\x00\
\x00\x00\x00\x00\x00\x00\x00\x00\x00\x00\x00\x00\x00\x00\x00\x00\
\x00\x00\x00\x00\x00\x00\x00\x00\x00\x00\x00\x00\x00\x00\x00\x00\
\x00\x00\x00\x00\x00\x00\x00\x00\x00\x00\x00\x00\x00\x00\x00\x00\
\x00\x00\x00\x00\x00\x00\x00\x00\x00\x00\x00\x00\x00\x00\x00\x00\
\x06\x00\x00\x00\x00\x00\x00\xff\xf6\x00\x00\x00\x00\x00\x00\x00\
\x00\xff\xee\x00\x00\xff\xfe\xff\xf9\x00\x00\x00\x00\xff\xfe\x00\
\x00\x00\x00\x00\x00\x00\x00\xff\xea\x00\x00\xff\xf8\x00\x00\x00\
\x00\x00\x00\x00\x00\x00\x00\x00\x00\xff\xfa\x00\x00\xff\xf6\x00\
\x00\x00\x00\x00\x00\x00\x00\x00\x00\xff\xfc\x00\x00\x00\x00\x00\
\x0a\x00\x00\x00\x00\x00\x00\xff\xfc\xff\xfc\x00\x00\x00\x00\x00\
\x00\xff\xda\x00\x00\xff\xf4\x00\x00\x00\x00\x00\x00\xff\xfa\x00\
\x06\x00\x00\x00\x00\x00\x00\xff\xf6\x00\x04\x00\x04\x00\x00\x00\
\x00\x00\x00\x00\x00\x00\x00\x00\x00\x00\x00\x00\x00\xff\xf6\x00\
\x00\xff\xf8\xff\xfc\x00\x00\x00\x00\x00\x00\xff\xfc\x00\x00\x00\
\x00\x00\x00\x00\x00\xff\xfe\x00\x00\xff\xfc\x00\x00\x00\x00\x00\
\x00\x00\x00\xff\xfc\xff\xf4\x00\x00\x00\x00\x00\x00\x00\x00\x00\
\x00\xff\xfe\xff\xf6\x00\x00\xff\xfa\x00\x00\xff\xfa\x00\x00\x00\
\x00\x00\x00\x00\x00\x00\x00\x00\x00\x00\x00\x00\x00\x00\x00\x00\
\x00\x00\x00\x00\x00\x00\x00\x00\x00\x00\x00\xff\xfe\x00\x00\x00\
\x00\x00\x00\x00\x00\x00\x00\x00\x00\x00\x00\x00\x00\x00\x00\x00\
\x00\x00\x00\x00\x00\x00\x00\x00\x00\x00\x00\x00\x00\x00\x00\x00\
\x00\x00\x00\x00\x00\x00\x00\xff\xde\x00\x00\xff\xec\x00\x00\x00\
\x00\x00\x00\x00\x00\x00\x00\x00\x00\x00\x00\x00\x00\x00\x00\x00\
\x00\x00\x00\x00\x00\x00\x00\x00\x00\x00\x00\xff\xfc\x00\x00\x00\
\x00\x00\x00\x00\x00\x00\x00\xff\xec\x00\x00\x00\x00\x00\x00\x00\
\x00\x00\x00\x00\x00\x00\x00\x00\x00\x00\x00\x00\x00\x00\x00\x00\
\x00\x00\x00\x00\x00\x00\x00\xff\xde\xff\xf7\xff\xf0\x00\x00\x00\
\x00\x00\x00\x00\x00\x00\x00\x00\x00\xff\xfe\x00\x00\x00\x00\x00\
\x00\x00\x00\x00\x00\xff\xfa\x00\x00\x00\x00\x00\x00\xff\xfe\x00\
\x00\x00\x00\x00\x00\x00\x00\xff\xf2\x00\x00\xff\xee\xff\xf0\xff\
\xe6\xff\xf2\xff\xee\xff\xfd\x00\x00\x00\x00\x00\x00\xff\xfc\x00\
\x00\x00\x00\x00\x00\x00\x00\xff\xe2\x00\x00\xff\xf2\x00\x00\x00\
\x00\xff\xf0\x00\x00\x00\x00\x00\x00\xff\xf8\x00\x00\x00\x00\x00\
\x00\x00\x00\x00\x00\x00\x00\x00\x00\x00\x00\x00\x00\x00\x00\x00\
\x00\x00\x00\x00\x00\x00\x00\x00\x00\x00\x00\x00\x00\x00\x00\x00\
\x00\x00\x00\x00\x00\x00\x00\x00\x00\x00\x00\x00\x00\x00\x00\x00\
\x00\x00\x00\x00\x00\x00\x00\xff\xee\x00\x00\x00\x00\x00\x00\x00\
\x00\x00\x00\x00\x00\x00\x00\x00\x00\x00\x00\x00\x00\x00\x00\x00\
\x00\x00\x00\x00\x00\x00\x00\x00\x00\x00\x00\x00\x00\x00\x00\x00\
\x00\x00\x00\x00\x00\x00\x00\x00\x00\x00\x00\x00\x00\x00\x00\x00\
\x00\x00\x00\x00\x00\x00\x00\x00\x00\x00\x00\x00\x00\x00\x00\x00\
\x00\x00\x00\x00\x00\x00\x00\xff\xe8\x00\x00\xff\xf8\x00\x00\x00\
\x00\x00\x00\x00\x00\x00\x00\x00\x00\x00\x00\x00\x00\x00\x00\x00\
\x00\x00\x00\x00\x00\xff\xfa\x00\x00\x00\x00\x00\x10\xff\xfe\x00\
\x12\x00\x00\x00\x00\x00\x00\xff\xf4\x00\x00\xff\xfc\xff\xfe\xff\
\xfc\xff\xfa\xff\xfa\x00\x08\x00\x00\x00\x00\x00\x00\x00\x00\x00\
\x00\x00\x00\x00\x00\x00\x00\xff\xf4\x00\x00\x00\x0c\xff\xfd\x00\
\x00\xff\xfc\x00\x00\x00\x00\x00\x00\x00\x00\x00\x00\xff\xe6\x00\
\x00\xff\xe6\xff\xf6\xff\xf8\xff\xf6\x00\x00\xff\xfc\x00\x00\x00\
\x00\xff\xee\xff\xec\xff\xf2\x00\x00\x00\x00\x00\x08\x00\x00\x00\
\x00\x00\x00\x00\x00\x00\x00\x00\x00\x00\x1a\x00\x00\x00\x00\x00\
0\xff\xfa\xff\xde\x00\x00\x00\x00\x00\x00\x00\x00\xff\xf8\xff\
\xe6\x00\x00\x00\x00\x00\x00\x00\x00\xff\xf2\x00\x00\x00\x00\x00\
\x00\x00\x00\x00\x00\x00\x00\x00\x00\x00\x00\x00\x00\x00\x00\x00\
\x00\x00\x00\x00\x00\x00\x00\xff\xea\x00\x00\x00\x00\x00\x00\x00\
\x00\xff\xfc\x00\x00\xff\xfe\xff\xfc\x00\x00\x00\x00\x00\x00\x00\
\x00\x00\x00\x00\x00\x00\x00\xff\xe6\xff\xf8\xff\xfc\x00\x00\x00\
\x00\x00\x00\x00\x00\x00\x00\x00\x00\xff\xfe\x00\x00\x00\x00\x00\
\x00\x00\x00\x00\x00\x00\x00\x00\x00\x00\x00\xff\xfc\x00\x00\x00\
\x00\x00\x00\x00\x00\x00\x00\xff\xf0\x00\x00\x00\x00\x00\x00\x00\
\x00\xff\xf6\x00\x00\x00\x00\x00\x00\x00\x00\x00\x00\x00\x00\x00\
\x00\x00\x00\x00\x00\x00\x00\xff\xe0\xff\xfa\xff\xf4\x00\x00\x00\
\x00\x00\x00\x00\x00\x00\x00\x00\x00\xff\xfb\x00\x00\x00\x00\x00\
\x00\xff\xfc\x00\x00\xff\xf7\x00\x00\x00\x00\x00\x00\xff\xfc\x00\
\x00\x00\x00\x00\x00\x00\x00\xff\xec\x00\x00\xff\xea\xff\xf6\xff\
\xea\xff\xf8\xff\xf0\x00\x06\x00\x00\x00\x00\x00\x00\x00\x00\x00\
\x00\x00\x00\x00\x00\x00\x00\xff\xf2\x00\x00\xff\xfc\xff\xfc\x00\
\x00\xff\xf0\x00\x00\x00\x00\x00\x00\x00\x00\x00\x00\xff\xfc\x00\
\x00\xff\xf4\xff\xf6\x00\x0c\xff\xee\x00\x00\xff\xee\x00\x00\xff\
\xf8\x00\x00\x00\x00\xff\xf8\x00\x0c\x00\x00\xff\xbe\xff\xce\xff\
\xac\x00\x00\x00\x00\xff\xf8\x00\x00\x00\x00\x00\x00\x00\x00\x00\
\x00\xff\xfe\xff\xf6\x00\x00\xff\xa6\x00\x00\xff\xa0\x00\x00\x00\
\x00\x00\x00\x00\x00\x00\x00\x00\x00\x00\x00\x00\x00\xff\xc0\xff\
\xe2\xff\xea\xff\xd2\xff\xc8\xff\xfe\xff\xde\xff\xd2\x00\x00\xff\
\xfc\xff\xfa\xff\xf0\xff\xea\x00\x08\xff\xce\x00\x08\x00\x0f\x00\
\x08\xff\xb4\xff\xf8\xff\xc6\xff\xdc\x00\x06\x00\x00\xff\xcc\xff\
\xfd\xff\xd8\xff\xb4\xff\xec\xff\xf7\x00\x00\xff\xf8\xff\xce\x00\
\x00\x00\x04\x00\x06\xff\xe2\x00\x00\xff\xe0\x00\x00\xff\xe8\xff\
\xf4\xff\xf4\xff\xf8\xff\xe2\x00\x00\xff\xf4\x00\x00\x00\x00\x00\
\x00\x00\x00\x00\x00\xff\xf4\x00\x00\xff\xf2\x00\x0f\x00\x06\x00\
\x08\xff\xd4\xff\xf8\xff\xe8\xff\xec\x00\x08\x00\x00\xff\xfa\x00\
\x00\xff\xfa\xff\xe2\xff\xfc\xff\xf8\x00\x00\x00\x08\xff\xe4\xff\
\xf4\x00\x02\x00\x06\xff\xf8\x00\x00\x00\x00\x00\x00\xff\xc8\xff\
\xf0\xff\xe8\xff\xe0\xff\xc2\x00\x00\xff\xdc\xff\xf0\x00\x00\xff\
\xfe\xff\xfa\xff\xf6\xff\xe4\x00\x00\xff\xc8\x00\x08\x00\x08\x00\
\x00\xff\xb0\xff\xf2\xff\xda\xff\xdc\x00\x08\x00\x00\xff\xd6\xff\
\xfa\xff\xe6\xff\xac\xff\xf4\xff\xfa\xff\xfa\xff\xfa\xff\xca\xff\
\xe8\x00\x04\x00\x08\xff\xe4\x00\x00\xff\xe2\x00\x00\xff\xf2\x00\
\x00\xff\xdc\xff\xee\x00\x00\xff\xe6\x00\x00\xff\xda\x00\x00\x00\
\x00\x00\x00\x00\x00\xff\xf0\x00\x00\x00\x00\xff\xb4\xff\xd4\xff\
\xb0\x00\x00\x00\x00\x00\x00\x00\x00\x00\x00\x00\x00\x00\x00\x00\
\x00\x00\x00\x00\x00\x00\x00\x00\x00\x00\x00\x00\x00\x00\x00\x00\
\x00\x00\x00\x00\x00\x00\x00\x00\x00\x00\x00\x00\x00\xff\xfe\x00\
\x00\x00\x00\x00\x00\x00\x00\x00\x00\x00\x00\xff\xfc\x00\x00\x00\
\x00\x00\x00\x00\x00\x00\x00\xff\xfe\x00\x00\x00\x00\x00\x00\x00\
\x00\x00\x02\x00\x00\xff\xf2\x00\x00\x00\x00\x00\x00\x00\x00\x00\
\x00\x00\x00\x00\x00\x00\x02\xff\xd2\xff\xe6\xff\xe2\x00\x00\x00\
\x00\x00\x00\x00\x00\x00\x00\x00\x00\x00\x00\x00\x00\xff\xfe\x00\
\x00\x00\x00\xff\xfe\x00\x00\x00\x00\xff\xfe\xff\xfc\x00\x00\x00\
\x00\x00\x00\x00\x00\x00\x00\xff\xf5\x00\x00\x00\x00\x00\x00\x00\
\x00\x00\x04\x00\x00\xff\xe8\x00\x00\x00\x00\x00\x00\x00\x00\x00\
\x00\x00\x00\x00\x00\x00\x00\xff\xd6\xff\xf4\xff\xf4\x00\x00\x00\
\x00\x00\x00\x00\x00\x00\x00\x00\x00\x00\x00\x00\x00\xff\xf6\x00\
\x00\xff\xf4\xff\xfc\x00\x00\xff\xfc\x00\x00\xff\xf8\x00\x00\x00\
\x00\x00\x00\xff\xfe\xff\xf8\xff\xf8\xff\xfe\xff\xf0\xff\xfa\xff\
\xe6\x00\x00\x00\x00\xff\xf2\x00\x00\x00\x00\x00\x00\x00\x00\x00\
\x00\xff\xfc\xff\xf6\x00\x00\xff\xe2\xff\xf3\xff\xf2\x00\x00\x00\
\x00\x00\x00\x00\x00\x00\x00\x00\x00\x00\x00\x00\x00\xff\xf8\x00\
\x00\xff\xf8\xff\xfa\x00\x00\xff\xfe\x00\x00\x00\x00\xff\xfe\x00\
\x00\x00\x00\x00\x00\xff\xfc\xff\xfe\xff\xfc\xff\xf4\xff\xf6\xff\
\xee\x00\x00\xff\xfa\xff\xf4\xff\xfc\x00\x00\x00\x00\x00\x00\x00\
\x00\xff\xfe\xff\xf2\x00\x00\xff\xed\xff\xf8\xff\xf8\x00\x00\x00\
\x00\x00\x00\x00\x00\x00\x00\x00\x00\x00\x00\x00\x00\xff\xf8\xff\
\xfe\xff\xee\xff\xfa\x00\x00\x00\x00\x00\x00\x00\x00\x00\x00\x00\
\x00\x00\x00\x00\x00\xff\xec\x00\x00\xff\xfa\xff\xfe\x00\x02\x00\
\x00\x00\x00\x00\x00\xff\xdc\xff\xf6\x00\x00\x00\x00\x00\x00\x00\
\x00\xff\xfc\x00\x00\x00\x00\xff\xea\x00\x00\xff\xf2\x00\x00\xff\
\xee\x00\x00\x00\x00\xff\xfe\x00\x00\x00\x00\x00\x00\x00\x00\x00\
\x00\xff\xfc\xff\xfe\xff\xf6\x00\x00\x00\x00\xff\xf4\xff\xf4\x00\
\x00\x00\x00\x00\x00\xff\xf6\x00\x00\x00\x00\xff\xc6\xff\xe8\xff\
\xda\x00\x00\xff\xe8\x00\x00\x00\x00\x00\x00\x00\x00\x00\x00\xff\
\xfa\x00\x0a\x00\x06\x00\x00\x00\x00\x00\x00\x00\x00\xff\xfc\x00\
\x00\xff\xe6\x00\x00\x00\x00\x00\x00\xff\xe4\x00\x00\xff\xf1\x00\
\x00\xff\xf4\xff\xfa\xff\xf8\x00\x00\x00\x00\x00\x00\x00\x00\x00\
\x00\x00\x00\x00\x00\x00\x00\x00\x00\x00\x00\xff\xdc\xff\xec\xff\
\xdc\x00\x00\xff\xfa\x00\x00\x00\x00\xff\xf8\x00\x00\x00\x00\x00\
\x00\x00\x00\xff\xee\x00\x00\x00\x00\x00\x00\x00\x00\x00\x00\x00\
\x00\xff\xf0\x00\x00\x00\x00\x00\x00\xff\xf8\x00\x00\xff\xfa\x00\
\x00\x00\x00\x00\x00\x00\x00\x00\x00\xff\xfe\x00\x12\x00\x00\x00\
\x0a\x00\x02\x00\x08\x00\x00\xff\xf4\x00\x00\x00\x00\x00\x00\x00\
\x00\xff\xc2\x00\x00\xff\xf6\x00\x00\x00\x00\x00\x00\x00\x00\x00\
\x06\x00\x00\x00\x00\x00\x00\x00\x00\x00\x12\x00\x16\x00\x00\x00\
\x00\x00\x00\x00\x00\x00\x00\xff\xfa\x00\x05\x00\x00\xff\xfc\x00\
\x02\x00\x00\x00\x06\x00\x00\x00\x00\xff\xfc\x00\x10\x00\x00\x00\
\x0e\x00\x04\x00\x02\x00\x00\xff\xf8\x00\x02\x00\x00\x00\x00\x00\
\x00\xff\xba\x00\x00\xff\xe6\x00\x00\x00\x00\x00\x00\x00\x00\x00\
\x0e\x00\x00\x00\x00\x00\x00\x00\x02\x00\x10\x00\x0c\x00\x00\x00\
\x00\x00\x00\x00\x00\x00\x00\xff\xf4\x00\x00\x00\x00\xff\xfc\x00\
\x00\x00\x00\x00\x00\x00\x00\x00\x00\xff\xfe\x00\x00\x00\x00\x00\
\x00\x00\x00\x00\x00\x00\x00\xff\xf8\xff\xfc\x00\x00\x00\x00\x00\
\x00\x00\x00\x00\x00\xff\xec\x00\x00\x00\x00\x00\x00\x00\x00\x00\
\x04\x00\x00\x00\x00\x00\x00\xff\xee\x00\x00\x00\x00\x00\x00\x00\
\x00\x00\x00\x00\x00\x00\x00\x00\x00\x00\x00\x00\x00\xff\xfb\x00\
\x00\x00\x00\x00\x00\x00\x00\x00\x00\x00\x00\x00\x00\x00\x00\x00\
\x00\x00\x00\x00\x00\x00\x00\x00\x00\x00\x00\x00\x00\x00\x00\x00\
\x00\x00\x00\x00\x00\x00\x00\x00\x00\x00\x00\x00\x00\x00\x00\x00\
\x00\x00\x00\x00\x00\x00\x00\x00\x00\x00\x00\x00\x00\x00\x00\x00\
\x00\x00\x00\x00\x00\x00\x00\x00\x00\x00\x00\x00\x00\x00\x00\x00\
\x00\x00\x00\x00\x00\x00\x00\x00\x00\x00\x00\x00\x00\x00\x00\x00\
\x00\x00\x00\x00\x00\x00\x00\x00T\x00\x00\x00\x00\x00\x00\x00\
\x00\x00\x02\x00\x00\x00\x00\x00\x00\x00\x00\x00\x00\x00\x00\x00\
\x00\x00\x00\x00\x00\x00\x00\x00\x00\x00\x00\x00\x00\x00\x00\x00\
\x00\x00\x00\x00\x00\x00\x00\x00\x00\x00\x00\x00\x00\x00\x00\x00\
\x00\x00\x00\x00\x00\xff\xde\x00\x00\x00\x00\x00\x00\x00\x00\x00\
\x00\x00\x00\x00\x00\x00\x00\xff\xfc\x00\x00\x00\x00\x00\x00\x00\
\x00\xff\xd2\x00\x00\xff\xec\x00\x00\x00\x00\x00\x00\x00\x00\x00\
\x00\x00\x00\x00\x00\x00\x00\xff\xea\x00\x00\x00\x00\xff\xf4\x00\
\x00\xff\xf4\x00\x00\x00\x00\x00\x00\x00\x00\x00\x00\x00\x00\x00\
\x00\x00\x00\x00\x00\xff\xe2\x00\x00\x00\x00\x00\x00\x00\x00\x00\
\x00\x00\x00\x00\x00\x00\x00\x00\x00\x00\x00\x00\x00\x00\x00\x00\
\x00\xff\xde\x00\x00\x00\x00\xff\xf8\x00\x00\x00\x00\x00\x00\x00\
\x00\x00\x00\x00\x00\x00\x00\xff\xec\x00\x00\x00\x00\xff\xf4\x00\
\x00\xff\xf8\x00\x00\x00\x00\x00\x00\x00\x00\x00\x00\xff\xf4\x00\
\x00\xff\xd8\xff\xf4\xff\xfc\xff\xf4\x00\x00\xff\xf0\x00\x00\xff\
\xfc\x00\x00\xff\xfc\xff\xe4\xff\xfe\xff\xf4\xff\xf4\xff\xf6\xff\
\xee\x00\x06\xff\xfc\xff\xde\xff\xfc\x00\x00\xff\xfe\x00\x00\x00\
\x02\xff\xfa\xff\xf4\x00\x00\xff\xd4\xff\xe4\xff\xe2\x00\x00\x00\
\x00\x00\x02\x00\x00\x00\x00\x00\x00\x00\x00\x00\x00\x00\x00\x00\
\x00\x00\x00\x00\x00\x00\x00\x00\x00\x00\x00\x00\x00\x00\x00\x00\
\x00\x00\x00\x00\x00\x00\x00\x00\x00\x00\x00\xff\xec\xff\xfc\xff\
\xf4\x00\x00\x00\x00\x00\x00\x00\x00\x00\x00\x00\x00\x00\x00\x00\
\x00\x00\x00\x00\x00\x00\x00\x00\x00\x00\x00\x00\x00\x00\x00\x00\
\x00\x00\x00\x00\x00\x00\x00\x00\x00\x00\x00\x00\x00\xff\xfc\xff\
\xfe\x00\x00\x00\x00\x00\x00\x00\x00\xff\xfe\x00\x10\x00\x00\x00\
\x08\xff\xd4\x00\x00\x00\x00\x00\x16\x00\x00\x00\x00\x00\x00\x00\
\x00\xff\xd4\x00\x00\xff\xf8\x00\x00\x00\x0c\x00\x00\x00\x04\xff\
\xf6\x00\x00\x00\x00\x00\x00\xff\xfa\x00\x0c\x00\x1e\x00\x00\x00\
\x00\x00\x00\x00\x0c\x00\x00\xff\xf7\x00\x04\x00\x00\xff\xfc\x00\
\x02\x00\x00\x00\x00\x00\x00\x00\x00\xff\xfc\x00\x0c\x00\x00\x00\
\x0a\x00\x00\xff\xe8\x00\x00\x00\x12\x00\x00\x00\x00\x00\x00\x00\
\x00\xff\xc8\x00\x00\xff\xf0\x00\x00\x00\x12\xff\xfc\x00\x00\xff\
\xf6\x00\x00\x00\x00\x00\x00\x00\x02\x00\x1a\x00\x10\x00\x00\x00\
\x00\x00\x00\x00\x12\x00\x00\xff\xf6\x00\x06\x00\x00\xff\xf4\x00\
\x00\x00\x00\xff\xfa\x00\x00\x00\x00\xff\xfc\xff\xfa\x00\x00\x00\
\x00\xff\xfa\xff\xfb\x00\x00\xff\xf8\xff\xf8\x00\x00\x00\x00\x00\
\x00\x00\x00\x00\x00\xff\xea\x00\x00\xff\xfd\x00\x00\x00\x00\x00\
\x00\x00\x00\x00\x00\x00\x00\xff\xe3\x00\x00\xff\xe4\x00\x00\x00\
\x00\x00\x00\x00\x00\x00\x00\x00\x00\x00\x00\x00\x00\xff\xd3\x00\
\x09\xff\xe6\xff\xec\xff\xbf\xff\xfa\xff\xe6\xff\xfe\xff\xfa\x00\
\x00\x00\x00\xff\xfa\xff\xd8\x00\x00\xff\xdc\xff\xf7\xff\xf8\xff\
\xf8\x00\x00\xff\xdc\x00\x00\x00\x00\x00\x00\x00\x00\x00\x00\x00\
\x00\xff\xc4\xff\x9c\x00\x00\x00\x00\x00\x00\x00\x00\x00\x00\x00\
\x00\xff\xe4\x00\x00\x00\x00\x00\x00\xff\xf6\x00\x00\xff\xda\x00\
\x06\xff\xe6\xff\xf6\xff\xbc\x00\x00\xff\xdc\x00\x04\xff\xfa\x00\
\x08\xff\xfa\x00\x00\xff\xee\x00\x00\xff\xe2\x00\x0c\x00\x0c\x00\
\x06\x00\x00\xff\xec\x00\x00\x00\x00\x00\x06\x00\x00\x00\x00\x00\
\x06\xff\xcc\xff~\x00\x00\x00\x00\x00\x00\x00\x00\x00\x00\x00\
\x00\xff\xfa\x00\x00\x00\x00\x00\x00\xff\xf4\x00\x00\xff\xce\x00\
\x00\x00\x00\x00\x00\xff\xba\x00\x00\xff\xe8\x00\x08\x00\x00\x00\
\x06\x00\x00\x00\x00\xff\xf2\x00\x00\xff\xda\x00\x00\xff\xfa\x00\
\x03\xff\x8c\x00\x00\xff\xb6\x00\x00\x00\x0c\x00\x00\x00\x00\x00\
\x00\xff\xcc\xff\xe0\x00\x00\x00\x00\x00\x00\x00\x00\x00\x00\x00\
\x00\x00\x00\x00\x00\x00\x00\x00\x00\x00\x00\x00\x00\xff\xfc\x00\
\x00\xff\xfc\x00\x00\xff\xf6\xff\xfe\x00\x00\x00\x00\xff\xf4\x00\
\x00\x00\x00\x00\x00\xff\xf8\xff\xec\x00\x00\xff\xf2\xff\xf8\xff\
\xe4\xff\xf2\xff\xf0\xff\xfc\xff\xf7\x00\x00\x00\x00\x00\x00\x00\
\x00\x00\x00\xff\xfc\x00\x00\xff\xdc\xff\xea\xff\xe7\xff\xf7\x00\
\x00\xff\xec\x00\x00\x00\x00\x00\x00\x00\x00\x00\x00\xff\xf6\x00\
\x02\x00\x00\x00\x00\xff\xcc\x00\x00\xff\xfa\x00\x0c\xff\xf6\x00\
\x10\x00\x0c\x00\x08\xff\xfc\xff\xf4\xff\xfc\xff\xfe\x00\x00\xff\
\xfc\xff\x8a\xff\xe8\xff\xf2\x00\x00\x00\x00\x00\x00\x00\x00\x00\
\x02\xff\xf6\xff\xda\x00\x00\xff\xfa\x00\x00\x00\x0c\xff\xca\x00\
\x00\xff\xe8\x00\x00\x00\x00\xff\xf4\x00\x00\x00\x00\x00\x00\x00\
\x00\x00\x00\x00\x00\xff\xe2\x00\x00\x00\x00\x00\x00\xff\xf8\x00\
\x00\x00\x00\x00\x00\x00\x00\xff\xee\x00\x00\xff\xea\xff\xf4\xff\
\xe8\xff\xde\xff\xf0\xff\xfc\xff\xf4\x00\x00\x00\x00\xff\xfc\x00\
\x00\x00\x00\x00\x00\x00\x00\xff\xe6\x00\x00\xff\xfa\xff\xef\x00\
\x00\xff\xea\x00\x00\x00\x00\x00\x00\x00\x00\x00\x00\xff\xee\xff\
\xfe\xff\xe8\xff\xf6\xff\xfe\xff\xfa\xff\xfa\xff\xf0\x00\x00\xff\
\xfe\x00\x00\xff\xfc\xff\xe6\x00\x00\xff\xf8\x00\x04\x00\x02\x00\
\x04\x00\x00\xff\xf8\xff\xe6\xff\xf0\x00\x00\x00\x00\x00\x00\x00\
\x00\xff\xf8\xff\xe8\x00\x00\xff\xe4\xff\xe8\xff\xec\xff\xfc\x00\
\x00\x00\x00\x00\x00\xff\xfc\x00\x00\x00\x00\x00\x00\xff\xf0\x00\
\x00\x00\x00\x00\x00\x00\x00\x00\x00\x00\x00\x00\x00\x00\x00\x00\
\x00\x00\x00\x00\x00\x00\x00\x00\x00\x00\x00\x00\x00\x00\x00\x00\
\x00\x00\x00\x00\x00\x00\x00\x00\x00\x00\x00\x00\x00\x00\x00\x00\
\x00\x00\x00\x00\x00\x00\x00\x00\x00\x00\x00\x00\x00\x00\x00\x00\
\x00\x00\x00\x00\x00\x00\x00\x00\x00\x00\x00\x00\x00\xff\xf4\x00\
\x00\x00\x00\xff\xf4\x00\x00\x00\x00\xff\xf6\x00\x00\x00\x00\xff\
\xfc\x00\x00\x00\x00\x00\x00\xff\xf2\xff\xfa\x00\x00\x00\x00\x00\
\x00\x00\x00\x00\x00\xff\xe4\xff\xf8\x00\x00\x00\x00\xff\xf8\x00\
\x02\x00\x00\x00\x00\x00\x00\xff\xe6\x00\x00\xff\xf0\x00\x00\x00\
\x00\x00\x00\x00\x00\x00\x00\x00\x00\x00\x00\x00\x02\x009\x00\
\x02\x00 \x00\x00\x00\x22\x00$\x00\x1f\x00&\x00+\x00\
\x22\x00/\x00/\x00(\x001\x001\x00)\x003\x00\
3\x00*\x005\x005\x00+\x007\x007\x00,\x00\
9\x009\x00-\x00;\x00;\x00.\x00=\x00=\x00\
/\x00?\x00?\x000\x00A\x00L\x001\x00T\x00\
_\x00=\x00a\x00u\x00I\x00w\x00\x81\x00^\x00\
\x83\x00\x95\x00i\x00\x99\x00\x9c\x00|\x00\x9e\x00\x9f\x00\
\x80\x00\xa4\x00\xa5\x00\x82\x00\xa8\x00\xa9\x00\x84\x00\xac\x00\
\xad\x00\x86\x00\xb4\x00\xb5\x00\x88\x00\xb9\x00\xbc\x00\x8a\x00\
\xc5\x00\xc6\x00\x8e\x00\xcd\x00\xcd\x00\x90\x00\xd0\x00\xd1\x00\
\x91\x00\xdd\x00\xe4\x00\x93\x00\xe9\x00\xeb\x00\x9b\x00\xed\x00\
\xed\x00\x9e\x00\xef\x00\xf0\x00\x9f\x00\xf4\x00\xf4\x00\xa1\x00\
\xfa\x01\x07\x00\xa2\x01\x0c\x01\x0d\x00\xb0\x01\x1f\x01 \x00\
\xb2\x01#\x01$\x00\xb4\x01'\x01(\x00\xb6\x01+\x01\
+\x00\xb8\x01-\x01D\x00\xb9\x01J\x01J\x00\xd1\x01\
T\x01U\x00\xd2\x01W\x01X\x00\xd4\x01]\x01]\x00\
\xd6\x01_\x01d\x00\xd7\x01g\x01i\x00\xdd\x01s\x01\
u\x00\xe0\x01w\x01x\x00\xe3\x01|\x01|\x00\xe5\x01\
\x87\x01\x96\x00\xe6\x01\x9d\x01\xa2\x00\xf6\x01\xa5\x01\xa5\x00\
\xfc\x01\xb0\x01\xb1\x00\xfd\x01\xb9\x01\xba\x00\xff\x01\xbc\x01\
\xc3\x01\x01\x01\xd3\x01\xe2\x01\x09\x01\xe4\x01\xf4\x01\x19\x01\
\xf7\x01\xfb\x01*\x00\x02\x00q\x00\x02\x00\x02\x00\x05\x00\
\x03\x00\x03\x00!\x00\x04\x00\x0d\x00\x05\x00\x0f\x00\x14\x00\
\x03\x00&\x00*\x00\x03\x00+\x00+\x00\x0d\x00/\x00\
/\x00\x09\x001\x001\x00\x09\x003\x003\x00\x09\x00\
5\x005\x00\x09\x007\x007\x00\x09\x009\x009\x00\
\x09\x00;\x00;\x00\x09\x00=\x00=\x00\x09\x00?\x00\
?\x00\x09\x00A\x00A\x00\x09\x00B\x00B\x00\x1b\x00\
C\x00C\x00\x1c\x00D\x00D\x00\x1b\x00E\x00E\x00\
\x1c\x00T\x00^\x00\x03\x00a\x00a\x00\x03\x00b\x00\
b\x00\x22\x00k\x00p\x00\x0d\x00q\x00u\x00\x10\x00\
w\x00\x81\x00\x06\x00\x83\x00\x87\x00\x11\x00\x88\x00\x88\x00\
#\x00\x89\x00\x8d\x00\x12\x00\x8e\x00\x91\x00\x14\x00\x92\x00\
\x95\x00\x07\x00\x99\x00\x9c\x00\x07\x00\x9e\x00\x9f\x00\x07\x00\
\xa4\x00\xa4\x00\x07\x00\xaa\x00\xab\x00\x0e\x00\xae\x00\xaf\x00\
\x0e\x00\xb4\x00\xb5\x00\x01\x00\xb9\x00\xbc\x00\x01\x00\xc5\x00\
\xc5\x00\x1d\x00\xc6\x00\xc6\x00\x13\x00\xcd\x00\xcd\x00\x01\x00\
\xd0\x00\xd1\x00\x01\x00\xdd\x00\xe4\x00\x01\x00\xe9\x00\xe9\x00\
\x13\x00\xea\x00\xea\x00\x01\x00\xeb\x00\xeb\x00\x15\x00\xed\x00\
\xed\x00\x15\x00\xef\x00\xef\x00\x02\x00\xf0\x00\xf0\x00\x01\x00\
\xf3\x00\xf4\x00\x01\x00\xfa\x00\xfa\x00\x0b\x00\xfb\x00\xfb\x00\
\x0c\x00\xfc\x00\xfc\x00\x0b\x00\xfd\x00\xfd\x00\x0c\x00\xfe\x00\
\xfe\x00\x0b\x00\xff\x00\xff\x00\x0c\x01\x00\x01\x00\x00\x0b\x01\
\x01\x01\x01\x00\x0c\x01\x02\x01\x02\x00\x0b\x01\x03\x01\x03\x00\
\x0c\x01\x04\x01\x04\x00\x0b\x01\x05\x01\x05\x00\x0c\x01\x06\x01\
\x06\x00\x0b\x01\x07\x01\x07\x00\x0c\x01\x0c\x01\x0c\x00\x0b\x01\
\x0d\x01\x0d\x00\x0c\x01\x14\x01\x18\x00\x01\x01!\x01\x22\x00\
\x16\x01%\x01&\x00\x16\x01+\x01+\x00\x15\x01-\x01\
7\x00\x02\x018\x01:\x00\x1a\x01=\x01=\x00\x17\x01\
>\x01>\x00\x18\x01?\x01?\x00\x17\x01@\x01@\x00\
\x18\x01A\x01A\x00\x17\x01B\x01B\x00\x18\x01C\x01\
C\x00\x17\x01D\x01D\x00\x18\x01H\x01H\x00$\x01\
J\x01J\x00\x02\x01T\x01U\x00\x02\x01W\x01X\x00\
\x02\x01]\x01]\x00\x02\x01_\x01d\x00\x01\x01g\x01\
i\x00\x01\x01s\x01t\x00\x01\x01u\x01u\x00%\x01\
y\x01z\x00\x0e\x01|\x01|\x00\x13\x01\x83\x01\x83\x00\
\x01\x01\x87\x01\x87\x00\x1e\x01\x88\x01\x88\x00\x13\x01\x89\x01\
\x89\x00\x1f\x01\x8a\x01\x8a\x00 \x01\x8b\x01\x8b\x00\x1f\x01\
\x8c\x01\x8c\x00 \x01\x8d\x01\x8d\x00\x13\x01\x8e\x01\x8e\x00\
\x1e\x01\x8f\x01\x96\x00\x02\x01\x9d\x01\xa2\x00\x0f\x01\xa5\x01\
\xa5\x00\x1d\x01\xb0\x01\xb0\x00&\x01\xb1\x01\xb1\x00\x15\x01\
\xb9\x01\xc2\x00\x0a\x01\xd3\x01\xe2\x00\x04\x01\xe4\x01\xe9\x00\
\x04\x01\xea\x01\xef\x00\x08\x01\xf0\x01\xf0\x00'\x01\xf1\x01\
\xf4\x00\x08\x01\xf7\x01\xf7\x00\x08\x01\xf8\x01\xfb\x00\x19\x00\
\x02\x00\xa1\x00\x02\x00\x02\x00\x05\x00\x03\x00\x03\x00\x02\x00\
\x04\x00\x0d\x00\x05\x00\x0e\x00\x0e\x000\x00\x0f\x00\x14\x00\
\x10\x00\x18\x00 \x00\x02\x00\x22\x00\x22\x00\x02\x00$\x00\
$\x00\x02\x00&\x00*\x00\x14\x00+\x00+\x00\x0d\x00\
/\x00/\x00\x0a\x001\x001\x00\x0a\x003\x003\x00\
\x0a\x005\x005\x00\x0a\x007\x007\x00\x0a\x009\x00\
9\x00\x0a\x00;\x00;\x00\x0a\x00=\x00=\x00\x0a\x00\
?\x00?\x00\x0a\x00A\x00A\x00\x0a\x00B\x00B\x00\
&\x00C\x00C\x00'\x00D\x00D\x00&\x00E\x00\
E\x00'\x00F\x00G\x00(\x00H\x00L\x00\x15\x00\
U\x00U\x00\x02\x00_\x00_\x001\x00b\x00b\x00\
2\x00c\x00c\x00\x1c\x00d\x00d\x00\x1d\x00e\x00\
e\x00\x1c\x00f\x00f\x00\x1d\x00g\x00g\x00\x1c\x00\
h\x00h\x00\x1d\x00i\x00i\x00\x1c\x00j\x00j\x00\
\x1d\x00k\x00p\x00\x0d\x00q\x00u\x00\x16\x00w\x00\
\x81\x00\x06\x00\x83\x00\x87\x00\x17\x00\x88\x00\x88\x003\x00\
\x89\x00\x8d\x00\x18\x00\x8e\x00\x91\x00\x1e\x00\x92\x00\x95\x00\
\x0b\x00\x99\x00\x99\x00\x0b\x00\x9a\x00\x9a\x00\x03\x00\x9b\x00\
\x9c\x00\x0b\x00\x9e\x00\x9f\x00\x0b\x00\xa4\x00\xa4\x00\x0b\x00\
\xa5\x00\xa5\x00\x04\x00\xa8\x00\xa9\x00\x11\x00\xac\x00\xad\x00\
\x11\x00\xb4\x00\xb5\x00\x12\x00\xb9\x00\xbc\x00\x12\x00\xc5\x00\
\xc5\x00)\x00\xc6\x00\xc6\x00\x19\x00\xcd\x00\xcd\x00\x0e\x00\
\xd0\x00\xd0\x00%\x00\xd1\x00\xd1\x00\x0e\x00\xdd\x00\xe4\x00\
\x03\x00\xe9\x00\xe9\x00\x19\x00\xea\x00\xea\x00\x03\x00\xeb\x00\
\xeb\x00\x1f\x00\xed\x00\xed\x00\x1f\x00\xef\x00\xef\x00\x0c\x00\
\xf0\x00\xf0\x00\x03\x00\xf4\x00\xf4\x00\x03\x00\xfa\x00\xfa\x00\
*\x00\xfb\x00\xfb\x00+\x00\xfc\x00\xfc\x00*\x00\xfd\x00\
\xfd\x00+\x00\xfe\x00\xff\x00\x01\x01\x00\x01\x01\x00\x0f\x01\
\x02\x01\x02\x00\x0e\x01\x03\x01\x03\x00\x1a\x01\x04\x01\x05\x00\
\x0f\x01\x06\x01\x07\x00\x01\x01\x0c\x01\x0c\x00\x0e\x01\x0d\x01\
\x0d\x00\x1a\x01\x1f\x01 \x00 \x01#\x01$\x00 \x01\
'\x01(\x00\x0c\x01+\x01+\x00\x1f\x01-\x017\x00\
\x01\x018\x01:\x00\x0f\x01;\x01<\x00,\x01=\x01\
=\x00\x0e\x01>\x01>\x00\x1a\x01?\x01?\x00\x0e\x01\
@\x01@\x00\x1a\x01A\x01B\x00%\x01C\x01C\x00\
\x0e\x01D\x01D\x00\x1a\x01J\x01J\x00\x0c\x01T\x01\
U\x00\x0c\x01W\x01X\x00\x0c\x01]\x01]\x00\x0c\x01\
_\x01c\x00\x04\x01d\x01d\x00\x03\x01g\x01i\x00\
\x04\x01s\x01u\x00\x04\x01w\x01x\x00\x11\x01|\x01\
|\x00\x19\x01\x87\x01\x87\x00-\x01\x88\x01\x88\x00\x19\x01\
\x89\x01\x89\x00.\x01\x8a\x01\x8a\x00/\x01\x8b\x01\x8b\x00\
.\x01\x8c\x01\x8c\x00/\x01\x8d\x01\x8d\x00\x19\x01\x8e\x01\
\x8e\x00-\x01\x8f\x01\x8f\x00!\x01\x90\x01\x90\x00\x22\x01\
\x91\x01\x91\x00!\x01\x92\x01\x92\x00\x22\x01\x93\x01\x93\x00\
!\x01\x94\x01\x94\x00\x22\x01\x95\x01\x95\x00!\x01\x96\x01\
\x96\x00\x22\x01\x9d\x01\xa2\x00\x13\x01\xa5\x01\xa5\x00)\x01\
\xb0\x01\xb0\x004\x01\xb1\x01\xb1\x00\x1f\x01\xb9\x01\xb9\x00\
#\x01\xba\x01\xba\x00\x1b\x01\xbc\x01\xbc\x00\x1b\x01\xbd\x01\
\xbd\x00#\x01\xbe\x01\xbe\x00\x1b\x01\xbf\x01\xbf\x00#\x01\
\xc0\x01\xc0\x00\x1b\x01\xc1\x01\xc1\x00#\x01\xc2\x01\xc2\x00\
\x1b\x01\xc3\x01\xc3\x00\x04\x01\xd3\x01\xd3\x00\x07\x01\xd4\x01\
\xd4\x00\x08\x01\xd5\x01\xd5\x00\x07\x01\xd6\x01\xd6\x00\x08\x01\
\xd7\x01\xd7\x00\x07\x01\xd8\x01\xd8\x00\x08\x01\xd9\x01\xd9\x00\
\x07\x01\xda\x01\xda\x00\x08\x01\xdb\x01\xdb\x00\x07\x01\xdc\x01\
\xdc\x00\x08\x01\xdd\x01\xdd\x00\x07\x01\xde\x01\xde\x00\x08\x01\
\xdf\x01\xdf\x00\x07\x01\xe0\x01\xe0\x00\x08\x01\xe1\x01\xe1\x00\
\x07\x01\xe2\x01\xe2\x00\x08\x01\xe4\x01\xe4\x00\x07\x01\xe5\x01\
\xe5\x00\x08\x01\xe6\x01\xe6\x00\x07\x01\xe7\x01\xe7\x00\x08\x01\
\xe8\x01\xe8\x00\x07\x01\xe9\x01\xe9\x00\x08\x01\xea\x01\xef\x00\
\x09\x01\xf0\x01\xf0\x005\x01\xf1\x01\xf4\x00\x09\x01\xf7\x01\
\xf7\x00\x09\x01\xf8\x01\xfb\x00$\x00\x01\x02l\x00\x04\x00\
\x00\x011\x1fP\x1f>\x1fP\x1fP\x1fP\x1fP\x1f\
P\x1fP\x1fP\x1fP\x1fP\x1fP\x1f$\x1f\x16\x1f\
\x16\x1f\x16\x1f\x16\x1f\x16\x1f\x16\x1f\x08\x1f\x08\x1f\x08\x1f\
>\x1f>\x1f>\x1f>\x1f>\x1f>\x1f>\x1f>\x1f\
>\x1f>\x1f\x08\x1f>\x1b\xde\x1b\xcc\x1b\xcc\x1b\xcc\x1b\
\xcc\x1b\xcc\x1b\xb6\x1b\xa4\x1b\xa4\x1b\xa4\x1b\xa4\x1b\xa4\x1b\
\xa4\x1b\xa4\x1b\xa4\x1b\xa4\x1b\xa4\x1b\x9e\x1b\x98\x1b\x9e\x1b\
\x98\x1bv\x1bv\x1bd\x1bd\x1bd\x1bd\x1bd\x1f\
\x08\x1f>\x1f\x08\x1f\x08\x1f\x08\x1f\x08\x1f\x08\x1f\x08\x1f\
\x08\x1f\x08\x1f\x08\x1bR\x18d\x1f\x08\x18V\x18<\x18\
\x22\x18<\x18\x22\x18<\x18\x22\x18<\x18\x22\x1b\xb6\x1b\
\xb6\x1b\xb6\x1b\xb6\x1b\xb6\x1b\xb6\x18\x00\x18\x00\x18\x00\x18\
\x00\x18\x00\x16b\x16\x5c\x16\x5c\x16\x5c\x16\x5c\x16\x5c\x16\
\x5c\x16\x5c\x16\x5c\x16\x5c\x16\x5c\x16\x5c\x12\xba\x12\xa8\x12\
\xa8\x12\xa8\x12\xa8\x12\xa8\x12\x8e\x12t\x12t\x12t\x12\
t\x12t\x12f\x12f\x12f\x12f\x12`\x12`\x12\
`\x12`\x12`\x12R\x12`\x12`\x12`\x12`\x12\
`\x12D\x12>\x12>\x12>\x12>\x120\x120\x12\
0\x120\x120\x120\x12*\x12$\x12\x0a\x12R\x12\
R\x12R\x12R\x12R\x12R\x12R\x12R\x12$\x12\
R\x12\x00\x11\xea\x12\x00\x11\xc0\x11\xb6\x12R\x11\x9c\x12\
R\x11Z\x11D\x112\x11D\x112\x11\x1c\x11\x1c\x11\
\x16\x11\x10\x11\x0a\x11\x0a\x11\x0a\x11\x0a\x11\x0a\x10\xbc\x10\
\xb6\x10\xb6\x10\xb6\x10\xb6\x11\xb6\x11\xb6\x12\x00\x0f\xe8\x0f\
\xd6\x0f\xd6\x11\x1c\x11\x1c\x11\x1c\x0f\xc0\x11\xb6\x11\xb6\x11\
\xb6\x11\xb6\x11\xb6\x0f\xba\x0f\xb4\x11\xb6\x12D\x12D\x12\
D\x12D\x12D\x12R\x12D\x12D\x12D\x0f\xae\x0f\
\xa8\x12D\x12D\x12D\x12>\x12>\x12$\x0e\xb6\x0d\
\xe8\x0d\xc6\x0d\xa0\x09J\x07L\x07F\x12$\x07<\x07\
6\x07<\x076\x12$\x07F\x07(\x06\xee\x07(\x06\
\xee\x07(\x06\xee\x07(\x06\xee\x06\xe0\x06\xe0\x06\xe0\x06\
\xe0\x06\xe0\x06\xe0\x12*\x06\xda\x06\xd4\x12\x00\x06\xc6\x06\
\xb4\x06\xb4\x06\xc6\x06\xb4\x06\xc6\x06\xb4\x06\xc6\x06\xb4\x12\
D\x06\xae\x06\xa8\x06\xa2\x06\x98\x06\xa2\x06\x98\x06\xa2\x06\
\x98\x06\xa2\x06\x98\x06\xa2\x06\x98\x06\xa2\x06\x98\x06\xa2\x06\
\x98\x06\xa2\x06\x98\x04\x12\x06\xa2\x06\x98\x06\xa2\x06\x98\x06\
\xa2\x06\x98\x04\x04\x04\x04\x04\x04\x04\x04\x04\x04\x04\x04\x03\
\xf2\x04\x04\x04\x04\x04\x04\x04\x04\x04\x04\x03\xe4\x03\xe4\x03\
\xe4\x03\xe4\x03\xde\x00\x02\x00=\x00\x02\x00 \x00\x00\x00\
\x22\x00+\x00\x1f\x00/\x00/\x00)\x001\x001\x00\
*\x003\x003\x00+\x005\x005\x00,\x007\x00\
7\x00-\x009\x009\x00.\x00;\x00;\x00/\x00\
=\x00=\x000\x00?\x00?\x001\x00A\x00L\x00\
2\x00T\x00\x95\x00>\x00\x99\x00\x9c\x00\x80\x00\x9e\x00\
\x9f\x00\x84\x00\xa4\x00\xa5\x00\x86\x00\xa8\x00\xa9\x00\x88\x00\
\xac\x00\xad\x00\x8a\x00\xb4\x00\xb5\x00\x8c\x00\xb9\x00\xbc\x00\
\x8e\x00\xc5\x00\xc6\x00\x92\x00\xd8\x00\xd8\x00\x94\x00\xdd\x00\
\xe4\x00\x95\x00\xe9\x00\xf0\x00\x9d\x00\xf3\x00\xf4\x00\xa5\x00\
\xf8\x00\xf8\x00\xa7\x00\xfa\x00\xfd\x00\xa8\x01\x03\x01\x03\x00\
\xac\x01\x0d\x01\x0e\x00\xad\x01\x13\x01\x19\x00\xaf\x01\x1f\x01\
 \x00\xb6\x01#\x01$\x00\xb8\x01'\x01(\x00\xba\x01\
+\x01,\x00\xbc\x01;\x01<\x00\xbe\x01>\x01>\x00\
\xc0\x01@\x01@\x00\xc1\x01D\x01D\x00\xc2\x01I\x01\
J\x00\xc3\x01T\x01U\x00\xc5\x01W\x01Y\x00\xc7\x01\
[\x01[\x00\xca\x01]\x01]\x00\xcb\x01_\x01d\x00\
\xcc\x01g\x01j\x00\xd2\x01l\x01l\x00\xd6\x01s\x01\
u\x00\xd7\x01w\x01x\x00\xda\x01|\x01~\x00\xdc\x01\
\x83\x01\x96\x00\xdf\x01\x9d\x01\xa2\x00\xf3\x01\xa5\x01\xa6\x00\
\xf9\x01\xa8\x01\xa8\x00\xfb\x01\xb1\x01\xb1\x00\xfc\x01\xb9\x01\
\xba\x00\xfd\x01\xbc\x01\xc3\x00\xff\x01\xc6\x01\xc6\x01\x07\x01\
\xce\x01\xce\x01\x08\x01\xd3\x01\xf4\x01\x09\x01\xf7\x01\xfb\x01\
+\x01\xfe\x01\xfe\x010\x00\x01\x01\x13\xff\xf6\x00\x03\x00\
\xa6\xff\xf6\x01}\xff\xfc\x01\x84\xff\xf6\x00\x04\x00\xa6\xff\
\xf2\x01}\xff\xe8\x01\x84\xff\xe8\x01\xe3\x00\x0a\x00\x03\x01\
}\xff\xf6\x01\x84\xff\xf8\x01\xe3\xff\xd4\x00\xa1\x00\x0f\xff\
\xc6\x00\x10\xff\xc6\x00\x11\xff\xc6\x00\x12\xff\xc6\x00\x13\xff\
\xc6\x00\x14\xff\xc6\x00&\xff\xc6\x00'\xff\xc6\x00(\xff\
\xc6\x00)\xff\xc6\x00*\xff\xc6\x00+\xff\xee\x00C\xff\
\xf0\x00E\xff\xf0\x00T\xff\xc6\x00U\xff\xc6\x00V\xff\
\xc6\x00W\xff\xc6\x00X\xff\xc6\x00Y\xff\xc6\x00Z\xff\
\xc6\x00[\xff\xc6\x00\x5c\xff\xc6\x00]\xff\xc6\x00^\xff\
\xc6\x00a\xff\xc6\x00k\xff\xee\x00l\xff\xee\x00m\xff\
\xee\x00n\xff\xee\x00o\xff\xee\x00p\xff\xee\x00q\xff\
\xbe\x00r\xff\xbe\x00s\xff\xbe\x00t\xff\xbe\x00u\xff\
\xbe\x00w\xff\xd6\x00x\xff\xd6\x00y\xff\xd6\x00z\xff\
\xd6\x00{\xff\xd6\x00|\xff\xd6\x00}\xff\xd6\x00~\xff\
\xd6\x00\x7f\xff\xd6\x00\x80\xff\xd6\x00\x81\xff\xd6\x00\x82\xff\
\xc2\x00\x83\xff\xc8\x00\x84\xff\xc8\x00\x85\xff\xc8\x00\x86\xff\
\xc8\x00\x87\xff\xc8\x00\x88\x00\x08\x00\x89\xff\xae\x00\x8a\xff\
\xae\x00\x8b\xff\xae\x00\x8c\xff\xae\x00\x8d\xff\xae\x00\xa5\x00\
\x0c\x00\xb4\xff\xe4\x00\xb5\xff\xe4\x00\xb9\xff\xe4\x00\xba\xff\
\xe4\x00\xbb\xff\xe4\x00\xbc\xff\xe4\x00\xcd\xff\xe4\x00\xd0\xff\
\xe4\x00\xd1\xff\xe4\x00\xdd\xff\xe4\x00\xde\xff\xe4\x00\xdf\xff\
\xe4\x00\xe0\xff\xe4\x00\xe1\xff\xe4\x00\xe2\xff\xe4\x00\xe3\xff\
\xe4\x00\xe4\xff\xe4\x00\xea\xff\xe4\x00\xf0\xff\xe4\x00\xf3\xff\
\xe4\x00\xf4\xff\xe4\x01\x14\xff\xe4\x01\x15\xff\xe4\x01\x16\xff\
\xe4\x01\x17\xff\xe4\x01\x18\xff\xe4\x01'\x00\x0c\x01(\x00\
\x0c\x018\x00F\x019\x00F\x01:\x00F\x01;\x00\
\x0c\x01<\x00\x0c\x01>\xff\xd2\x01@\xff\xd2\x01B\xff\
\xd2\x01D\xff\xd2\x01_\xff\xe4\x01`\xff\xe4\x01a\xff\
\xe4\x01b\xff\xe4\x01c\xff\xe4\x01d\xff\xe4\x01g\xff\
\xe4\x01h\xff\xe4\x01i\xff\xe4\x01s\xff\xe4\x01t\xff\
\xe4\x01\x83\xff\xe4\x01\x9d\xff\xee\x01\x9e\xff\xee\x01\x9f\xff\
\xee\x01\xa0\xff\xee\x01\xa1\xff\xee\x01\xa2\xff\xee\x01\xb9\xff\
\xba\x01\xba\xff\xba\x01\xbb\xff\xba\x01\xbc\xff\xba\x01\xbd\xff\
\xba\x01\xbe\xff\xba\x01\xbf\xff\xba\x01\xc0\xff\xba\x01\xc1\xff\
\xba\x01\xc2\xff\xba\x01\xc3\x00\x0c\x01\xd3\xff\xdc\x01\xd4\xff\
\xdc\x01\xd5\xff\xdc\x01\xd6\xff\xdc\x01\xd7\xff\xdc\x01\xd8\xff\
\xdc\x01\xd9\xff\xdc\x01\xda\xff\xdc\x01\xdb\xff\xdc\x01\xdc\xff\
\xdc\x01\xdd\xff\xdc\x01\xde\xff\xdc\x01\xdf\xff\xdc\x01\xe0\xff\
\xdc\x01\xe1\xff\xdc\x01\xe2\xff\xdc\x01\xe4\xff\xdc\x01\xe5\xff\
\xdc\x01\xe6\xff\xdc\x01\xe7\xff\xdc\x01\xe8\xff\xdc\x01\xe9\xff\
\xdc\x01\xea\xff\xfc\x01\xeb\xff\xfc\x01\xec\xff\xfc\x01\xed\xff\
\xfc\x01\xee\xff\xfc\x01\xef\xff\xfc\x01\xf0\x00\x0a\x01\xf1\x00\
\x10\x01\xf2\xff\xfc\x01\xf3\xff\xfc\x01\xf4\xff\xfc\x01\xf7\xff\
\xfc\x00\x02\x01\x84\xff\xee\x01\xe3\xff\xda\x00\x01\x01\x84\xff\
\xf1\x00\x01\x00\xd8\x00\x12\x00\x01\x01\x13\xff\xf1\x00\x04\x00\
\xa6\xff\xf4\x01}\xff\xf4\x01\x84\xff\xf8\x01\xe3\xff\xf6\x00\
\x03\x01}\xff\xe6\x01\x84\xff\xfc\x01\xe3\x00\x06\x00\x01\x01\
\x13\xff\xce\x00\x01\x00\xd8\xff\xc4\x00\x03\x00\xa6\xff\xf2\x01\
\x84\xff\xea\x01\xe3\xff\xf4\x00\x0e\x01\x19\x00\x0c\x01.\x00\
\x0e\x01/\x00\x0e\x010\x00\x0e\x011\x00\x0e\x012\x00\
\x0e\x013\x00\x08\x014\x00\x0e\x015\x00\x0e\x016\x00\
\x0e\x017\x00\x0e\x01}\xff\xec\x01\x84\x00\x02\x01\xe3\xff\
\xb8\x00\x03\x01}\xff\xf2\x01\x84\x00\x0a\x01\xe3\xff\xca\x00\
\x01\x00\x82\x00\x0c\x00\x02\x00\x82\x00\x10\x01\x85\xff\xdc\x00\
\x01\x01\x85\xff\xda\x00\x7f\x00\x02\xff\xfc\x00\x03\xff\xf8\x00\
\x04\xff\xfc\x00\x05\xff\xfc\x00\x06\xff\xfc\x00\x07\xff\xfc\x00\
\x08\xff\xfc\x00\x09\xff\xfc\x00\x0a\xff\xfc\x00\x0b\xff\xfc\x00\
\x0c\xff\xfc\x00\x0d\xff\xfc\x00\x0e\xff\xf6\x00\x0f\xff\xe6\x00\
\x10\xff\xe6\x00\x11\xff\xe6\x00\x12\xff\xe6\x00\x13\xff\xe6\x00\
\x14\xff\xe6\x00\x15\xff\xf6\x00\x16\xff\xf6\x00\x18\xff\xf6\x00\
\x19\xff\xf6\x00\x1a\xff\xf6\x00\x1b\xff\xf6\x00\x1c\xff\xf6\x00\
\x1d\xff\xf6\x00\x1e\xff\xf6\x00\x1f\xff\xf6\x00 \xff\xf6\x00\
!\xff\xf6\x00\x22\xff\xf6\x00$\xff\xf6\x00%\xff\xf6\x00\
&\xff\xe6\x00'\xff\xe6\x00(\xff\xe6\x00)\xff\xe6\x00\
*\xff\xe6\x00+\xff\xfc\x00,\xff\xf6\x00-\xff\xf6\x00\
/\xff\xf0\x001\xff\xf0\x003\xff\xf0\x005\xff\xf0\x00\
7\xff\xf0\x009\xff\xf0\x00;\xff\xf0\x00=\xff\xf0\x00\
?\xff\xf0\x00A\xff\xf0\x00C\xff\xf0\x00E\xff\xf0\x00\
F\xff\xf6\x00G\xff\xf6\x00H\xff\xf6\x00I\xff\xf6\x00\
J\xff\xf6\x00K\xff\xf6\x00M\xff\xf6\x00N\xff\xf6\x00\
P\xff\xf6\x00Q\xff\xf6\x00R\xff\xf6\x00S\xff\xf6\x00\
T\xff\xe6\x00U\xff\xe6\x00V\xff\xe6\x00W\xff\xe6\x00\
X\xff\xe6\x00Y\xff\xe6\x00Z\xff\xe6\x00[\xff\xe6\x00\
\x5c\xff\xe6\x00]\xff\xe6\x00^\xff\xe6\x00_\xff\xf6\x00\
`\xff\xf6\x00a\xff\xe6\x00c\xff\xf6\x00d\xff\xf6\x00\
e\xff\xf6\x00f\xff\xf6\x00g\xff\xf6\x00h\xff\xf6\x00\
i\xff\xf6\x00j\xff\xf6\x00k\xff\xfc\x00l\xff\xfc\x00\
m\xff\xfc\x00n\xff\xfc\x00o\xff\xfc\x00p\xff\xfc\x00\
q\xff\xbe\x00r\xff\xbe\x00s\xff\xbe\x00t\xff\xbe\x00\
u\xff\xbe\x00v\xff\xf6\x00w\xff\xe6\x00x\xff\xe6\x00\
y\xff\xe6\x00z\xff\xe6\x00{\xff\xe6\x00|\xff\xe6\x00\
}\xff\xe6\x00~\xff\xe6\x00\x7f\xff\xe6\x00\x80\xff\xe6\x00\
\x81\xff\xe6\x00\x82\xff\xce\x00\x83\xff\xd0\x00\x84\xff\xd0\x00\
\x85\xff\xd0\x00\x86\xff\xd0\x00\x87\xff\xd0\x00\x88\xff\xf0\x00\
\x89\xff\xbc\x00\x8a\xff\xbc\x00\x8b\xff\xbc\x00\x8c\xff\xbc\x00\
\x8d\xff\xbc\x00\x8e\xff\xf0\x00\x8f\xff\xf0\x00\x90\xff\xf0\x00\
\x91\xff\xf0\x01\x15\x00\x02\xff\xfa\x00\x03\xff\xfa\x00\x04\xff\
\xfa\x00\x05\xff\xfa\x00\x06\xff\xfa\x00\x07\xff\xfa\x00\x08\xff\
\xfa\x00\x09\xff\xfa\x00\x0a\xff\xfa\x00\x0b\xff\xfa\x00\x0c\xff\
\xfa\x00\x0d\xff\xfa\x00\x0e\xff\xe2\x00\x0f\xff\xba\x00\x10\xff\
\xba\x00\x11\xff\xba\x00\x12\xff\xba\x00\x13\xff\xba\x00\x14\xff\
\xba\x00\x15\xff\xe2\x00\x16\xff\xe2\x00\x17\xff\xee\x00\x18\xff\
\xe2\x00\x19\xff\xe2\x00\x1a\xff\xe2\x00\x1b\xff\xe2\x00\x1c\xff\
\xe2\x00\x1d\xff\xe2\x00\x1e\xff\xe2\x00\x1f\xff\xe2\x00 \xff\
\xe2\x00!\xff\xe2\x00\x22\xff\xe2\x00#\xff\xee\x00$\xff\
\xe2\x00%\xff\xe2\x00&\xff\xba\x00'\xff\xba\x00(\xff\
\xba\x00)\xff\xba\x00*\xff\xba\x00+\xff\xda\x00,\xff\
\xe2\x00-\xff\xe2\x00/\xff\xf8\x001\xff\xf8\x003\xff\
\xf8\x005\xff\xf8\x007\xff\xf8\x009\xff\xf8\x00;\xff\
\xf8\x00=\xff\xf8\x00?\xff\xf8\x00A\xff\xf8\x00B\xff\
\xea\x00C\xff\xce\x00D\xff\xea\x00E\xff\xce\x00F\xff\
\xe2\x00G\xff\xe2\x00H\xff\xe2\x00I\xff\xe2\x00J\xff\
\xe2\x00K\xff\xe2\x00L\xff\xee\x00M\xff\xe2\x00N\xff\
\xe2\x00P\xff\xe2\x00Q\xff\xe2\x00R\xff\xe2\x00S\xff\
\xe2\x00T\xff\xba\x00U\xff\xba\x00V\xff\xba\x00W\xff\
\xba\x00X\xff\xba\x00Y\xff\xba\x00Z\xff\xba\x00[\xff\
\xba\x00\x5c\xff\xba\x00]\xff\xba\x00^\xff\xba\x00_\xff\
\xe2\x00`\xff\xe2\x00a\xff\xba\x00c\xff\xe2\x00d\xff\
\xe2\x00e\xff\xe2\x00f\xff\xe2\x00g\xff\xe2\x00h\xff\
\xe2\x00i\xff\xe2\x00j\xff\xe2\x00k\xff\xda\x00l\xff\
\xda\x00m\xff\xda\x00n\xff\xda\x00o\xff\xda\x00p\xff\
\xda\x00q\xff\xa8\x00r\xff\xa8\x00s\xff\xa8\x00t\xff\
\xa8\x00u\xff\xa8\x00v\xff\xe2\x00w\xff\xc6\x00x\xff\
\xc6\x00y\xff\xc6\x00z\xff\xc6\x00{\xff\xc6\x00|\xff\
\xc6\x00}\xff\xc6\x00~\xff\xc6\x00\x7f\xff\xc6\x00\x80\xff\
\xc6\x00\x81\xff\xc6\x00\x82\xff\xae\x00\x83\xff\xae\x00\x84\xff\
\xae\x00\x85\xff\xae\x00\x86\xff\xae\x00\x87\xff\xae\x00\x88\xff\
\xf4\x00\x89\xff\xa8\x00\x8a\xff\xa8\x00\x8b\xff\xa8\x00\x8c\xff\
\xa8\x00\x8d\xff\xa8\x00\x8e\xff\xe6\x00\x8f\xff\xe6\x00\x90\xff\
\xe6\x00\x91\xff\xe6\x00\xb4\xff\xea\x00\xb5\xff\xea\x00\xb9\xff\
\xea\x00\xba\xff\xea\x00\xbb\xff\xea\x00\xbc\xff\xea\x00\xcd\xff\
\xea\x00\xd0\xff\xea\x00\xd1\xff\xea\x00\xdd\xff\xea\x00\xde\xff\
\xea\x00\xdf\xff\xea\x00\xe0\xff\xea\x00\xe1\xff\xea\x00\xe2\xff\
\xea\x00\xe3\xff\xea\x00\xe4\xff\xea\x00\xea\xff\xea\x00\xef\xff\
\xf8\x00\xf0\xff\xea\x00\xf3\xff\xea\x00\xf4\xff\xea\x00\xfa\xff\
\xf6\x00\xfb\xff\xf4\x00\xfc\xff\xf6\x00\xfd\xff\xf4\x00\xfe\xff\
\xf6\x00\xff\xff\xf4\x01\x00\xff\xf6\x01\x01\xff\xf4\x01\x02\xff\
\xf6\x01\x03\xff\xf4\x01\x04\xff\xf6\x01\x05\xff\xf4\x01\x06\xff\
\xf6\x01\x07\xff\xf4\x01\x0c\xff\xf6\x01\x0d\xff\xf4\x01\x14\xff\
\xea\x01\x15\xff\xea\x01\x16\xff\xea\x01\x17\xff\xea\x01\x18\xff\
\xea\x01-\xff\xf8\x01.\xff\xf8\x01/\xff\xf8\x010\xff\
\xf8\x011\xff\xf8\x012\xff\xf8\x013\xff\xf8\x014\xff\
\xf8\x015\xff\xf8\x016\xff\xf8\x017\xff\xf8\x018\x00\
\x14\x019\x00\x14\x01:\x00\x14\x01=\xff\xf8\x01>\xff\
\xf6\x01?\xff\xf8\x01@\xff\xf6\x01A\xff\xf8\x01B\xff\
\xf6\x01C\xff\xf8\x01D\xff\xf6\x01J\xff\xf8\x01T\xff\
\xf8\x01U\xff\xf8\x01W\xff\xf8\x01X\xff\xf8\x01]\xff\
\xf8\x01_\xff\xea\x01`\xff\xea\x01a\xff\xea\x01b\xff\
\xea\x01c\xff\xea\x01d\xff\xea\x01g\xff\xea\x01h\xff\
\xea\x01i\xff\xea\x01s\xff\xea\x01t\xff\xea\x01\x83\xff\
\xea\x01\x8f\xff\xf8\x01\x90\xff\xf8\x01\x91\xff\xf8\x01\x92\xff\
\xf8\x01\x93\xff\xf8\x01\x94\xff\xf8\x01\x95\xff\xf8\x01\x96\xff\
\xf8\x01\x9d\xff\xec\x01\x9e\xff\xec\x01\x9f\xff\xec\x01\xa0\xff\
\xec\x01\xa1\xff\xec\x01\xa2\xff\xec\x01\xb9\xff\xec\x01\xba\xff\
\xec\x01\xbb\xff\xec\x01\xbc\xff\xec\x01\xbd\xff\xec\x01\xbe\xff\
\xec\x01\xbf\xff\xec\x01\xc0\xff\xec\x01\xc1\xff\xec\x01\xc2\xff\
\xec\x01\xd3\xff\xf2\x01\xd4\xff\xf2\x01\xd5\xff\xf2\x01\xd6\xff\
\xf2\x01\xd7\xff\xf2\x01\xd8\xff\xf2\x01\xd9\xff\xf2\x01\xda\xff\
\xf2\x01\xdb\xff\xf2\x01\xdc\xff\xf2\x01\xdd\xff\xf2\x01\xde\xff\
\xf2\x01\xdf\xff\xf2\x01\xe0\xff\xf2\x01\xe1\xff\xf2\x01\xe2\xff\
\xf2\x01\xe4\xff\xf2\x01\xe5\xff\xf2\x01\xe6\xff\xf2\x01\xe7\xff\
\xf2\x01\xe8\xff\xf2\x01\xe9\xff\xf2\x01\xea\xff\xee\x01\xeb\xff\
\xee\x01\xec\xff\xee\x01\xed\xff\xee\x01\xee\xff\xee\x01\xef\xff\
\xee\x01\xf0\xff\xfc\x01\xf1\xff\xee\x01\xf2\xff\xee\x01\xf3\xff\
\xee\x01\xf4\xff\xee\x01\xf7\xff\xee\x01\xf8\xff\xf8\x01\xf9\xff\
\xf8\x01\xfa\xff\xf8\x01\xfb\xff\xf8\x00\x09\x00\xc6\xff\xf4\x00\
\xe9\xff\xf4\x00\xeb\xff\xfc\x00\xed\xff\xfc\x01+\xff\xfc\x01\
|\xff\xf4\x01\x88\xff\xf4\x01\x8d\xff\xf4\x01\xb1\xff\xfc\x00\
\x08\x00\xa6\xff\xfa\x018\x00\x10\x019\x00\x10\x01:\x00\
\x10\x01\x84\xff\xf7\x01\x8a\xff\xf7\x01\x8c\xff\xf7\x01\xe3\x00\
\x0a\x003\x00\x02\xff\xee\x00\x04\xff\xee\x00\x05\xff\xee\x00\
\x06\xff\xee\x00\x07\xff\xee\x00\x08\xff\xee\x00\x09\xff\xee\x00\
\x0a\xff\xee\x00\x0b\xff\xee\x00\x0c\xff\xee\x00\x0d\xff\xee\x00\
+\xff\xf4\x00/\xff\xf6\x001\xff\xf6\x003\xff\xf6\x00\
5\xff\xf6\x007\xff\xf6\x009\xff\xf6\x00;\xff\xf6\x00\
=\xff\xf6\x00?\xff\xf6\x00A\xff\xf6\x00C\xff\xfa\x00\
E\xff\xfa\x00k\xff\xf4\x00l\xff\xf4\x00m\xff\xf4\x00\
n\xff\xf4\x00o\xff\xf4\x00p\xff\xf4\x00q\xff\xd2\x00\
r\xff\xd2\x00s\xff\xd2\x00t\xff\xd2\x00u\xff\xd2\x00\
\x82\xff\xf2\x00\x83\xff\xf2\x00\x84\xff\xf2\x00\x85\xff\xf2\x00\
\x86\xff\xf2\x00\x87\xff\xf2\x00\x88\xff\xe6\x00\x89\xff\xea\x00\
\x8a\xff\xea\x00\x8b\xff\xea\x00\x8c\xff\xea\x00\x8d\xff\xea\x00\
\x8e\xff\xec\x00\x8f\xff\xec\x00\x90\xff\xec\x00\x91\xff\xec\x00\
<\x00\x02\xff\xf8\x00\x04\xff\xf8\x00\x05\xff\xf8\x00\x06\xff\
\xf8\x00\x07\xff\xf8\x00\x08\xff\xf8\x00\x09\xff\xf8\x00\x0a\xff\
\xf8\x00\x0b\xff\xf8\x00\x0c\xff\xf8\x00\x0d\xff\xf8\x00/\xff\
\xfe\x001\xff\xfe\x003\xff\xfe\x005\xff\xfe\x007\xff\
\xfe\x009\xff\xfe\x00;\xff\xfe\x00=\xff\xfe\x00?\xff\
\xfe\x00A\xff\xfe\x00C\x00\x06\x00E\x00\x06\x00q\xff\
\xcc\x00r\xff\xcc\x00s\xff\xcc\x00t\xff\xcc\x00u\xff\
\xcc\x00\x82\xff\xe4\x00\x83\xff\xec\x00\x84\xff\xec\x00\x85\xff\
\xec\x00\x86\xff\xec\x00\x87\xff\xec\x00\x88\xff\xee\x00\x89\xff\
\xda\x00\x8a\xff\xda\x00\x8b\xff\xda\x00\x8c\xff\xda\x00\x8d\xff\
\xda\x00\x8e\xff\xf4\x00\x8f\xff\xf4\x00\x90\xff\xf4\x00\x91\xff\
\xf4\x01=\xff\xfd\x01?\xff\xfd\x01A\xff\xfd\x01C\xff\
\xfd\x01\xea\xff\xf6\x01\xeb\xff\xf6\x01\xec\xff\xf6\x01\xed\xff\
\xf6\x01\xee\xff\xf6\x01\xef\xff\xf6\x01\xf0\xff\xf4\x01\xf1\xff\
\xf6\x01\xf2\xff\xf6\x01\xf3\xff\xf6\x01\xf4\xff\xf6\x01\xf7\xff\
\xf6\x00\x01\x01\x13\x00\x00\x00\x01\x00\xd8\x00\x00\x00\x01\x01\
\x13\xff\xf8\x00\x01\x00\xd8\xff\xfb\x00\x05\x00\xc6\x00\x02\x00\
\xe9\x00\x02\x01|\x00\x02\x01\x88\x00\x02\x01\x8d\x00\x02\x00\
\x04\x00\xa6\xff\xf2\x01}\xff\xea\x01\x84\xff\xec\x01\xe3\x00\
\x12\x003\x00\x02\xff\xee\x00\x04\xff\xee\x00\x05\xff\xee\x00\
\x06\xff\xee\x00\x07\xff\xee\x00\x08\xff\xee\x00\x09\xff\xee\x00\
\x0a\xff\xee\x00\x0b\xff\xee\x00\x0c\xff\xee\x00\x0d\xff\xee\x00\
+\xff\xe8\x00/\xff\xf2\x001\xff\xf2\x003\xff\xf2\x00\
5\xff\xf2\x007\xff\xf2\x009\xff\xf2\x00;\xff\xf2\x00\
=\xff\xf2\x00?\xff\xf2\x00A\xff\xf2\x00C\xff\xf6\x00\
E\xff\xf6\x00k\xff\xe8\x00l\xff\xe8\x00m\xff\xe8\x00\
n\xff\xe8\x00o\xff\xe8\x00p\xff\xe8\x00q\xff\xcc\x00\
r\xff\xcc\x00s\xff\xcc\x00t\xff\xcc\x00u\xff\xcc\x00\
\x82\xff\xe6\x00\x83\xff\xe8\x00\x84\xff\xe8\x00\x85\xff\xe8\x00\
\x86\xff\xe8\x00\x87\xff\xe8\x00\x88\xff\xe0\x00\x89\xff\xe8\x00\
\x8a\xff\xe8\x00\x8b\xff\xe8\x00\x8c\xff\xe8\x00\x8d\xff\xe8\x00\
\x8e\xff\xd8\x00\x8f\xff\xd8\x00\x90\xff\xd8\x00\x91\xff\xd8\x00\
\x01\x00\x82\xff\xf4\x00\x13\x00\xaa\xff\xfa\x00\xab\xff\xfa\x00\
\xae\xff\xfa\x00\xaf\xff\xfa\x01y\xff\xfa\x01z\xff\xfa\x01\
\x84\xff\xee\x01\xe3\xff\xf2\x01\xea\xff\xfa\x01\xeb\xff\xfa\x01\
\xec\xff\xfa\x01\xed\xff\xfa\x01\xee\xff\xfa\x01\xef\xff\xfa\x01\
\xf1\xff\xfa\x01\xf2\xff\xfa\x01\xf3\xff\xfa\x01\xf4\xff\xfa\x01\
\xf7\xff\xfa\x00\x01\x01\xe3\xff\xfe\x00\x01\x01\x0f\xff\xc9\x00\
\x01\x00\xd8\x00\x0e\x00\x05\x00\xa6\xff\xf8\x01}\xff\xec\x01\
~\xff\xf4\x01\x84\xff\xf6\x01\xe3\x00\x08\x00\x04\x00\xa6\x00\
\x22\x01}\xff\xda\x01\x84\x00\x16\x01\xe3\xff\xd0\x00\x05\x00\
\xa6\x00\x0c\x00\xf8\xff\xf6\x01}\xff\xe4\x01\x84\x00\x12\x01\
\xe3\xff\xc2\x00\x10\x00q\xff\xda\x00r\xff\xda\x00s\xff\
\xda\x00t\xff\xda\x00u\xff\xda\x00\x82\xff\xee\x00\x83\xff\
\xe2\x00\x84\xff\xe2\x00\x85\xff\xe2\x00\x86\xff\xe2\x00\x87\xff\
\xe2\x00\x89\xff\xea\x00\x8a\xff\xea\x00\x8b\xff\xea\x00\x8c\xff\
\xea\x00\x8d\xff\xea\x00\x06\x00\xc6\xff\xf2\x00\xe9\xff\xf2\x01\
|\xff\xf2\x01\x88\xff\xf2\x01\x8d\xff\xf2\x01\xe3\xff\xf4\x00\
\x02\x00\xa6\xff\xf0\x01\x84\xff\xe6\x00\x0a\x00q\xff\xe8\x00\
r\xff\xe8\x00s\xff\xe8\x00t\xff\xe8\x00u\xff\xe8\x00\
\x89\xff\xf1\x00\x8a\xff\xf1\x00\x8b\xff\xf1\x00\x8c\xff\xf1\x00\
\x8d\xff\xf1\x00\x05\x00q\xff\xe8\x00r\xff\xe8\x00s\xff\
\xe8\x00t\xff\xe8\x00u\xff\xe8\x00\x02\x00\x82\xff\xe0\x01\
\x85\xff\xec\x00\x06\x01\x08\xff\xf8\x01\x0e\xff\xd8\x01j\x00\
\x10\x01\xa6\x00#\x01\xac\xff\xf1\x01\xce\xff\xf6\x00\x01\x00\
\x82\xff\xca\x00\x01\x00\x82\xff\xf3\x00\x03\x00\xa6\xff\xf2\x01\
\x84\xff\xfa\x01\xe3\xff\xf8\x00\x01\x00\x82\x00\x04\x00\x03\x00\
\xa6\xff\xf0\x01\x84\xff\xee\x01\xe3\xff\xe4\x00\x03\x00\xa6\xff\
\xf2\x01\x84\xff\xf2\x01\xe3\xff\xfc\x00\x01\x01\x84\xff\xf2\x00\
\x03\x01,\xff\xda\x01}\xff\xe0\x01~\xff\xe8\x00\x06\x00\
\x82\x00\x0c\x00\xee\xff\xf1\x01,\xff\xe8\x01}\xff\xda\x01\
~\xff\xea\x01\xe3\xff\xae\x00\x06\x00\x82\x00\x04\x01,\xff\
\xe0\x01}\xff\xee\x01~\xff\xe6\x01\x84\xff\xf2\x01\xe3\x00\
\x08\x00\x04\x01,\xff\xe8\x01}\xff\xec\x01~\xff\xf2\x01\
\xe3\xff\xc8\x00\xe8\x00\x02\xff\xd6\x00\x03\xff\xd6\x00\x04\xff\
\xd6\x00\x05\xff\xd6\x00\x06\xff\xd6\x00\x07\xff\xd6\x00\x08\xff\
\xd6\x00\x09\xff\xd6\x00\x0a\xff\xd6\x00\x0b\xff\xd6\x00\x0c\xff\
\xd6\x00\x0d\xff\xd6\x00\x0f\xff\xf8\x00\x10\xff\xf8\x00\x11\xff\
\xf8\x00\x12\xff\xf8\x00\x13\xff\xf8\x00\x14\xff\xf8\x00&\xff\
\xf8\x00'\xff\xf8\x00(\xff\xf8\x00)\xff\xf8\x00*\xff\
\xf8\x00+\xff\xf4\x00B\xff\xf0\x00C\xff\xd2\x00D\xff\
\xf0\x00E\xff\xd2\x00T\xff\xf8\x00U\xff\xf8\x00V\xff\
\xf8\x00W\xff\xf8\x00X\xff\xf8\x00Y\xff\xf8\x00Z\xff\
\xf8\x00[\xff\xf8\x00\x5c\xff\xf8\x00]\xff\xf8\x00^\xff\
\xf8\x00a\xff\xf8\x00b\xff\xf8\x00k\xff\xf4\x00l\xff\
\xf4\x00m\xff\xf4\x00n\xff\xf4\x00o\xff\xf4\x00p\xff\
\xf4\x00q\x00\x08\x00r\x00\x08\x00s\x00\x08\x00t\x00\
\x08\x00u\x00\x08\x00\x88\x00\x04\x00\x89\x00\x0c\x00\x8a\x00\
\x0c\x00\x8b\x00\x0c\x00\x8c\x00\x0c\x00\x8d\x00\x0c\x00\x92\xff\
\xea\x00\x93\xff\xea\x00\x94\xff\xea\x00\x95\xff\xea\x00\x99\xff\
\xea\x00\x9a\xff\xea\x00\x9b\xff\xea\x00\x9c\xff\xea\x00\x9e\xff\
\xea\x00\x9f\xff\xea\x00\xa4\xff\xea\x00\xaa\x00\x04\x00\xab\x00\
\x04\x00\xae\x00\x04\x00\xaf\x00\x04\x00\xb4\xff\xd8\x00\xb5\xff\
\xd8\x00\xb9\xff\xd8\x00\xba\xff\xd8\x00\xbb\xff\xd8\x00\xbc\xff\
\xd8\x00\xc5\xff\xf3\x00\xc6\xff\xca\x00\xcd\xff\xd8\x00\xd0\xff\
\xd8\x00\xd1\xff\xd8\x00\xdd\xff\xd8\x00\xde\xff\xd8\x00\xdf\xff\
\xd8\x00\xe0\xff\xd8\x00\xe1\xff\xd8\x00\xe2\xff\xd8\x00\xe3\xff\
\xd8\x00\xe4\xff\xd8\x00\xe9\xff\xca\x00\xea\xff\xd8\x00\xeb\xff\
\xe0\x00\xed\xff\xe0\x00\xef\xff\xf2\x00\xf0\xff\xd8\x00\xf3\xff\
\xd8\x00\xf4\xff\xd8\x00\xfb\xff\xfe\x00\xfd\xff\xfe\x00\xff\xff\
\xfe\x01\x01\xff\xfe\x01\x03\xff\xfe\x01\x05\xff\xfe\x01\x07\xff\
\xfe\x01\x0d\xff\xfe\x01\x14\xff\xd8\x01\x15\xff\xd8\x01\x16\xff\
\xd8\x01\x17\xff\xd8\x01\x18\xff\xd8\x01!\xff\xf4\x01\x22\xff\
\xf4\x01%\xff\xf4\x01&\xff\xf4\x01+\xff\xe0\x01,\xff\
\xe6\x01-\xff\xf2\x01.\xff\xf2\x01/\xff\xf2\x010\xff\
\xf2\x011\xff\xf2\x012\xff\xf2\x013\xff\xf2\x014\xff\
\xf2\x015\xff\xf2\x016\xff\xf2\x017\xff\xf2\x01=\x00\
\x06\x01>\xff\xfc\x01?\x00\x06\x01@\xff\xfc\x01A\x00\
\x06\x01B\xff\xfc\x01C\x00\x06\x01D\xff\xfc\x01J\xff\
\xf2\x01T\xff\xf2\x01U\xff\xf2\x01W\xff\xf2\x01X\xff\
\xf2\x01]\xff\xf2\x01_\xff\xd8\x01`\xff\xd8\x01a\xff\
\xd8\x01b\xff\xd8\x01c\xff\xd8\x01d\xff\xd8\x01g\xff\
\xd8\x01h\xff\xd8\x01i\xff\xd8\x01s\xff\xd8\x01t\xff\
\xd8\x01u\xff\xf0\x01y\x00\x04\x01z\x00\x04\x01|\xff\
\xca\x01}\xff\xe4\x01~\xff\xf2\x01\x83\xff\xd8\x01\x84\xff\
\xfc\x01\x88\xff\xca\x01\x8a\x00\x09\x01\x8c\x00\x09\x01\x8d\xff\
\xca\x01\x8f\xff\xf2\x01\x90\xff\xf2\x01\x91\xff\xf2\x01\x92\xff\
\xf2\x01\x93\xff\xf2\x01\x94\xff\xf2\x01\x95\xff\xf2\x01\x96\xff\
\xf2\x01\x9d\xff\xe2\x01\x9e\xff\xe2\x01\x9f\xff\xe2\x01\xa0\xff\
\xe2\x01\xa1\xff\xe2\x01\xa2\xff\xe2\x01\xa5\xff\xf3\x01\xb1\xff\
\xe0\x01\xb9\x00\x06\x01\xba\x00\x06\x01\xbb\x00\x06\x01\xbc\x00\
\x06\x01\xbd\x00\x06\x01\xbe\x00\x06\x01\xbf\x00\x06\x01\xc0\x00\
\x06\x01\xc1\x00\x06\x01\xc2\x00\x06\x01\xd3\xff\xf4\x01\xd4\xff\
\xf4\x01\xd5\xff\xf4\x01\xd6\xff\xf4\x01\xd7\xff\xf4\x01\xd8\xff\
\xf4\x01\xd9\xff\xf4\x01\xda\xff\xf4\x01\xdb\xff\xf4\x01\xdc\xff\
\xf4\x01\xdd\xff\xf4\x01\xde\xff\xf4\x01\xdf\xff\xf4\x01\xe0\xff\
\xf4\x01\xe1\xff\xf4\x01\xe2\xff\xf4\x01\xe3\xff\xc2\x01\xe4\xff\
\xf4\x01\xe5\xff\xf4\x01\xe6\xff\xf4\x01\xe7\xff\xf4\x01\xe8\xff\
\xf4\x01\xe9\xff\xf4\x01\xea\xff\xfc\x01\xeb\xff\xfc\x01\xec\xff\
\xfc\x01\xed\xff\xfc\x01\xee\xff\xfc\x01\xef\xff\xfc\x01\xf0\xff\
\xee\x01\xf1\xff\xfc\x01\xf2\xff\xfc\x01\xf3\xff\xfc\x01\xf4\xff\
\xfc\x01\xf7\xff\xfc\x01\xf8\xff\xf0\x01\xf9\xff\xf0\x01\xfa\xff\
\xf0\x01\xfb\xff\xf0\x00\x01\x01\xe3\xff\xd6\x00g\x00\x02\xff\
\xde\x00\x04\xff\xde\x00\x05\xff\xde\x00\x06\xff\xde\x00\x07\xff\
\xde\x00\x08\xff\xde\x00\x09\xff\xde\x00\x0a\xff\xde\x00\x0b\xff\
\xde\x00\x0c\xff\xde\x00\x0d\xff\xde\x00/\xff\xe2\x001\xff\
\xe2\x003\xff\xe2\x005\xff\xe2\x007\xff\xe2\x009\xff\
\xe2\x00;\xff\xe2\x00=\xff\xe2\x00?\xff\xe2\x00A\xff\
\xe2\x00C\xff\xf4\x00E\xff\xf4\x00q\xff\xdc\x00r\xff\
\xdc\x00s\xff\xdc\x00t\xff\xdc\x00u\xff\xdc\x00\x82\xff\
\xee\x00\x83\xff\xe6\x00\x84\xff\xe6\x00\x85\xff\xe6\x00\x86\xff\
\xe6\x00\x87\xff\xe6\x00\x88\xff\xda\x00\x89\xff\xe0\x00\x8a\xff\
\xe0\x00\x8b\xff\xe0\x00\x8c\xff\xe0\x00\x8d\xff\xe0\x00\x8e\xff\
\xe6\x00\x8f\xff\xe6\x00\x90\xff\xe6\x00\x91\xff\xe6\x00\xb4\x00\
\x04\x00\xb5\x00\x04\x00\xb9\x00\x04\x00\xba\x00\x04\x00\xbb\x00\
\x04\x00\xbc\x00\x04\x00\xc6\xff\xc8\x00\xcd\x00\x04\x00\xd0\x00\
\x04\x00\xd1\x00\x04\x00\xdd\x00\x04\x00\xde\x00\x04\x00\xdf\x00\
\x04\x00\xe0\x00\x04\x00\xe1\x00\x04\x00\xe2\x00\x04\x00\xe3\x00\
\x04\x00\xe4\x00\x04\x00\xe9\xff\xc8\x00\xea\x00\x04\x00\xeb\x00\
\x08\x00\xed\x00\x08\x00\xf0\x00\x04\x00\xf3\x00\x04\x00\xf4\x00\
\x04\x01\x14\x00\x04\x01\x15\x00\x04\x01\x16\x00\x04\x01\x17\x00\
\x04\x01\x18\x00\x04\x01+\x00\x08\x01_\x00\x04\x01`\x00\
\x04\x01a\x00\x04\x01b\x00\x04\x01c\x00\x04\x01d\x00\
\x04\x01g\x00\x04\x01h\x00\x04\x01i\x00\x04\x01s\x00\
\x04\x01t\x00\x04\x01|\xff\xc8\x01\x83\x00\x04\x01\x84\x00\
\x00\x01\x88\xff\xc8\x01\x8d\xff\xc8\x01\xb1\x00\x08\x01\xb9\x00\
\x06\x01\xba\x00\x06\x01\xbb\x00\x06\x01\xbc\x00\x06\x01\xbd\x00\
\x06\x01\xbe\x00\x06\x01\xbf\x00\x06\x01\xc0\x00\x06\x01\xc1\x00\
\x06\x01\xc2\x00\x06\x01\xe3\xff\xca\x00\x08\x00\x82\x00\x08\x00\
\xec\xff\xe8\x00\xee\xff\xe8\x01,\xff\xcc\x01}\xff\xcc\x01\
~\xff\xd2\x01\x84\x00\x04\x01\xe3\xff\xbe\x00\x06\x00\x82\xff\
\xfc\x01,\xff\xf8\x01}\xff\xf8\x01~\xff\xf0\x01\x84\xff\
\xfc\x01\xe3\x00\x04\x00\x06\x00\x82\xff\xf6\x01,\xff\xee\x01\
}\xff\xec\x01~\xff\xec\x01\x84\xff\xfc\x01\xe3\x00\x16\x00\
\x03\x00\x82\xff\xf8\x01\x84\xff\xf6\x01\xe3\xff\xf8\x00\xbb\x00\
\x02\xff\xcc\x00\x03\xff\xbe\x00\x04\xff\xcc\x00\x05\xff\xcc\x00\
\x06\xff\xcc\x00\x07\xff\xcc\x00\x08\xff\xcc\x00\x09\xff\xcc\x00\
\x0a\xff\xcc\x00\x0b\xff\xcc\x00\x0c\xff\xcc\x00\x0d\xff\xcc\x00\
+\xff\xfc\x00/\xff\xf8\x001\xff\xf8\x003\xff\xf8\x00\
5\xff\xf8\x007\xff\xf8\x009\xff\xf8\x00;\xff\xf8\x00\
=\xff\xf8\x00?\xff\xf8\x00A\xff\xf8\x00B\xff\xe2\x00\
C\xff\xce\x00D\xff\xe2\x00E\xff\xce\x00k\xff\xfc\x00\
l\xff\xfc\x00m\xff\xfc\x00n\xff\xfc\x00o\xff\xfc\x00\
p\xff\xfc\x00q\x00\x0a\x00r\x00\x0a\x00s\x00\x0a\x00\
t\x00\x0a\x00u\x00\x0a\x00\x82\x00\x16\x00\x83\x00\x06\x00\
\x84\x00\x06\x00\x85\x00\x06\x00\x86\x00\x06\x00\x87\x00\x06\x00\
\x88\xff\xf6\x00\x89\x00\x0a\x00\x8a\x00\x0a\x00\x8b\x00\x0a\x00\
\x8c\x00\x0a\x00\x8d\x00\x0a\x00\x8e\xff\xf0\x00\x8f\xff\xf0\x00\
\x90\xff\xf0\x00\x91\xff\xf0\x00\x92\xff\xf8\x00\x93\xff\xf8\x00\
\x94\xff\xf8\x00\x95\xff\xf8\x00\x99\xff\xf8\x00\x9a\xff\xf8\x00\
\x9b\xff\xf8\x00\x9c\xff\xf8\x00\x9e\xff\xf8\x00\x9f\xff\xf8\x00\
\xa4\xff\xf8\x00\xaa\xff\xfc\x00\xab\xff\xfc\x00\xae\xff\xfc\x00\
\xaf\xff\xfc\x00\xb4\xff\xf2\x00\xb5\xff\xf2\x00\xb9\xff\xf2\x00\
\xba\xff\xf2\x00\xbb\xff\xf2\x00\xbc\xff\xf2\x00\xc6\xff~\x00\
\xcd\xff\xf2\x00\xd0\xff\xf2\x00\xd1\xff\xf2\x00\xdd\xff\xf2\x00\
\xde\xff\xf2\x00\xdf\xff\xf2\x00\xe0\xff\xf2\x00\xe1\xff\xf2\x00\
\xe2\xff\xf2\x00\xe3\xff\xf2\x00\xe4\xff\xf2\x00\xe9\xff~\x00\
\xea\xff\xf2\x00\xeb\xff\xf0\x00\xed\xff\xf0\x00\xef\xff\xfc\x00\
\xf0\xff\xf2\x00\xf3\xff\xf2\x00\xf4\xff\xf2\x01\x14\xff\xf2\x01\
\x15\xff\xf2\x01\x16\xff\xf2\x01\x17\xff\xf2\x01\x18\xff\xf2\x01\
!\xff\xfe\x01\x22\xff\xfe\x01%\xff\xfe\x01&\xff\xfe\x01\
+\xff\xf0\x01-\xff\xfc\x01.\xff\xfc\x01/\xff\xfc\x01\
0\xff\xfc\x011\xff\xfc\x012\xff\xfc\x013\xff\xfc\x01\
4\xff\xfc\x015\xff\xfc\x016\xff\xfc\x017\xff\xfc\x01\
=\x00\x08\x01?\x00\x08\x01A\x00\x08\x01C\x00\x08\x01\
H\x00\x06\x01J\xff\xfc\x01T\xff\xfc\x01U\xff\xfc\x01\
W\xff\xfc\x01X\xff\xfc\x01]\xff\xfc\x01_\xff\xf2\x01\
`\xff\xf2\x01a\xff\xf2\x01b\xff\xf2\x01c\xff\xf2\x01\
d\xff\xf2\x01g\xff\xf2\x01h\xff\xf2\x01i\xff\xf2\x01\
s\xff\xf2\x01t\xff\xf2\x01y\xff\xfc\x01z\xff\xfc\x01\
|\xff~\x01\x83\xff\xf2\x01\x84\x00\x04\x01\x87\xff\xfa\x01\
\x88\xff~\x01\x8a\x00\x0e\x01\x8c\x00\x0e\x01\x8d\xff~\x01\
\x8e\xff\xfa\x01\x8f\xff\xfc\x01\x90\xff\xfc\x01\x91\xff\xfc\x01\
\x92\xff\xfc\x01\x93\xff\xfc\x01\x94\xff\xfc\x01\x95\xff\xfc\x01\
\x96\xff\xfc\x01\x9d\xff\xfc\x01\x9e\xff\xfc\x01\x9f\xff\xfc\x01\
\xa0\xff\xfc\x01\xa1\xff\xfc\x01\xa2\xff\xfc\x01\xb1\xff\xf0\x01\
\xb9\x00\x1c\x01\xba\x00\x1c\x01\xbb\x00\x1c\x01\xbc\x00\x1c\x01\
\xbd\x00\x1c\x01\xbe\x00\x1c\x01\xbf\x00\x1c\x01\xc0\x00\x1c\x01\
\xc1\x00\x1c\x01\xc2\x00\x1c\x01\xe3\xffX\x01\xea\x00\x10\x01\
\xeb\x00\x10\x01\xec\x00\x10\x01\xed\x00\x10\x01\xee\x00\x10\x01\
\xef\x00\x10\x01\xf0\x00\x0a\x01\xf1\x00\x10\x01\xf2\x00\x10\x01\
\xf3\x00\x10\x01\xf4\x00\x10\x01\xf7\x00\x10\x00\x04\x01}\xff\
\xf6\x01~\xff\xfc\x01\x84\x00\x08\x01\xe3\xff\x8a\x00\x04\x00\
\x82\xff\xc4\x01,\xff\xe6\x01\x84\xff\xe8\x01\xe3\x00\x10\x00\
\x08\x00\x82\xff\xf8\x00\xec\xff\xe2\x00\xee\xff\xe2\x01,\xff\
\xcc\x01}\xff\xe0\x01~\xff\xc8\x01\x84\xff\xe8\x01\xe3\x00\
\x12\x00\x01\x01\xe3\xff\xe4\x00\x01\x01\xe3\xff\xc8\x00\x04\x01\
,\xff\xf2\x01}\xff\xfe\x01~\xff\xf6\x01\x84\xff\xf8\x00\
\x05\x00\x82\xff\xf4\x01,\xff\xf1\x01~\xff\xfa\x01\x84\xff\
\xfa\x01\xe3\xff\xee\x00\x04\x00\x82\xff\xf8\x01}\x00\x02\x01\
\x84\xff\xfa\x01\xe3\xff\xe6\x00\xca\x00\x02\xff\xd4\x00\x03\xff\
\xd3\x00\x04\xff\xd4\x00\x05\xff\xd4\x00\x06\xff\xd4\x00\x07\xff\
\xd4\x00\x08\xff\xd4\x00\x09\xff\xd4\x00\x0a\xff\xd4\x00\x0b\xff\
\xd4\x00\x0c\xff\xd4\x00\x0d\xff\xd4\x00\x0f\xff\xfc\x00\x10\xff\
\xfc\x00\x11\xff\xfc\x00\x12\xff\xfc\x00\x13\xff\xfc\x00\x14\xff\
\xfc\x00&\xff\xfc\x00'\xff\xfc\x00(\xff\xfc\x00)\xff\
\xfc\x00*\xff\xfc\x00+\xff\xf8\x00B\xff\xf2\x00C\xff\
\xd6\x00D\xff\xf2\x00E\xff\xd6\x00T\xff\xfc\x00U\xff\
\xfc\x00V\xff\xfc\x00W\xff\xfc\x00X\xff\xfc\x00Y\xff\
\xfc\x00Z\xff\xfc\x00[\xff\xfc\x00\x5c\xff\xfc\x00]\xff\
\xfc\x00^\xff\xfc\x00a\xff\xfc\x00b\xff\xfb\x00k\xff\
\xf8\x00l\xff\xf8\x00m\xff\xf8\x00n\xff\xf8\x00o\xff\
\xf8\x00p\xff\xf8\x00q\x00\x0a\x00r\x00\x0a\x00s\x00\
\x0a\x00t\x00\x0a\x00u\x00\x0a\x00\x82\x00\x0a\x00\x83\x00\
\x08\x00\x84\x00\x08\x00\x85\x00\x08\x00\x86\x00\x08\x00\x87\x00\
\x08\x00\x89\x00\x06\x00\x8a\x00\x06\x00\x8b\x00\x06\x00\x8c\x00\
\x06\x00\x8d\x00\x06\x00\x92\xff\xee\x00\x93\xff\xee\x00\x94\xff\
\xee\x00\x95\xff\xee\x00\x99\xff\xee\x00\x9a\xff\xee\x00\x9b\xff\
\xee\x00\x9c\xff\xee\x00\x9e\xff\xee\x00\x9f\xff\xee\x00\xa4\xff\
\xee\x00\xaa\x00\x0f\x00\xab\x00\x0f\x00\xae\x00\x0f\x00\xaf\x00\
\x0f\x00\xb4\xff\xf6\x00\xb5\xff\xf6\x00\xb9\xff\xf6\x00\xba\xff\
\xf6\x00\xbb\xff\xf6\x00\xbc\xff\xf6\x00\xc6\xff\xb6\x00\xcd\xff\
\xf6\x00\xd0\xff\xf6\x00\xd1\xff\xf6\x00\xdd\xff\xf6\x00\xde\xff\
\xf6\x00\xdf\xff\xf6\x00\xe0\xff\xf6\x00\xe1\xff\xf6\x00\xe2\xff\
\xf6\x00\xe3\xff\xf6\x00\xe4\xff\xf6\x00\xe9\xff\xb6\x00\xea\xff\
\xf6\x00\xeb\xff\xfa\x00\xed\xff\xfa\x00\xef\xff\xf8\x00\xf0\xff\
\xf6\x00\xf3\xff\xf6\x00\xf4\xff\xf6\x01\x14\xff\xf6\x01\x15\xff\
\xf6\x01\x16\xff\xf6\x01\x17\xff\xf6\x01\x18\xff\xf6\x01!\xff\
\xf6\x01\x22\xff\xf6\x01%\xff\xf6\x01&\xff\xf6\x01+\xff\
\xfa\x01-\xff\xf8\x01.\xff\xf8\x01/\xff\xf8\x010\xff\
\xf8\x011\xff\xf8\x012\xff\xf8\x013\xff\xf8\x014\xff\
\xf8\x015\xff\xf8\x016\xff\xf8\x017\xff\xf8\x01=\x00\
\x06\x01?\x00\x06\x01A\x00\x06\x01C\x00\x06\x01H\x00\
\x04\x01J\xff\xf8\x01T\xff\xf8\x01U\xff\xf8\x01W\xff\
\xf8\x01X\xff\xf8\x01]\xff\xf8\x01_\xff\xf6\x01`\xff\
\xf6\x01a\xff\xf6\x01b\xff\xf6\x01c\xff\xf6\x01d\xff\
\xf6\x01g\xff\xf6\x01h\xff\xf6\x01i\xff\xf6\x01s\xff\
\xf6\x01t\xff\xf6\x01y\x00\x0f\x01z\x00\x0f\x01|\xff\
\xb6\x01}\xff\xf8\x01~\xff\xfa\x01\x83\xff\xf6\x01\x84\x00\
\x08\x01\x87\xff\xfa\x01\x88\xff\xb6\x01\x8d\xff\xb6\x01\x8e\xff\
\xfa\x01\x8f\xff\xf8\x01\x90\xff\xf8\x01\x91\xff\xf8\x01\x92\xff\
\xf8\x01\x93\xff\xf8\x01\x94\xff\xf8\x01\x95\xff\xf8\x01\x96\xff\
\xf8\x01\x9d\xff\xfb\x01\x9e\xff\xfb\x01\x9f\xff\xfb\x01\xa0\xff\
\xfb\x01\xa1\xff\xfb\x01\xa2\xff\xfb\x01\xb0\xff\xf4\x01\xb1\xff\
\xfa\x01\xd3\xff\xf8\x01\xd4\xff\xf8\x01\xd5\xff\xf8\x01\xd6\xff\
\xf8\x01\xd7\xff\xf8\x01\xd8\xff\xf8\x01\xd9\xff\xf8\x01\xda\xff\
\xf8\x01\xdb\xff\xf8\x01\xdc\xff\xf8\x01\xdd\xff\xf8\x01\xde\xff\
\xf8\x01\xdf\xff\xf8\x01\xe0\xff\xf8\x01\xe1\xff\xf8\x01\xe2\xff\
\xf8\x01\xe3\xff\xc0\x01\xe4\xff\xf8\x01\xe5\xff\xf8\x01\xe6\xff\
\xf8\x01\xe7\xff\xf8\x01\xe8\xff\xf8\x01\xe9\xff\xf8\x01\xf0\xff\
\xf6\x01\xf8\xff\xf8\x01\xf9\xff\xf8\x01\xfa\xff\xf8\x01\xfb\xff\
\xf8\x00\x03\x00\x82\xff\xf8\x01\x84\xff\xfa\x01\xe3\xff\xc6\x00\
\x03\x00\x82\xff\xfe\x01~\xff\xfa\x01\xe3\xff\xf0\x00\x06\x00\
\x82\xff\xf6\x01,\xff\xec\x01}\xff\xfd\x01~\xff\xf6\x01\
\x84\xff\xfa\x01\xe3\xff\xe6\x00\x04\x01,\xff\xec\x01}\xff\
\xf4\x01~\xff\xf4\x01\x84\xff\xfa\x00\x05\x00\x82\xff\xd6\x01\
,\xff\xee\x01}\xff\xf8\x01~\xff\xee\x01\x84\xff\xe2\x00\
\x04\x00Z\xff\xd6\x03\x01\x03\x08\x00\x1b\x00\x1f\x00#\x00\
'\x00\x00e532654&#\x22\x06\x15#\
46632\x16\x16\x15\x15\x14\x06\x06\x077\x07\x07\
53\x15\x05\x11!\x11%!\x11!\x01\x81)-1\
0))2D(H10F&&I6\x18\x01\
EL\xfe\x94\x02\xa7\xfd\x91\x027\xfd\xc9\xec\x886)\
)57,/H*(C*\x08)C'\x01\x1a\
l\x88LL\x8e\x032\xfc\xce6\x02\xc6\x00\x00\x02\x00\
\x1c\x00\x00\x02\xd8\x02\xda\x00\x09\x00\x0d\x00\x00s\x013\
\x01#\x03\x17#7\x0377!\x17\x1c\x01\x07\xa6\x01\
\x0fe\xf50v3\xed;!\x01;!\x02\xda\xfd&\
\x02\x9a\x18\x18\xfdf\xdaXX\x00\x06\x00\x0c\x00\x00\x03\
\x8e\x02\xda\x00\x06\x00\x0a\x00\x0e\x00\x12\x00\x16\x00\x1a\x00\
\x00s\x013\x15#7\x0177!\x15\x07\x113\x11\
#5!\x15\x015!\x15\x015!\x15\x0c\x01!\xc6\
\xb23\xfe\xfaD$\x01\x1d\x15c\x15\x01b\xfe\x9e\x01\
D\xfe\xbc\x01X\x02\xdaX\x18\xfdf\xf7YY\xf7\x02\
\xda\xfd&XX\x01GXX\x01;XX\xff\xff\x00\
\x1c\x00\x00\x02\xd8\x03\xb8\x06&\x00\x02\x00\x00\x00\x07\x00\
\x98\x01<\x00\x00\xff\xff\x00\x1c\x00\x00\x02\xd8\x03\xb8\x06\
&\x00\x02\x00\x00\x00\x07\x00\xb1\x00\xd0\x00\x00\xff\xff\x00\
\x1c\x00\x00\x02\xd8\x03\xb8\x06&\x00\x02\x00\x00\x00\x07\x00\
\xc4\x00\xbd\x00\x00\xff\xff\x00\x1c\x00\x00\x02\xd8\x03\xa6\x06\
&\x00\x02\x00\x00\x00\x07\x00\xd5\x00\xcb\x00\x00\xff\xff\x00\
\x1c\x00\x00\x02\xd8\x03\xb8\x06&\x00\x02\x00\x00\x00\x07\x01\
\x1c\x00\xb6\x00\x00\xff\xff\x00\x1c\x00\x00\x02\xd8\x03\x87\x06\
&\x00\x02\x00\x00\x00\x07\x01M\x00\xd0\x00\x00\xff\xff\x00\
\x1c\xff\x02\x02\xdc\x02\xda\x06&\x00\x02\x00\x00\x00\x07\x01\
f\x01\xee\x00\x00\xff\xff\x00\x1c\x00\x00\x02\xd8\x03\xd8\x06\
&\x00\x02\x00\x00\x00\x07\x01\x9c\x00\xff\x00\x00\xff\xff\x00\
\x1c\x00\x00\x02\xd8\x04\x9c\x06&\x00\x02\x00\x00\x00'\x01\
\x9c\x00\xff\x00\x00\x00\x07\x00\x98\x01<\x00\xe4\xff\xff\x00\
\x1c\x00\x00\x02\xd8\x03\xa0\x06&\x00\x02\x00\x00\x00\x07\x01\
\xcc\x00\xcc\x00\x00\x00\x03\x00j\xff\xfc\x02d\x02\xde\x00\
\x14\x00\x18\x00,\x00\x00W532654&#\
#532\x16\x16\x15\x15\x14\x06\x06#!\x113\x11\
\x03532654&##532\x16\x15\x15\
\x14\x06\x06#\xb8\xcc;A@<\xcc\xbeFk=4\
jP\xfe\xf4b\x14\xb1>;;>\xb1\xa0xv<\
kG\x04VC89A@\x22OD\x0e@Y/\
\x02\xe2\xfd\x1e\x01]@C45CVe_\x0eC\
O!\x00\x00\x01\x008\xff\xee\x02\xf7\x02\xee\x00%\x00\
\x00E\x22.\x02554>\x0232\x16\x16\x17#\
.\x02#\x22\x0e\x02\x15\x14\x1e\x0232673\x0e\
\x02\x01\xa7d\x8dV()V\x8a`b\x8cR\x09d\
\x08@a<AbA!!CdC^\x80\x0ed\
\x0aQ\x8f\x12Fp\x83=\x16B\x84lBDzS\
>Q(-Qj>;jR/^YK|J\
\x00\xff\xff\x008\xff\xee\x02\xf7\x03\xb8\x06&\x00\x0f\x00\
\x00\x00\x07\x00\x98\x01g\x00\x00\xff\xff\x008\xff\xee\x02\
\xf7\x03\xb8\x06&\x00\x0f\x00\x00\x00\x07\x00\xb8\x00\xe5\x00\
\x00\xff\xff\x008\xff\x08\x02\xf7\x02\xee\x06&\x00\x0f\x00\
\x00\x00\x07\x00\xbf\x01Y\x00\x00\xff\xff\x008\xff\xee\x02\
\xf7\x03\xb8\x06&\x00\x0f\x00\x00\x00\x07\x00\xc4\x00\xe8\x00\
\x00\xff\xff\x008\xff\xee\x02\xf7\x03\xa6\x06&\x00\x0f\x00\
\x00\x00\x07\x00\xdc\x01`\x00\x00\x00\x02\x00j\xff\xfc\x02\
\xea\x02\xde\x00\x1a\x00\x1e\x00\x00W532>\x025\
4.\x02##532\x1e\x02\x15\x15\x14\x0e\x02#\
#\x113\x11\xb8\xb6BgI&&IgB\xb6\xac\
c\x92a00a\x92c\xfab\x04Z+Lf;\
>eK(Z=g\x7fB\x16@\x80h?\x02\xe2\
\xfd\x1e\x00\xff\xff\x00j\xff\xfc\x02\xea\x03\xb8\x06&\x00\
\x15\x00\x00\x00\x07\x00\xb8\x00\xbc\x00\x00\xff\xff\x00\x16\xff\
\xfc\x02\xea\x02\xde\x06\x06\x00#\x00\x00\x00\x04\x00j\x00\
\x00\x02\x1a\x02\xda\x00\x03\x00\x07\x00\x0b\x00\x0f\x00\x00s\
\x113\x11#5!\x15\x015!\x15\x015!\x15j\
b\x14\x01b\xfe\x9e\x01C\xfe\xbd\x01X\x02\xda\xfd&\
XX\x01GXX\x01;XX\x00\xff\xff\x00j\x00\
\x00\x02\x1a\x03\xb8\x06&\x00\x18\x00\x00\x00\x07\x00\x98\x01\
\x09\x00\x00\xff\xff\x00j\x00\x00\x02\x1a\x03\xb8\x06&\x00\
\x18\x00\x00\x00\x07\x00\xb1\x00\x9d\x00\x00\xff\xff\x00j\x00\
\x00\x02\x1a\x03\xb8\x06&\x00\x18\x00\x00\x00\x07\x00\xb8\x00\
\x87\x00\x00\xff\xff\x00j\x00\x00\x02\x1a\x03\xb8\x06&\x00\
\x18\x00\x00\x00\x07\x00\xc4\x00\x8a\x00\x00\xff\xff\x00j\x00\
\x00\x02\x1a\x03\xa6\x06&\x00\x18\x00\x00\x00\x07\x00\xd5\x00\
\x98\x00\x00\xff\xff\x00j\x00\x00\x02\x1a\x03\xa6\x06&\x00\
\x18\x00\x00\x00\x07\x00\xdc\x01\x02\x00\x00\xff\xff\x00j\x00\
\x00\x02\x1a\x03\xb8\x06&\x00\x18\x00\x00\x00\x07\x01\x1c\x00\
\x83\x00\x00\xff\xff\x00j\x00\x00\x02\x1a\x03\x87\x06&\x00\
\x18\x00\x00\x00\x07\x01M\x00\x9d\x00\x00\x00\x01\x00j\xff\
 \x02\xe7\x02\xda\x00\x19\x00\x00E532655\
\x17#\x01#7\x11#\x113\x013\x07\x113\x11\x14\
\x06\x06#\x01\xaeo84%n\xfe\x92 \x14\x5c\xa0\
\x01s \x14^0`H\xe0V=87\x19\x02y\
\x12\xfdl\x02\xda\xfd~\x12\x02\x94\xfd Ha1\xff\
\xff\x00j\xff\x02\x02&\x02\xda\x06&\x00\x18\x00\x00\x00\
\x07\x01f\x018\x00\x00\xff\xff\x00\x16\xff\xfc\x02\xea\x02\
\xde\x06&\x00\x15\x00\x00\x00\x06\x01\xb77\x05\xff\xff\x00\
j\x00\x00\x02\x1a\x03\xa0\x06&\x00\x18\x00\x00\x00\x07\x01\
\xcc\x00\x99\x00\x00\x00\x03\x00j\x00\x00\x02\x02\x02\xda\x00\
\x03\x00\x07\x00\x0b\x00\x00s\x113\x11\x035%\x15\x01\
5!\x15jb\x14\x019\xfe\xc7\x01J\x02\xda\xfd&\
\x01EX\x01X\x01<XX\x00\x02\x008\xff\xee\x03\
\x1d\x02\xee\x00'\x00+\x00\x00E\x22.\x02554\
>\x0232\x16\x16\x17#.\x02#\x22\x0e\x02\x15\x14\
\x1e\x023267\x0753\x15\x06\x06\x035!\x15\
\x01\xb0U\x8ac61]\x86T[\x8eV\x07d\x07\
Ba89`E&)Je<U\x81!$\x5c\
1\x9a~\x01\x87\x128f\x8bR\x16F\x83i=E\
{Q=Q))LjBKqK&E7w\
\xd9\xae@H\x01\x22RR\x00\xff\xff\x008\xff\xee\x03\
\x1d\x03\xb8\x06&\x00&\x00\x00\x00\x07\x00\xb1\x00\xf8\x00\
\x00\xff\xff\x008\xff\xee\x03\x1d\x03\xb8\x06&\x00&\x00\
\x00\x00\x07\x00\xc4\x00\xe5\x00\x00\xff\xff\x008\xfe\xe4\x03\
\x1d\x02\xee\x06&\x00&\x00\x00\x00\x07\x00\xc8\x01o\x00\
\x00\xff\xff\x008\xff\xee\x03\x1d\x03\xa6\x06&\x00&\x00\
\x00\x00\x07\x00\xdc\x01]\x00\x00\x00\x02\x008\xff\xf0\x04\
\xf4\x02\xea\x001\x00c\x00\x00E\x22&&53\x14\
\x16\x16326654&''.\x02546\
632\x16\x16\x15#4&&#\x22\x06\x06\x15\x14\
\x16\x17\x17\x1e\x02\x15\x14\x06\x06!\x22&&53\x14\
\x16\x16326654&''.\x02546\
632\x16\x16\x15#4&&#\x22\x06\x06\x15\x14\
\x16\x17\x17\x1e\x02\x15\x14\x06\x06\x01SW\x7fEa\x22\
RF@Q(MJL@_4?rKLr\
@a#E55D!<=LKl:D~\
\x022W|Ca OF?O&MJP@\
_4@sLMr@a#F55F\x22<\
=PJl;B|\x108hG\x1dB.'?\
$+<\x07\x07\x06/S;Dc74cH \
=(%<#'=\x05\x07\x072T;Cg:\
8hG\x1dB.'?$,;\x07\x07\x06/T\
:Dc74cH =(%<#'=\x05\
\x07\x062T<Cg:\x00\x00\x03\x00j\x00\x00\x02\
\xba\x02\xda\x00\x03\x00\x07\x00\x0b\x00\x00a\x113\x11!\
\x113\x11\x035!\x15\x02Xb\xfd\xb0b\x14\x01\xb4\
\x02\xda\xfd&\x02\xda\xfd&\x01?XX\x00\x00\x04\x00\
*\x00\x00\x02\xfa\x02\xda\x00\x03\x00\x07\x00\x0b\x00\x0f\x00\
\x00S5!\x15\x03\x113\x11!\x113\x11\x035!\
\x15*\x02\xd0\xa2b\xfd\xb0b\x14\x01\xb4\x02,PP\
\xfd\xd4\x02\xda\xfd&\x02\xda\xfd&\x01?XX\x00\x00\
\x01\x00l\x00\x00\x00\xce\x02\xda\x00\x03\x00\x00s\x113\
\x11lb\x02\xda\xfd&\x00\x03\x00X\x00\x00\x01h\x02\
\xda\x00\x03\x00\x07\x00\x0b\x00\x00w\x113\x11\x075!\
\x15\x015!\x15\xafb\xb9\x01\x10\xfe\xf0\x01\x10@\x02\
Z\xfd\xa6@TT\x02\x86TT\x00\xff\xff\x00c\x00\
\x00\x01R\x03\xb8\x06&\x00.\x00\x00\x00\x06\x00\x98c\
\x00\xff\xff\x00X\x00\x00\x01\x95\x03\xb8\x06&\x00/\x00\
\x00\x00\x07\x00\x98\x00\xa6\x00\x00\xff\xff\xff\xf7\x00\x00\x01\
C\x03\xb8\x06&\x00.\x00\x00\x00\x06\x00\xb1\xf7\x00\xff\
\xff\x00:\x00\x00\x01\x86\x03\xb8\x06&\x00/\x00\x00\x00\
\x06\x00\xb1:\x00\xff\xff\xff\xe4\x00\x00\x01Z\x03\xb8\x06\
&\x00.\x00\x00\x00\x06\x00\xc4\xe4\x00\xff\xff\x00'\x00\
\x00\x01\x9d\x03\xb8\x06&\x00/\x00\x00\x00\x06\x00\xc4'\
\x00\xff\xff\xff\xf2\x00\x00\x01H\x03\xa6\x06&\x00.\x00\
\x00\x00\x06\x00\xd5\xf2\x00\xff\xff\x005\x00\x00\x01\x8b\x03\
\xa6\x06&\x00/\x00\x00\x00\x06\x00\xd55\x00\xff\xff\x00\
\x5c\x00\x00\x00\xde\x03\xa6\x06&\x00.\x00\x00\x00\x06\x00\
\xdc\x5c\x00\xff\xff\x00X\x00\x00\x01h\x03\xa6\x06&\x00\
/\x00\x00\x00\x07\x00\xdc\x00\x9f\x00\x00\xff\xff\xff\xdd\x00\
\x00\x00\xce\x03\xb8\x06&\x00.\x00\x00\x00\x06\x01\x1c\xdd\
\x00\xff\xff\x00 \x00\x00\x01h\x03\xb8\x06&\x00/\x00\
\x00\x00\x06\x01\x1c \x00\xff\xff\xff\xf7\x00\x00\x01C\x03\
\x87\x06&\x00.\x00\x00\x00\x06\x01M\xf7\x00\xff\xff\x00\
:\x00\x00\x01\x86\x03\x87\x06&\x00/\x00\x00\x00\x06\x01\
M:\x00\xff\xff\x00\x22\xff\x02\x00\xd8\x02\xda\x06&\x00\
.\x00\x00\x00\x06\x01f\xea\x00\xff\xff\x00X\xff\x02\x01\
h\x02\xda\x06&\x00/\x00\x00\x00\x06\x01f8\x00\xff\
\xff\xff\xf3\x00\x00\x01Y\x03\xa0\x06&\x00.\x00\x00\x00\
\x06\x01\xcc\xf3\x00\xff\xff\x006\x00\x00\x01\x9c\x03\xa0\x06\
&\x00/\x00\x00\x00\x06\x01\xcc6\x00\x00\x02\x00&\xff\
\xee\x02\x22\x02\xda\x00\x13\x00\x17\x00\x00E\x22&&5\
53\x15\x14\x163265\x113\x11\x14\x06\x06\x03\
5!\x15\x01$GtCbXDDXbCs\
\xe6\x01\x9c\x12<vX\x19+KSSK\x01\xb0\xfe\
bXv<\x02\x94XX\x00\x00\x01\x006\xff\xec\x01\
\xe8\x02\xda\x00\x13\x00\x00E\x22&&553\x15\x14\
\x163265\x113\x11\x14\x06\x06\x01\x0f?b8\
bA66Ab8b\x142eLo\x819>\
>9\x02\x1d\xfd\xf5Le2\xff\xff\x00&\xff\xee\x02\
\x22\x03\xb8\x06&\x00B\x00\x00\x00\x07\x00\xc4\x00\x9b\x00\
\x00\xff\xff\x006\xff\xec\x02t\x03\xb8\x06&\x00C\x00\
\x00\x00\x07\x00\xc4\x00\xfe\x00\x00\x00\x02\x00j\x00\x00\x02\
\xb0\x02\xda\x00\x07\x00\x0b\x00\x00a\x01#\x013\x01'\
\x01!\x113\x11\x026\xfe\xd7k\x01Sp\xfe\xcc\x09\
\x01\x88\xfd\xbab\x01U\x01\x85\xfe\xa0E\xfeA\x02\xda\
\xfd&\x00\xff\xff\x00j\xfe\xe4\x02\xb0\x02\xda\x06&\x00\
F\x00\x00\x00\x07\x00\xc8\x018\x00\x00\x00\x02\x00j\x00\
\x00\x02\x06\x02\xda\x00\x03\x00\x07\x00\x00s\x113\x11#\
5!\x15jb\x14\x01N\x02\xda\xfd&XX\x00\xff\
\xff\x00a\x00\x00\x02\x06\x03\xb8\x06&\x00H\x00\x00\x00\
\x06\x00\x98a\x00\xff\xff\x00j\x00\x00\x02\x06\x033\x06\
&\x00H\x00\x00\x00\x07\x00\xb7\x01\x0e\x00\x07\xff\xff\x00\
j\xfe\xe4\x02\x06\x02\xda\x06&\x00H\x00\x00\x00\x07\x00\
\xc8\x00\xf5\x00\x00\x00\x04\x00\x1e\x00\x00\x02\x06\x02\xda\x00\
\x03\x00\x07\x00\x0b\x00\x0f\x00\x00S57\x15\x0557\
\x15\x03\x113\x11#5!\x15\xa7\xd4\xfe\xa3k\x1fb\
\x14\x01N\x01)T{T\xc6T>T\xfe\xe4\x02\xda\
\xfd&XX\x00\x00\x01\x00j\x00\x00\x03.\x02\xda\x00\
\x0f\x00\x00s\x113\x133\x133\x11#\x11\x17\x03#\
\x037\x11j\x82\xd8\x10\xd7\x83b\x07\xcfx\xd0\x08\x02\
\xda\xfe\x19\x01\xe7\xfd&\x02o\x02\xfe*\x01\xd6\x02\xfd\
\x91\x00\x01\x00j\x00\x00\x02\xe7\x02\xda\x00\x0d\x00\x00s\
\x113\x013\x07\x113\x11#\x01#7\x11j\xa0\x01\
s \x14^\xa2\xfe\x8d \x14\x02\xda\xfd~\x12\x02\x94\
\xfd&\x02\x82\x12\xfdl\xff\xff\x00j\x00\x00\x02\xe7\x03\
\xb8\x06&\x00N\x00\x00\x00\x07\x00\x98\x01\x81\x00\x00\xff\
\xff\x00j\x00\x00\x02\xe7\x03\xb8\x06&\x00N\x00\x00\x00\
\x07\x00\xb8\x00\xff\x00\x00\xff\xff\x00j\xfe\xe4\x02\xe7\x02\
\xda\x06&\x00N\x00\x00\x00\x07\x00\xc8\x01Y\x00\x00\xff\
\xff\x00j\x00\x00\x02\xe7\x03\xa0\x06&\x00N\x00\x00\x00\
\x07\x01\xcc\x01\x11\x00\x00\x00\x02\x008\xff\xee\x03*\x02\
\xee\x00\x15\x00)\x00\x00E\x22.\x02554>\x02\
32\x1e\x02\x15\x15\x14\x0e\x02'2>\x0254.\
\x02#\x22\x0e\x02\x15\x14\x1e\x02\x01\xb1b\x8e\x5c-.\
^\x8d``\x8d^.-\x5c\x8eb@gH&&\
Hg@@gH&&Hg\x12Fr\x82<\x16\
A\x84mBBm\x84A\x16<\x82rFZ0S\
i:=jQ..Qj=:iS0\x00\x00\
\x05\x008\xff\xec\x03\xe3\x02\xee\x00\x14\x00&\x00*\x00\
.\x002\x00\x00E\x22.\x03554>\x0232\
\x16\x173\x11#\x06\x06'267\x07\x11\x17&&\
#\x22\x06\x06\x15\x14\x1e\x02\x055!\x15\x015!\x15\
\x015!\x15\x01\xb8R}[:\x1c.^\x91c)\
F\x18VV\x18F)&W\x1f!!\x1fV'X\
~D&Jh\x01\x0b\x01b\xfe\x9e\x01D\xfe\xbc\x01\
X\x14.Obh0\x16B\x84mB\x0b\x09\xfd&\
\x09\x0bX\x10\x10'\x02^%\x11\x0fQ\x86R:k\
T0DXX\x01GXX\x01;XX\xff\xff\x00\
8\xff\xee\x03*\x03\xb8\x06&\x00T\x00\x00\x00\x07\x00\
\x98\x01w\x00\x00\xff\xff\x008\xff\xee\x03*\x03\xb8\x06\
&\x00T\x00\x00\x00\x07\x00\xb1\x01\x0b\x00\x00\xff\xff\x00\
8\xff\xee\x03*\x03\xb8\x06&\x00T\x00\x00\x00\x07\x00\
\xc4\x00\xf8\x00\x00\xff\xff\x008\xff\xee\x03*\x03\xa6\x06\
&\x00T\x00\x00\x00\x07\x00\xd5\x01\x06\x00\x00\xff\xff\x00\
8\xff\xee\x03*\x03\xb8\x06&\x00T\x00\x00\x00\x07\x01\
\x1c\x00\xf1\x00\x00\xff\xff\x008\xff\xee\x03*\x03\xb8\x06\
&\x00T\x00\x00\x00\x07\x01*\x01)\x00\x00\xff\xff\x00\
8\xff\xee\x03*\x03\x87\x06&\x00T\x00\x00\x00\x07\x01\
M\x01\x0b\x00\x00\x00\x03\x008\xff\xcc\x03*\x03\x04\x00\
\x03\x00\x19\x00-\x00\x00W\x013\x017\x22.\x025\
54>\x0232\x1e\x02\x15\x15\x14\x0e\x02'2>\
\x0254.\x02#\x22\x0e\x02\x15\x14\x1e\x02b\x02=\
`\xfd\xc3\xefb\x8e\x5c-.^\x8d``\x8d^.\
-\x5c\x8eb@gH&&Hg@@gH&\
&Hg4\x038\xfc\xc8\x22Fr\x82<\x16A\x84\
mBBm\x84A\x16<\x82rFZ0Si:\
=jQ..Qj=:iS0\x00\xff\xff\x00\
8\xff\xee\x03*\x03\xa0\x06&\x00T\x00\x00\x00\x07\x01\
\xcc\x01\x07\x00\x00\x00\x02\x00j\x00\x00\x02Z\x02\xde\x00\
\x16\x00\x1a\x00\x00w5326654&&#\
#532\x16\x16\x15\x15\x14\x06\x06#\x07\x113\x11\
\xb8\xa34D##D4\xa3\x91Zy>>yZ\
\xdfb\xfeV)F+,F(V9hG\x10F\
i9\xfe\x02\xde\xfd\x22\x00\x02\x00j\x00\x00\x02v\x02\
\xde\x00\x16\x00\x1a\x00\x00S5326654&\
&##532\x16\x16\x15\x15\x14\x06\x06#\x01\x11\
3\x11\xb8\xdc+7\x1c\x1c8*\xdc\xcaPm77\
lQ\xfe\xe8b\x01<V\x1e8%&7\x1eV0\
Z?\x10?Z0\xfe\xc4\x02\xde\xfd\x22\x00\x00\x03\x00\
8\xff-\x03*\x02\xee\x00\x0c\x00\x22\x006\x00\x00E\
\x22&&553\x15\x14\x1633\x15'\x22.\x02\
554>\x0232\x1e\x02\x15\x15\x14\x0e\x02'2\
>\x0254.\x02#\x22\x0e\x02\x15\x14\x1e\x02\x028\
6P,Z' |\xf2b\x8e\x5c-.^\x8d`\
`\x8d^.-\x5c\x8eb@gH&&Hg@\
@gH&&Hg\xd3\x1fLBXg!&W\
\xc1Fr\x82<\x16A\x84mBBm\x84A\x16<\
\x82rFZ0Si:=jQ..Qj=\
:iS0\x00\x00\x03\x008\xff\xba\x03*\x02\xee\x00\
\x03\x00\x19\x00-\x00\x00E\x013\x01%\x22.\x025\
54>\x0232\x1e\x02\x15\x15\x14\x0e\x02'2>\
\x0254.\x02#\x22\x0e\x02\x15\x14\x1e\x02\x02\xa2\xfe\
\xf5`\x01\x0b\xfe\xafb\x8e\x5c-.^\x8d``\x8d\
^.-\x5c\x8eb@gH&&Hg@@g\
H&&HgF\x01l\xfe\x944Fr\x82<\x16\
A\x84mBBm\x84A\x16<\x82rFZ0S\
i:=jQ..Qj=:iS0\x00\x00\
\x03\x00j\x00\x00\x02\xa4\x02\xde\x00\x03\x00\x07\x00\x1e\x00\
\x00s\x113\x11!\x033\x13\x01532665\
4&&##532\x16\x16\x15\x15\x14\x06\x06#\
jb\x01a\xf2s\xf6\xfe\x03\xc4.B$$B.\
\xc4\xb2PxBCwP\x02\xde\xfd\x22\x01E\xfe\xbb\
\x01\x08W&C++C'V0dO\x10Od\
0\x00\x03\x00j\x00\x00\x02\x94\x02\xde\x00\x03\x00\x07\x00\
\x1c\x00\x00s\x113\x11!\x033\x13\x015326\
54&##532\x16\x16\x15\x15\x14\x06\x06#\
jb\x01[\x95i\x99\xfe$\xe2@<>>\xe2\xcf\
Ql66lQ\x02\xde\xfd\x22\x01Q\xfe\xaf\x019\
WC99CV0[?\x10?[1\xff\xff\x00\
j\x00\x00\x02\xa4\x03\xb8\x06&\x00c\x00\x00\x00\x07\x00\
\x98\x01\x18\x00\x00\xff\xff\x00j\x00\x00\x02\x94\x03\xb8\x06\
&\x00d\x00\x00\x00\x07\x00\x98\x01\x19\x00\x00\xff\xff\x00\
j\x00\x00\x02\xa4\x03\xb8\x06&\x00c\x00\x00\x00\x07\x00\
\xb8\x00\x96\x00\x00\xff\xff\x00j\x00\x00\x02\x94\x03\xb8\x06\
&\x00d\x00\x00\x00\x07\x00\xb8\x00\x97\x00\x00\xff\xff\x00\
j\xfe\xe4\x02\xa4\x02\xde\x06&\x00c\x00\x00\x00\x07\x00\
\xc8\x013\x00\x00\xff\xff\x00j\xfe\xe4\x02\x94\x02\xde\x06\
&\x00d\x00\x00\x00\x07\x00\xc8\x015\x00\x00\x00\x01\x00\
8\xff\xee\x02w\x02\xee\x000\x00\x00E\x22&&5\
3\x14\x16\x16326654&''&&5\
46632\x16\x16\x15#4&&#\x22\x06\x06\
\x15\x14\x16\x17\x17\x1e\x02\x15\x14\x06\x06\x01W[\x80D\
b#SGBT(NKQatAtML\
tAb!F86G#>=QKm;H\
\x82\x12<jC!B,'?%-;\x07\x07\x08\
hUCd98eF#>(&=#(>\
\x05\x07\x063U;Ch:\xff\xff\x008\xff\xee\x02\
w\x03\xb8\x06&\x00k\x00\x00\x00\x07\x00\x98\x01\x1e\x00\
\x00\xff\xff\x008\xff\xee\x02w\x03\xb8\x06&\x00k\x00\
\x00\x00\x07\x00\xb8\x00\x9c\x00\x00\xff\xff\x008\xff\x08\x02\
w\x02\xee\x06&\x00k\x00\x00\x00\x07\x00\xbf\x01\x0d\x00\
\x00\xff\xff\x008\xff\xee\x02w\x03\xb8\x06&\x00k\x00\
\x00\x00\x07\x00\xc4\x00\x9f\x00\x00\xff\xff\x008\xfe\xe4\x02\
w\x02\xee\x06&\x00k\x00\x00\x00\x07\x00\xc8\x01\x13\x00\
\x00\x00\x02\x00\x1a\x00\x00\x028\x02\xda\x00\x03\x00\x07\x00\
\x00s\x113\x11\x015!\x15\xf8b\xfe\xc0\x02\x1e\x02\
\x96\xfdj\x02\x82XX\x00\x03\x00\x1a\x00\x00\x028\x02\
\xda\x00\x03\x00\x07\x00\x0b\x00\x00S5!\x15\x03\x113\
\x11\x015!\x15\x5c\x01\x9a\xfeb\xfe\xc0\x02\x1e\x01@\
PP\xfe\xc0\x02\x96\xfdj\x02\x82XX\x00\xff\xff\x00\
\x1a\x00\x00\x028\x03\xb8\x06&\x00q\x00\x00\x00\x06\x00\
\xb8m\x00\xff\xff\x00\x1a\xff\x08\x028\x02\xda\x06&\x00\
q\x00\x00\x00\x07\x00\xbf\x00\xe0\x00\x00\xff\xff\x00\x1a\xfe\
\xe4\x028\x02\xda\x06&\x00q\x00\x00\x00\x07\x00\xc8\x00\
\xe6\x00\x00\x00\x02\x00j\x00\x00\x02H\x02\xda\x00\x16\x00\
\x1a\x00\x00w5326654&&##5\
32\x16\x16\x15\x15\x14\x06\x06#\x07\x113\x11\xb8\x9a\
3@\x1f\x1f@3\x9a\x8cUt;;tU\xdab\
\x8cW$A++A%V9eB\x0eAf9\
\x8c\x02\xda\xfd&\x00\x01\x00\x5c\xff\xee\x02\xb9\x02\xda\x00\
\x15\x00\x00E\x22&&5\x113\x11\x14\x16\x1632\
665\x113\x11\x14\x06\x06\x01\x8bc\x87Eb/\
\x5cBB[/bD\x86\x12M\x8b\x5c\x01\xb8\xfe<\
=]43]>\x01\xc4\xfeH\x5c\x8bM\xff\xff\x00\
\x5c\xff\xee\x02\xb9\x03\xb8\x06&\x00w\x00\x00\x00\x07\x00\
\x98\x01Q\x00\x00\xff\xff\x00\x5c\xff\xee\x02\xb9\x03\xb8\x06\
&\x00w\x00\x00\x00\x07\x00\xb1\x00\xe5\x00\x00\xff\xff\x00\
\x5c\xff\xee\x02\xb9\x03\xb8\x06&\x00w\x00\x00\x00\x07\x00\
\xc4\x00\xd2\x00\x00\xff\xff\x00\x5c\xff\xee\x02\xb9\x03\xa6\x06\
&\x00w\x00\x00\x00\x07\x00\xd5\x00\xe0\x00\x00\xff\xff\x00\
\x5c\xff\xee\x02\xb9\x03\xb8\x06&\x00w\x00\x00\x00\x07\x01\
\x1c\x00\xcb\x00\x00\xff\xff\x00\x5c\xff\xee\x02\xb9\x03\xb8\x06\
&\x00w\x00\x00\x00\x07\x01*\x01\x03\x00\x00\xff\xff\x00\
\x5c\xff\xee\x02\xb9\x03\x87\x06&\x00w\x00\x00\x00\x07\x01\
M\x00\xe5\x00\x00\xff\xff\x00\x5c\xff\x02\x02\xb9\x02\xda\x06\
&\x00w\x00\x00\x00\x07\x01f\x01&\x00\x00\xff\xff\x00\
\x5c\xff\xee\x02\xb9\x03\xd8\x06&\x00w\x00\x00\x00\x07\x01\
\x9c\x01\x14\x00\x00\xff\xff\x00\x5c\xff\xee\x02\xb9\x03\xa0\x06\
&\x00w\x00\x00\x00\x07\x01\xcc\x00\xe1\x00\x00\x00\x01\x00\
\x16\x00\x00\x02\xa6\x02\xda\x00\x09\x00\x00a\x033\x13'\
3\x07\x133\x03\x01\x13\xfde\xe30x3\xd1b\xeb\
\x02\xda\xfdf\x18\x18\x02\x9a\xfd&\x00\x00\x02\x00\x1e\x00\
\x00\x03\xf5\x02\xda\x00\x09\x00\x13\x00\x00s\x033\x13'\
3\x07\x133\x03!\x033\x13'3\x07\x133\x03\xe3\
\xc5e\xab/w4\x8b\x5c\x9f\x01\x10\xaf_\x9d2x\
3\x99b\xb3\x02\xda\xfdf\x18\x18\x02|\xfdD\x02\xbc\
\xfd\x84\x18\x18\x02\x9a\xfd&\x00\xff\xff\x00\x1e\x00\x00\x03\
\xf5\x03\xb8\x06&\x00\x83\x00\x00\x00\x07\x00\x98\x01\xd1\x00\
\x00\xff\xff\x00\x1e\x00\x00\x03\xf5\x03\xb8\x06&\x00\x83\x00\
\x00\x00\x07\x00\xc4\x01R\x00\x00\xff\xff\x00\x1e\x00\x00\x03\
\xf5\x03\xa6\x06&\x00\x83\x00\x00\x00\x07\x00\xd5\x01`\x00\
\x00\xff\xff\x00\x1e\x00\x00\x03\xf5\x03\xb8\x06&\x00\x83\x00\
\x00\x00\x07\x01\x1c\x01K\x00\x00\x00\x01\x00\x10\x00\x00\x02\
\xa6\x02\xda\x00\x0f\x00\x00s\x01\x15\x033\x133\x133\
\x03'\x01#\x03#\x03\x10\x01\x10\xf8o\xbf\x10\xc2j\
\xff\x01\x01\x14o\xda\x10\xd3\x01\x86\x12\x01f\xfe\xe8\x01\
\x18\xfe\x96\x12\xfe~\x013\xfe\xcd\x00\x00\x02\x00\x10\x00\
\x00\x02z\x02\xda\x00\x09\x00\x0d\x00\x00S\x033\x13'\
3\x07\x133\x03\x03\x113\x11\xf8\xe8f\xc4&v(\
\xb8`\xda\x84`\x01\x1c\x01\xbe\xfe\x82\x0b\x0b\x01~\xfe\
B\xfe\xe4\x010\xfe\xd0\xff\xff\x00\x10\x00\x00\x02z\x03\
\xb8\x06&\x00\x89\x00\x00\x00\x07\x00\x98\x01\x09\x00\x00\xff\
\xff\x00\x10\x00\x00\x02z\x03\xb8\x06&\x00\x89\x00\x00\x00\
\x07\x00\xc4\x00\x8a\x00\x00\xff\xff\x00\x10\x00\x00\x02z\x03\
\xa6\x06&\x00\x89\x00\x00\x00\x07\x00\xd5\x00\x98\x00\x00\xff\
\xff\x00\x10\x00\x00\x02z\x03\xb8\x06&\x00\x89\x00\x00\x00\
\x07\x01\x1c\x00\x83\x00\x00\x00\x01\x00>\x00\x00\x02`\x02\
\xda\x00\x0f\x00\x00s5\x01\x07'\x17!5!\x15\x01\
'\x17'!\x15>\x01\xc2\x01\x1a\x11\xfeQ\x02\x0c\xfe\
=\x01 \x19\x01\xcax\x02\x0f\x18$\x0bRx\xfd\xf1\
\x1c-\x10R\x00\xff\xff\x00>\x00\x00\x02`\x03\xb8\x06\
&\x00\x8e\x00\x00\x00\x07\x00\x98\x01\x0b\x00\x00\xff\xff\x00\
>\x00\x00\x02`\x03\xb8\x06&\x00\x8e\x00\x00\x00\x07\x00\
\xb8\x00\x89\x00\x00\xff\xff\x00>\x00\x00\x02`\x03\xa6\x06\
&\x00\x8e\x00\x00\x00\x07\x00\xdc\x01\x04\x00\x00\x00\x02\x00\
.\xff\xf2\x01\xeb\x02\x1c\x00\x14\x00.\x00\x00a5#\
54&#\x22\x06\x06\x075>\x0232\x16\x16\x15\
\x11\x07\x22&&546633\x15#\x22\x06\x15\
\x14\x1632667\x17\x0e\x02\x01\x9f\x1097\x1f\
B<\x16\x1614\x18Rh2\xfb<W/3b\
E\x91\x95:>>:\x22>)\x02\x1a\x05-O\xa0\
\xb978\x02\x02\x02T\x02\x03\x01'XK\xfe\xae\x0e\
)N79L'H8,,6\x19;4&9\
M(\x00\xff\xff\x00.\xff\xf2\x01\xeb\x03*\x06&\x00\
\x92\x00\x00\x00\x07\x00\x97\x00\xe6\x00\x00\xff\xff\x00.\xff\
\xf2\x01\xeb\x03*\x06&\x00\x92\x00\x00\x00\x06\x00\xb0~\
\x00\xff\xff\x00.\xff\xf2\x01\xeb\x03*\x06&\x00\x92\x00\
\x00\x00\x06\x00\xc3s\x00\xff\xff\x00\x00\x02d\x00\xbd\x03\
*\x04\x06\x00\x97\x00\x00\x00\x01\x00\x00\x02d\x00\xbd\x03\
*\x00\x03\x00\x00Q73\x07Xeo\x02d\xc6\xc6\
\x00\x00\x01\x00\x00\x03\x14\x00\xef\x03\xb8\x00\x03\x00\x00Q\
73\x07\x7fp\x97\x03\x14\xa4\xa4\x00\xff\xff\x00.\xff\
\xf2\x01\xeb\x02\xfa\x06&\x00\x92\x00\x00\x00\x06\x00\xd4u\
\x00\x00\x01\x00.\xff\xee\x03\x8f\x02&\x00Q\x00\x00E\
\x22.\x02'3\x0e\x02#\x22&&54663\
3\x15#\x22\x06\x15\x14\x163266754&\
#\x22\x06\x06\x075>\x0232\x16\x16\x15#>\x02\
32\x16\x16\x15\x15!5!\x074&&#\x22\x06\
\x06\x15\x14\x16\x1632673\x0e\x02\x02\x976R\
<'\x0b\x1a\x055W:<W/3bE\x91\x95\
:>>:\x22>)\x0287\x1fB=\x16\x161\
4\x18Qc,B\x0a9fKUq8\xfeP\x01\
j\x16%H58K%%M<>O\x08Z\x0b\
Bc\x12\x1c1@%:M')N79L'\
H8,,6\x19;4\x9378\x02\x02\x02T\x02\
\x03\x01&XL;`9JvC*H(9R\
,2Y;9Z35%7O*\x00\xff\xff\x00\
.\xff\xf2\x01\xeb\x03*\x06&\x00\x92\x00\x00\x00\x07\x01\
\x1b\x00\x8c\x00\x00\xff\xff\x00.\xff\xf2\x01\xeb\x02\xdf\x06\
&\x00\x92\x00\x00\x00\x07\x01L\x00\x8c\x00\x00\x00\x03\x00\
 \xff\xee\x02\x96\x02\xe2\x00\x18\x002\x006\x00\x00a\
\x01.\x02546632\x16\x17\x15.\x02#\x22\
\x06\x15\x14\x16\x17\x01\x05\x22&&55467\x17\
\x06\x06\x15\x14\x16\x16326653\x14\x0e\x02\x13\
5!\x15\x02\x19\xfe\xd3.3\x151jT!R \
\x14@>\x14G9),\x01c\xfe\x97Mt@Q\
<2,7-K-Ff7V)Pu$\x01\
\x06\x01A2H@%AV+\x06\x04T\x02\x05\x03\
97,J/\xfe\x87\x12:d=\x0fHo\x22C\
\x16U3/@!O\x9bsd\x9fp<\x01\xa2L\
L\xff\xff\x00.\xff\x0e\x01\xf5\x02\x1c\x06&\x00\x92\x00\
\x00\x00\x07\x01e\x01\x09\x00\x00\xff\xff\x00.\xff\xf2\x01\
\xeb\x03:\x06&\x00\x92\x00\x00\x00\x07\x01\x9b\x00\xa7\x00\
\x00\x00\x01\x00B\x015\x01\xfa\x02\xd2\x00\x07\x00\x00S\
\x133\x13#\x03#\x03B\xa6n\xa4N\x81\x18\x83\x01\
5\x01\x9d\xfec\x01W\xfe\xa9\x00\x01\x00\x14\x00\xee\x01\
\xdb\x01\x94\x00\x19\x00\x00e\x22.\x02#\x22\x06\x07\x07\
>\x0232\x1e\x0232673\x0e\x02\x01Y$\
5,)\x17\x16 \x08B\x04'9\x1e$5,)\
\x17\x16!\x07B\x04'9\xee\x1c$\x1c\x1d&\x01-\
?\x22\x1c$\x1c\x1e%,?\x22\x00\x00\x03\x000\x01\
\x1b\x02\x07\x03\x0b\x00\x07\x00\x0f\x00\x17\x00\x00A'5\
7\x17\x07\x15\x17\x03\x07\x07'7\x177'\x037\x17\
\x17'7'\x07\x01\xda\x99\x99-\x83\x83\xc8\x11T\xaa\
-s%\x10\xb5\xaaT\x11Z\x10%s\x01wl`\
lN9*9\x01F\xbb0OMT\x15\x8d\xfe\xad\
O0\xbb\x01\x8d\x15T\x00\x02\x00B\xff\x0d\x04\x22\x02\
\xee\x00J\x00[\x00\x00E\x22.\x0254>\x023\
2\x1e\x02\x15\x14\x06\x06#\x22&&553\x0e\x02\
#\x22&&5546632\x16\x16\x17#5\
3\x11\x14\x16\x16326654.\x02#\x22\x0e\
\x02\x15\x14\x16\x163267\x15\x06\x06\x03266\
554&&#\x22\x06\x06\x15\x14\x16\x16\x025l\
\xb7\x86JH\x85\xbaqc\xb0\x88M6_?/D\
%\x1d\x037W3=a8:c=7X7\x03\
$N\x13 \x13\x22:$?p\x91Q`\x9bn:\
h\xbbz <\x1c\x1c<5'C(*B&+\
A#$@\xf3G\x83\xb5nj\xb6\x88L9o\xa3\
kX\x8aP(G.>G^.=hB\x10B\
f:0ZA\xbd\xfe\xcc\x1c$\x117dE[\x88\
Z-@s\x99Yz\xb9g\x07\x07S\x06\x07\x01M\
$F2\x1a/=\x1f'G00J)\xff\xff\x00\
.\xff\xf2\x01\xeb\x02\xf9\x06&\x00\x92\x00\x00\x00\x06\x01\
\xcby\x00\x00\x02\x00\x5c\xff\xee\x02}\x02\xda\x00\x19\x00\
*\x00\x00E\x22&&'3\x15#\x113\x11\x07>\
\x0232\x1e\x02\x15\x15\x14\x0e\x02'26654\
&&#\x22\x06\x06\x15\x15\x14\x16\x16\x01vBg<\
\x03\x1aL`\x22\x04>e=9^D$%Fa\
F6P,-P50R12R\x12:oN\
\xe5\x02\xda\xfe\x9dIWn5+Kc9\x129d\
M,T4[<<Z1+Q9.7N*\
\x00\x00\x01\x00\x10\xff\xc4\x01H\x03\x0c\x00\x03\x00\x00W\
\x033\x13\xef\xdfY\xdf<\x03H\xfc\xb8\x00\x00\x01\x00\
\x90\xff8\x00\xe6\x02\xda\x00\x03\x00\x00W\x113\x11\x90\
V\xc8\x03\xa2\xfc^\x00\x00\x01\x008\xffJ\x01J\x03\
\x08\x00#\x00\x00E\x22&554&#526\
554633\x15#\x22\x06\x15\x15\x14\x06\x07\x15\
\x16\x16\x15\x15\x14\x1633\x15\x014Rf&\x1e\x1e\
&fR\x16\x16,00..00,\x16\xb6b\
Z\xb8\x1f!Z!\x1f\xb4ZbL75\xae49\
\x06\x08\x0685\xb257L\x00\x01\x008\xff\x8a\x01\
J\x03&\x00#\x00\x00E\x22&554&#5\
26554633\x15#\x22\x06\x15\x15\x14\x06\
\x07\x15\x16\x16\x15\x15\x14\x1633\x15\x012Qe&\
\x1e\x1e&eQ\x18\x18+/0..0/+\x18\
v`Z\xa9\x1f!Z!\x1f\xa5Z`L44\xa1\
49\x06\x08\x0685\xa544L\xff\xff\x00.\xff\
J\x01@\x03\x08\x04G\x00\xa8\x01x\x00\x00\xc0\x00@\
\x00\xff\xff\x00.\xff\x8a\x01@\x03&\x04G\x00\xa9\x01\
x\x00\x00\xc0\x00@\x00\x00\x03\x00n\xffJ\x01B\x03\
\x08\x00\x03\x00\x07\x00\x0b\x00\x00W\x113\x11#53\
\x15\x0353\x15n\x5c0\xa8\xa8\xa8\xb6\x03\xbe\xfcB\
LL\x03rLL\x00\x00\x03\x00n\xff\x8a\x01B\x03\
&\x00\x03\x00\x07\x00\x0b\x00\x00W\x113\x11#53\
\x15\x0353\x15n\x5c0\xa8\xa8\xa8v\x03\x9c\xfcd\
LL\x03PLL\x00\xff\xff\x006\xffJ\x01\x0a\x03\
\x08\x04G\x00\xac\x01x\x00\x00\xc0\x00@\x00\xff\xff\x00\
6\xff\x8a\x01\x0a\x03&\x04G\x00\xad\x01x\x00\x00\xc0\
\x00@\x00\x00\x01\x00\x00\x02^\x012\x03*\x00\x0d\x00\
\x00S\x22&'3\x16\x1632673\x06\x06\x9a\
KL\x03B\x04+))-\x04>\x03J\x02^k\
aCIICak\x00\x01\x00\x00\x03\x0e\x01L\x03\
\xb8\x00\x0f\x00\x00S\x22&&'3\x16\x16326\
73\x0e\x02\xa69G#\x03D\x02,451\x02\
>\x02$G\x03\x0e.M/+??+/M.\
\x00\x00\x02\x00\x90\xff8\x00\xe6\x02\xda\x00\x03\x00\x07\x00\
\x00S\x113\x11\x03\x113\x11\x90VVV\x01^\x01\
|\xfe\x84\xfd\xda\x01r\xfe\x8e\x00\x01\x00`\x00\xa2\x01\
P\x01\x9e\x00\x03\x00\x00w53\x15`\xf0\xa2\xfc\xfc\
\x00\x00\x01\x004\xff\xee\x028\x02(\x00#\x00\x00E\
\x22.\x02554>\x0232\x16\x16\x17#&&\
#\x22\x06\x06\x15\x14\x16\x16326673\x0e\x02\
\x01AEeB!!CdCCkA\x04\x5c\x07\
NB9L&&M:-B(\x04\x5c\x03Cm\
\x120Qb1\x123bO02[>2C4\
Z97[5 6\x22?\x5c3\xff\xff\x004\xff\
\xee\x028\x03*\x06&\x00\xb4\x00\x00\x00\x07\x00\x97\x01\
\x0e\x00\x00\x00\x01\x00\x00\x02d\x019\x03*\x00\x07\x00\
\x00S'3\x17373\x07nnOR\x08EK\
a\x02d\xc6\x96\x96\xc6\x00\x01\x00P\x02<\x00\x9e\x03\
,\x00\x03\x00\x00S53\x07PN\x0c\x02<\xf0\xf0\
\x00\x00\x01\x00\x00\x03\x14\x01l\x03\xb8\x00\x07\x00\x00S\
'3\x17373\x07\x83\x83Y[\x10QWy\x03\
\x14\xa4tt\xa4\xff\xff\x004\xff\xee\x028\x03*\x06\
&\x00\xb4\x00\x00\x00\x07\x00\xb6\x00\x9c\x00\x00\xff\xff\x00\
4\xff\x0e\x028\x02(\x06&\x00\xb4\x00\x00\x00\x07\x00\
\xbe\x00\xc1\x00\x00\xff\xff\x004\xff\xee\x028\x03*\x06\
&\x00\xb4\x00\x00\x00\x07\x00\xc3\x00\x9b\x00\x00\xff\xff\x00\
4\xff\xee\x028\x02\xfa\x06&\x00\xb4\x00\x00\x00\x07\x00\
\xdb\x01\x01\x00\x00\xff\xff\x004\xff\x0e\x00\xfa\x00\x0a\x04\
\x06\x00\xbe\x00\x00\x00\x01\x004\xff\x0e\x00\xfa\x00\x0a\x00\
\x18\x00\x00W\x22&'5\x16\x1632654&\
##53\x15'32\x16\x15\x14\x06x\x13#\x0e\
\x0e%\x11 \x1e\x19\x1d&:)\x109FE\xf2\x05\
\x04@\x04\x05\x15\x10\x10\x13t_%/,+<\x00\
\x01\x00\x00\xff\x08\x00\xd2\x00\x0a\x00\x18\x00\x00W\x22&\
'5\x16\x1632654&##53\x15'\
32\x16\x15\x14\x06H\x13'\x0e\x0f(\x11\x22\x22\x1e\
\x1d(@,\x10;JI\xf8\x06\x04D\x04\x06\x15\x10\
\x0f\x12x_%0-,?\x00\x03\x004\x00\x00\x02\
:\x02\xda\x00\x22\x00&\x00*\x00\x00e\x22.\x025\
54>\x0232\x16\x16\x17#&&#\x22\x06\x06\
\x15\x14\x16\x1632673\x0e\x02\x0753\x15\x03\
53\x15\x01@EeB !BeDAhC\
\x08\x5c\x07R?7N)(M9AW\x06\x5c\x06\
FmlVVVh,J[.\x140[I+\
+S>/;.R75S/?.<V-\
h\x92\x92\x02H\x92\x92\x00\x03\x00S\x00\x00\x02Y\x02\
\xda\x00\x22\x00&\x00*\x00\x00e\x22.\x02554\
>\x0232\x16\x16\x17#&&#\x22\x06\x06\x15\x14\
\x16\x1632673\x0e\x02\x0753\x15\x0353\
\x15\x01_EeB !BeDAhC\x08\x5c\
\x07R?7N)(M9AW\x06\x5c\x06Fm\
lVVVh,J[.\x140[I++S\
>/;.R75S/?.<V-h\x92\
\x92\x02H\x92\x92\xff\xff\x00\x00\x02d\x01F\x03*\x04\
\x06\x00\xc3\x00\x00\x00\x01\x00\x00\x02d\x01F\x03*\x00\
\x07\x00\x00Q73\x17#'#\x07nllNP\
\x08R\x02d\xc6\xc6\x96\x96\x00\x00\x01\x00\x00\x03\x14\x01\
v\x03\xb8\x00\x07\x00\x00Q73\x17#'#\x07\x80\
t\x82Y\x5c\x10Z\x03\x14\xa4\xa4tt\x00\xff\xff\x00\
I\x00\x00\x00\xbd\x01\xec\x06&\x01|\x00\x00\x00\x07\x01\
|\x00\x00\x01r\x00\x01\x00\x1a\xffc\x00\xc6\x00\x82\x00\
\x03\x00\x00W'\x13\x17gM]O\x9d\x1d\x01\x02\x1e\
\x00\xff\xff\x00\x00\xfe\xec\x00\x82\xff\xce\x04\x0f\x00\xc9\x00\
\x82\x02(\xc0\x00\x00\x01\x00\x00\xfe\xe4\x00\x88\xff\xce\x00\
\x17\x00\x00Q532655\x17\x06\x06#\x22&\
54632\x16\x15\x15\x14\x06#\x09#&\x18\x07\
\x17\x12\x16\x22$\x16 ,G:\xfe\xe40-\x22\x1b\
\x07\x09\x0f\x1b\x1b\x1d\x1c12\x06=D\x00\x00\x01\x00\
\x00\x02Z\x00\x82\x03<\x00\x17\x00\x00S\x22&55\
4633\x15#\x22\x06\x17\x17#6632\x16\
\x15\x14\x06H\x1f)?<\x07\x09$\x22\x01\x01\x14\x05\
\x18\x10\x14\x1e!\x02Z22\x06;=.'\x1d \
\x0a\x0f\x18\x1b\x1c\x1a\x00\x00\x03\x002\x00t\x02\xa0\x02\
\xee\x00\x15\x00%\x00C\x00\x00e\x22.\x02554\
>\x0232\x1e\x02\x15\x15\x14\x0e\x02'2665\
4&&#\x22\x06\x06\x15\x14\x16\x167\x22&&5\
546632\x16\x17#&&#\x22\x06\x15\x14\
\x16\x1632673\x06\x06\x01iQvK%&\
LvOPuL&%KvQMq==q\
MMq==qS<I #I9>T\x04\
>\x04,(4-\x13+#(/\x04>\x03Xt\
8\x5cm4\x126mZ66Zm6\x124m\
\x5c86IxFIwGGwIFxIP\
7R'\x0d*Q4E= &D5\x228!\
) >G\x00\x00\x06\x00*\x00]\x02p\x02\x83\x00\
\x11\x00\x15\x00\x19\x00)\x00-\x001\x00\x00e\x22&\
&5546632\x16\x16\x15\x15\x14\x06\x06\x05\
'7\x17\x03'7\x17\x1326654&&#\
\x22\x06\x06\x15\x14\x16\x16\x05'7\x17\x03'7\x17\x01\
MKf33fKLe33e\xfe\xcb:g\
::g:g\x82.?!\x22?-,@\x22!\
@\x01\x16g:gg:g:\x91Ac3\x104\
c@@c4\x103cA4:g:\x01\x1eg\
:g\xfe\xc5%A)+@$$@+)A%\
\x84g:g\x01K:g:\x00\x06\x00>\x00]\x02\
f\x02\x83\x00\x11\x00\x15\x00\x19\x00)\x00-\x001\x00\
\x00e\x22&&5546632\x16\x16\x15\x15\
\x14\x06\x06\x05'7\x17\x03'7\x17\x132665\
4&&#\x22\x06\x06\x15\x14\x16\x16\x05'7\x17\x03\
'7\x17\x01RF_00_FG^00^\
\xfe\xdf:g::g:gs)8\x1e\x1f8(\
'9\x1f\x1e9\x01\x02g:gg:g:\x93@\
b3\x104b??b4\x103b@6:g\
:\x01\x1eg:g\xfe\xc7%@(*@##@\
*(@%\x86g:g\x01K:g:\x00\x02\x00\
4\xff\xee\x02U\x02\xda\x00\x19\x00*\x00\x00E\x22.\
\x02554>\x0232\x16\x16\x17'\x113\x11#\
53\x0e\x02'266554&&#\x22\x06\
\x06\x15\x14\x16\x16\x01;9`G'&E_:=\
d@\x04(`L\x1c\x04Dg.1P01Q\
05Q-.R\x12*Ld:\x129dL+\
3lV@\x01g\xfd&\xed[q3T,S8\
.7M)2Z==[1\x00\x00\x03\x000\xff\
8\x01\xf2\x02\xda\x00\x03\x00\x07\x00\x0b\x00\x00W\x113\
\x11\x015!\x15%53\x15\xe6V\xfe\xf4\x01\xc2\xfe\
\xf4V\xc8\x02>\xfd\xc2\x02\x92LL*\xe6\xe6\x00\x00\
\x05\x000\xff8\x01\xf2\x02\xda\x00\x03\x00\x07\x00\x0b\x00\
\x0f\x00\x13\x00\x00S5!\x15\x0153\x15%5!\
\x15%53\x15\x0353\x150\x01\xc2\xfe\xf4V\xfe\
\xf4\x01\xc2\xfe\xf4VVV\x01\xcaLL\xfdn\xe6\xe6\
\xc4LL\x9a\xe6\xe6\x01^\xe6\xe6\x00\xff\xff\x004\xff\
\xee\x02\xf3\x03,\x06&\x00\xcd\x00\x00\x00\x07\x00\xb7\x02\
U\x00\x00\xff\xff\x004\xff\xee\x02\x9b\x02\xda\x06&\x00\
\xcd\x00\x00\x00\x07\x01\xb8\x01W\x01x\x00\x02\x00\x1c\x01\
\xa7\x01V\x02\xda\x00\x0f\x00\x1b\x00\x00S\x22&&5\
46632\x16\x16\x15\x14\x06\x06'2654\
&#\x22\x06\x15\x14\x16\xb9.G((G./F\
((F/)..))..\x01\xa7*F*\
*E**E**F*@6$#66#\
$6\x00\xff\xff\x00\x00\x02\x84\x01D\x02\xfa\x04\x06\x00\
\xd4\x00\x00\xff\xff\x00\x00\x02\x84\x01D\x02\xfa\x06&\x00\
\xdb\x00\x00\x00\x07\x00\xdb\x00\xc8\x00\x00\xff\xff\x00\x00\x03\
,\x01V\x03\xa6\x06&\x00\xdc\x00\x00\x00\x07\x00\xdc\x00\
\xd4\x00\x00\x00\x03\x00B\x00X\x02\x0c\x02X\x00\x03\x00\
\x07\x00\x0b\x00\x00S5!\x15\x0553\x15\x0353\
\x15B\x01\xca\xfe\xe7hhh\x012LL\xdapp\
\x01\x90pp\x00\x00\x03\x00c\x00X\x02A\x02X\x00\
\x03\x00\x07\x00\x0b\x00\x00S5!\x15\x0553\x15\x03\
53\x15c\x01\xde\xfe\xddhhh\x012LL\xda\
pp\x01\x90pp\x00\x00\x01\x00\x00\xff\xc4\x01\xaa\x03\
+\x00\x03\x00\x00U\x013\x01\x01ZP\xfe\xa6<\x03\
g\xfc\x99\x00\x03\x008\xff\x7f\x02R\x03;\x00.\x00\
2\x006\x00\x00a\x22&&53\x14\x16\x1632\
654&''&&546632\x16\x16\
\x15#4&&#\x22\x06\x06\x15\x14\x16\x17\x17\x16\x16\
\x15\x14\x06\x06\x0753\x15\x0353\x15\x01EVx\
?Z!NDZWNJB`r=oKK\
m<Z C71E%>@Bk\x81Bx\
~VZV9iG\x22F/L10@\x07\x06\
\x09b[?Y05eG$A*\x1f6!+\
?\x06\x06\x0aiZ>]4\x81\x92\x92\x03*\x92\x92\
\x00\x00\x03\x00T\xff\x7f\x02c\x03;\x00.\x002\x00\
6\x00\x00e\x22&&53\x14\x16\x163265\
4&''&&546632\x16\x16\x15#\
4&&#\x22\x06\x06\x15\x14\x16\x17\x17\x16\x16\x15\x14\
\x06\x06\x0753\x15\x0353\x15\x01\x5cTv>Z\
 LBWTKGB^n<lIIk:\
Z\x1eA5/C#;=Bh~@v|V\
ZV\x019hG\x22E/K1/A\x07\x06\x08\
c[?Y/5dG#A*\x1f5!+@\
\x05\x06\x0aiZ>]3\x82\x92\x92\x03*\x92\x92\x00\
\x01\x00\x00\x02\x84\x00|\x02\xfa\x00\x0b\x00\x00S\x22&\
54632\x16\x15\x14\x06>\x1f\x1f\x1f\x1f \x1e\
\x1e\x02\x84\x22\x19\x1a!!\x1a\x19\x22\x00\x01\x00\x00\x03\
,\x00\x82\x03\xa6\x00\x0b\x00\x00S\x22&5463\
2\x16\x15\x14\x06A\x1f\x22\x22\x1f !!\x03,\x22\
\x1b\x1b\x22\x22\x1b\x1b\x22\x00\x01\x004\xff\xee\x028\x02\
(\x00'\x00\x00E\x22.\x02554>\x0232\
\x16\x16\x15\x15!5!\x074&&#\x22\x06\x06\x15\
\x14\x16\x1632673\x0e\x02\x01?Ff@\x1f\
\x1f@cCWq7\xfe&\x01\x94\x16$H79\
K%%N<?O\x08Z\x0bBd\x120Ob\
3\x124bO/KvC+H'9S.4\
Z;9[58%7P*\x00\xff\xff\x004\xff\
\xee\x028\x03*\x06&\x00\xdd\x00\x00\x00\x07\x00\x97\x01\
\x08\x00\x00\xff\xff\x004\xff\xee\x028\x03*\x06&\x00\
\xdd\x00\x00\x00\x07\x00\xb0\x00\xa0\x00\x00\xff\xff\x004\xff\
\xee\x028\x03*\x06&\x00\xdd\x00\x00\x00\x07\x00\xb6\x00\
\x96\x00\x00\xff\xff\x004\xff\xee\x028\x03*\x06&\x00\
\xdd\x00\x00\x00\x07\x00\xc3\x00\x95\x00\x00\xff\xff\x004\xff\
\xee\x028\x02\xfa\x06&\x00\xdd\x00\x00\x00\x07\x00\xd4\x00\
\x97\x00\x00\xff\xff\x004\xff\xee\x028\x02\xfa\x06&\x00\
\xdd\x00\x00\x00\x07\x00\xdb\x00\xfb\x00\x00\xff\xff\x004\xff\
\xee\x028\x03*\x06&\x00\xdd\x00\x00\x00\x07\x01\x1b\x00\
\xae\x00\x00\x00\x03\x002\xff\xee\x02K\x02\xec\x00!\x00\
1\x00=\x00\x00E\x22&&546675.\
\x02546632\x16\x16\x15\x14\x06\x06\x07\x15\x1e\
\x02\x15\x14\x06\x06'26654&&#\x22\x06\
\x06\x15\x14\x16\x16\x132654&#\x22\x06\x15\x14\
\x16\x01>NyE\x22<&\x1e1\x1dCoBC\
oB\x1c1\x1f'<\x22EyO7N*)N\
87N))N7DRSCCSS\x128\
dB,G4\x0e\x0a\x0d,<&?X//X\
?&<,\x0d\x0a\x0e5G+Bd8R#A\
,,@##@,,A#\x01k;=>9\
:==;\x00\xff\xff\x00\x22\xff\xf5\x01m\x01\x9d\x06\
\x07\x00\xe7\x00\x00\xff\x01\x00\x03\x00\x22\x00\xf4\x01m\x02\
\x9c\x00\x1b\x00'\x003\x00\x00w\x22&5467\
5&&546632\x16\x16\x15\x14\x06\x07\x15\
\x16\x16\x15\x14\x06'2654&#\x22\x06\x15\x14\
\x1672654&#\x22\x06\x15\x14\x16\xc7MX\
- \x19'&E--E&%\x1a -YM\
(..('//'\x22'&#\x22&'\xf4\
@8)6\x07\x08\x08*%#0\x18\x18/$%\
*\x08\x08\x076)8@C#\x1d\x1e##\x1e\x1d\
#\xbd\x1c\x17\x17\x1b\x1c\x16\x17\x1c\x00\x00\x03\x00D\xff\
\xee\x02`\x02\xec\x00!\x001\x00=\x00\x00E\x22&\
&546675.\x02546632\x16\
\x16\x15\x14\x06\x06\x07\x15\x1e\x02\x15\x14\x06\x06'26\
654&&#\x22\x06\x06\x15\x14\x16\x16\x1326\
54&#\x22\x06\x15\x14\x16\x01ROzE#<\
&\x1e1\x1eCpCDoC\x1e1\x1e&<#\
EzO7O**N87O**O7D\
TTDDTU\x128dB+G5\x0e\x0a\x0d\
,<&?X//X?&<,\x0d\x0a\x0e5\
G+Bd8R#A,,@##@,,\
A#\x01k;==::==;\x00\xff\xff\x00\
T\x00\x00\x02\xd2\x00z\x04&\x01|\x0b\x00\x00'\x01\
|\x01\x10\x00\x00\x00\x07\x01|\x02\x15\x00\x00\xff\xff\x00\
4\xff\xee\x028\x02\xdf\x06&\x00\xdd\x00\x00\x00\x07\x01\
L\x00\xae\x00\x00\x00\x01\x00\x12\x00\xed\x03r\x01?\x00\
\x03\x00\x00w5!\x15\x12\x03`\xedRR\x00\x01\x00\
\x12\x01H\x03r\x01\x9a\x00\x03\x00\x00S5!\x15\x12\
\x03`\x01HRR\x00\x00\x01\x00\x12\x00\xed\x01\xee\x01\
?\x00\x03\x00\x00w5!\x15\x12\x01\xdc\xedRR\x00\
\x01\x00\x12\x01H\x01\xee\x01\x9a\x00\x03\x00\x00S5!\
\x15\x12\x01\xdc\x01HRR\x00\x00\x02\x00\x5c\xff8\x02\
,\x02&\x00\x0b\x00\x22\x00\x00E532655\
3\x15\x14\x06#%\x113\x15#466332\
\x16\x15\x11#\x114&#\x22\x06\x15\x11\x011F)\
,`ab\xfe\xf3L\x0c+XC\x04ea`F\
=?N\xc8V-(1#bW\xc8\x02\x16\xe5O\
m9~w\xfe\xcf\x01E>KNA\xfe\xc1\x00\xff\
\xff\x004\xff.\x028\x02(\x06&\x00\xdd\x00\x00\x00\
\x07\x01e\x01\x06\x00 \x00\x02\x00B\x00\xcb\x02\x0c\x01\
\xc9\x00\x03\x00\x07\x00\x00S5!\x15\x055!\x15B\
\x01\xca\xfe6\x01\xca\x01}LL\xb2LL\x00\x02\x00\
c\x00\xcb\x02A\x01\xc9\x00\x03\x00\x07\x00\x00S5!\
\x15\x055!\x15c\x01\xde\xfe\x22\x01\xde\x01}LL\
\xb2LL\x00\x03\x004\xff\xec\x02R\x03\x00\x00$\x00\
4\x008\x00\x00E\x22.\x025546632\
\x16\x16\x17#&&'&&#\x22\x06\x07566\
32\x16\x16\x15\x15\x14\x06\x06'26654&\
&#\x22\x06\x06\x15\x14\x16\x16\x13'7\x17\x01EI\
hA\x1f:uV?X3\x05\x0a\x01!,\x17>\
1\x1e6\x1b\x1b5\x1fk\x82;5vb;O'\
*O:9N('O_\x22\xe6\x22\x14-K]\
/\x14BuI*I.i\x84\x1f\x11\x12\x04\x04L\
\x04\x04X\xb6\x8e\x1aY\x90SV.S78S-\
-S87S.\x01\xd4*\xc0*\xff\xff\x004\xff\
\xee\x028\x02\xf9\x06&\x00\xdd\x00\x00\x00\x07\x01\xcb\x00\
\x9b\x00\x00\x00\x03\x00\x12\xff\xf2\x02\x96\x02\xe8\x00\x1c\x00\
 \x00$\x00\x00E\x22&554632\x16\x16\
\x17#&&#\x22\x06\x15\x14\x1632673\x0e\
\x02\x015!\x15%5!\x15\x01\x95\x91\x9a\x94\x90V\
p9\x03V\x04VRdjofUR\x04V\x03\
8p\xfe'\x01\xbc\xfeV\x01\xbc\x0e\xbb\xb9\x0e\xb9\xbb\
8b@?I\x8a\x9f\x9f\x8aI?Ab7\x01\x05\
BB\x98BB\x00\x03\x00\x17\xff\xf2\x02\x89\x02\xe8\x00\
\x1c\x00 \x00$\x00\x00E\x22&554632\
\x16\x16\x17#&&#\x22\x06\x15\x14\x163267\
3\x0e\x02\x015!\x15%5!\x15\x01\x92\x8e\x93\x8c\
\x8dTk5\x03V\x04NOabhcPM\x04\
V\x034k\xfe0\x01\xb2\xfe`\x01\xb2\x0e\xbc\xb8\x0e\
\xb8\xbc8b@?I\x8b\x9e\x9d\x8cI?@b8\
\x01\x05BB\x98BB\x00\x02\x00Z\x00\x00\x00\xce\x02\
\xda\x00\x03\x00\x07\x00\x00w\x113\x11\x0753\x15c\
bkt\xda\x02\x00\xfe\x00\xdazz\xff\xff\x00Z\xff\
<\x00\xce\x02\x16\x04G\x00\xf7\x00\x00\x02\x16@\x00\xc0\
\x00\xff\xff\x00Z\x00\x00\x00\xce\x02\xda\x04G\x00\xf7\x00\
\x00\x02\xda@\x00\xc0\x00\x00\x02\x00 \x00\x00\x01o\x02\
\xde\x00\x0b\x00\x0f\x00\x00s\x114633\x15#\x22\
\x06\x15\x11\x035!\x15j^[BR%(\xa6\x01\
O\x021YTP)$\xfd\xbf\x01\xc8HH\x00\x00\
\x02\x00 \x00\x00\x01|\x02\xea\x00\x0f\x00\x13\x00\x00s\
\x114632\x16\x15#4&#\x22\x06\x15\x11\x03\
5!\x15jL@BDL\x1c\x1a\x19\x1b\xa6\x01F\
\x02i:GI8\x17  \x17\xfd\x97\x01\xc4HH\
\x00\x00\x03\x00 \x00\x00\x02\xc6\x02\xe4\x00\x0b\x00\x17\x00\
\x1b\x00\x00s\x114633\x15#\x22\x06\x15\x113\
\x114633\x15#\x22\x06\x15\x11\x015!\x15j\
^[6F%(\xfb^[BR%(\xfe\x03\x02\
\xa6\x027YTP)$\xfd\xb9\x021YTP)\
$\xfd\xbf\x01\xc8HH\x00\x03\x00 \x00\x00\x02\xda\x02\
\xea\x00\x0f\x00\x1f\x00#\x00\x00s\x114632\x16\
\x15#4&#\x22\x06\x15\x11!\x114632\x16\
\x15#4&#\x22\x06\x15\x11\x015!\x15jJ@\
@@L\x1a\x18\x18\x18\x01\x02LBBBL\x1c\x1a\
\x19\x1b\xfd\xfc\x02\xa4\x02c9HH9\x17  \x17\
\xfd\x9d\x02i:GG:\x17  \x17\xfd\x97\x01\xc4\
HH\x00\x00\x06\x00 \x00\x00\x03\x90\x02\xea\x00\x0b\x00\
\x17\x00\x1b\x00\x1f\x00#\x00/\x00\x00s\x11463\
3\x15#\x22\x06\x15\x113\x114633\x15#\x22\
\x06\x15\x11!\x113\x11\x015!\x15\x1753\x15'\
\x22&54632\x16\x15\x14\x06j^[6F\
%(\xfb^[<L%(\x01\x13`\xfc\x90\x02\x8c\
6\xaeE \x1f\x1f  \x1f\x1f\x02=YTP)\
$\xfd\xb3\x027YTP)$\xfd\xb9\x02\x16\xfd\xea\
\x01\xceHH\x04LL\xa2\x22\x1a\x1a\x22\x22\x1a\x1a\x22\
\x00\x00\x06\x00 \x00\x00\x03\x98\x02\xea\x00\x0f\x00\x1f\x00\
#\x00'\x00+\x007\x00\x00s\x114632\x16\
\x15#4&#\x22\x06\x15\x11!\x114632\x16\
\x15#4&#\x22\x06\x15\x11!\x113\x11\x015!\
\x15\x1753\x15'\x22&54632\x16\x15\x14\
\x06jJ@@@L\x1b\x17\x17\x19\x01\x03LBB\
BL\x1d\x19\x19\x1b\x01\x13`\xfc\x88\x02\x906\xb2C\
 \x1f\x1f  \x1f\x1f\x02e9FF9\x17\x1e\x1e\
\x17\xfd\x9b\x02k:EE:\x17\x1e\x1e\x17\xfd\x95\x02\
\x16\xfd\xea\x01\xceHH\x04LL\xa2\x22\x1a\x1a\x22\x22\
\x1a\x1a\x22\x00\x06\x00 \xff8\x03\x93\x02\xec\x00\x0b\x00\
\x17\x00$\x00(\x00,\x008\x00\x00s\x11463\
3\x15#\x22\x06\x15\x113\x114633\x15#\x22\
\x06\x15\x11\x1753265\x113\x11\x14\x06\x06#\
\x015!\x15\x1753\x15'\x22&54632\
\x16\x15\x14\x06j^[6F%(\xfb^[5E\
%(\x91:&)\x5c%QC\xfdF\x02\x936\xaa\
E \x1f\x1f  \x1f\x1f\x02=YTP)$\xfd\
\xb3\x027YTP)$\xfd\xb9\xc8V*%\x029\
\xfd\xd5CN\x22\x02\x96HH\x04LL\xaa\x22\x1a\x1a\
\x22\x22\x1a\x1a\x22\x00\x06\x00 \xff8\x03\x9b\x02\xec\x00\
\x0f\x00\x1f\x00,\x000\x004\x00@\x00\x00s\x114\
632\x16\x15#4&#\x22\x06\x15\x11!\x114\
632\x16\x15#4&#\x22\x06\x15\x11\x1753\
265\x113\x11\x14\x06\x06#\x015!\x15\x175\
3\x15'\x22&54632\x16\x15\x14\x06jJ\
@@@L\x1b\x17\x16\x1a\x01\x03LAABL\x1c\
\x19\x19\x1a\x91:&)\x5c%QC\xfd>\x02\x9b6\
\xaaE \x1f\x1f  \x1f\x1f\x02i9BB9\x15\
\x1c\x1c\x15\xfd\x97\x02k9FF9\x17\x1e\x1e\x17\xfd\
\x95\xc8V*%\x029\xfd\xd5CN\x22\x02\x96HH\
\x04LL\xaa\x22\x1a\x1a\x22\x22\x1a\x1a\x22\x00\x00\x05\x00\
 \x00\x00\x03\x8c\x02\xe4\x00\x0b\x00\x17\x00\x1b\x00\x1f\x00\
#\x00\x00s\x114633\x15#\x22\x06\x15\x113\
\x114633\x15#\x22\x06\x15\x11!\x113\x11\x01\
5!\x15753\x15j^[6F%(\xfb^\
[0@%(\x01\x0f`\xfc\x94\x02\x8e6\xa8\x027\
YTP)$\xfd\xb9\x02-YTP)$\xfd\xc3\
\x02\xda\xfd&\x01\xc8HH\xc6LL\x00\x04\x00 \xff\
\xfa\x03\xd7\x02\xea\x00\x0f\x00\x1f\x00,\x000\x00\x00s\
\x114632\x16\x15#4&#\x22\x06\x15\x11!\
\x114632\x16\x15#4&#\x22\x06\x15\x11\x05\
\x22&&5\x113\x11\x14\x1633\x15\x015!\x15\
jJ@@@L\x1a\x18\x18\x18\x01\x03JAA@\
L\x1a\x19\x19\x18\x01\x80,@\x22`\x15\x138\xfcI\
\x02\x9f\x02c9HH9\x17  \x17\xfd\x9d\x02i\
9HH9\x17  \x17\xfd\x97\x06\x197.\x02b\
\xfd\x9a\x13\x15R\x01\xcaHH\x00\x05\x00 \xff8\x02\
<\x02\xec\x00\x0b\x00\x18\x00\x1c\x00 \x00,\x00\x00s\
\x114633\x15#\x22\x06\x15\x11\x175326\
5\x113\x11\x14\x06\x06#\x015!\x15\x1753\x15\
'\x22&54632\x16\x15\x14\x06j^[5\
E%(\x91:&)\x5c%QC\xfe\x9d\x01<6\
\xaaE \x1f\x1f  \x1f\x1f\x027YTP)$\
\xfd\xb9\xc8V*%\x029\xfd\xd5CN\x22\x02\x96H\
H\x04LL\xaa\x22\x1a\x1a\x22\x22\x1a\x1a\x22\x00\x05\x00\
 \xff8\x02<\x02\xec\x00\x0f\x00\x1c\x00 \x00$\x00\
0\x00\x00s\x114632\x16\x15#4&#\x22\
\x06\x15\x11\x1753265\x113\x11\x14\x06\x06#\
\x015!\x15\x1753\x15'\x22&54632\
\x16\x15\x14\x06jLAABL\x1c\x19\x19\x1a\x91:\
&)\x5c%QC\xfe\x9d\x01<6\xaaE \x1f\x1f\
  \x1f\x1f\x02k9FF9\x17\x1e\x1e\x17\xfd\x95\
\xc8V*%\x029\xfd\xd5CN\x22\x02\x96HH\x04\
LL\xaa\x22\x1a\x1a\x22\x22\x1a\x1a\x22\x00\x05\x00 \x00\
\x00\x029\x02\xe4\x00\x0b\x00\x0f\x00\x13\x00\x17\x00#\x00\
\x00s\x114633\x15#\x22\x06\x15\x11\x035!\
\x15\x13\x113\x11\x0353\x15'\x22&5463\
2\x16\x15\x14\x06j^[<L%(\xa6\x015\x84\
`\xae\xaeE \x1f\x1f  \x1f\x1f\x027YTP\
)$\xfd\xb9\x01\xceHH\xfe2\x02\x16\xfd\xea\x01\xca\
LL\xa2\x22\x1a\x1a\x22\x22\x1a\x1a\x22\x00\x05\x00 \x00\
\x00\x028\x02\xea\x00\x0f\x00\x13\x00\x17\x00\x1b\x00'\x00\
\x00s\x114632\x16\x15#4&#\x22\x06\x15\
\x11\x035!\x15\x13\x113\x11\x0353\x15'\x22&\
54632\x16\x15\x14\x06jLBBBL\x1c\
\x1a\x19\x1b\xa6\x011\x87`\xb1\xb1B \x1f\x1f  \
\x1f\x1f\x02i:GG:\x17  \x17\xfd\x97\x01\xce\
HH\xfe2\x02\x16\xfd\xea\x01\xcaLL\xa2\x22\x1a\x1a\
\x22\x22\x1a\x1a\x22\x00\x01\x008\xff\xee\x02A\x02\xda\x00\
'\x00\x00E\x22&&53\x14\x16\x163266\
54&&#\x22\x06\x07#\x13!\x15!7\x03'\
6632\x16\x16\x15\x15\x14\x06\x06\x01<Tt<\
^)J32K*)K3%L\x17X%\x01\
\x7f\xfe\xb9\x18\x1c\x1a\x1dS5Tr;<u\x12E\
p?.H*)I..J,\x19\x17\x01\x84R\
!\xfe\xe5\x09\x1d\x22Em;\x0e;mE\xff\xff\x00\
%\xff\xf6\x01d\x01\x92\x06\x07\x01\x0a\x00\x00\xff\x01\x00\
\x01\x00%\x00\xf5\x01d\x02\x91\x00$\x00\x00w\x22&\
&53\x14\x1632654&#\x22\x06\x07#\
73\x15#7\x07'6632\x16\x16\x15\x15\x14\
\x06\x06\xc31G&O+%)'&)\x16\x22\x0b\
N\x16\xf5\xda$\x0e\x14\x133(-@\x22%G\xf5\
#>&\x1e&-\x1f +\x11\x10\xe3H\x13\x89\x02\
\x17\x1d!;&\x06&@&\x00\x01\x00U\xff\xee\x02\
c\x02\xda\x00(\x00\x00E\x22&&53\x14\x16\x16\
326654&&#\x22\x06\x07#\x13!\x15\
!7\x03'>\x0232\x16\x16\x15\x15\x14\x06\x06\x01\
\x5cTv=\x5c+M33M++M3%O\
\x17Y%\x01\x86\xfe\xb2\x18\x1c\x1a\x122@%St\
<=v\x12Ep?.I)*H..J,\
\x19\x17\x01\x84R!\xfe\xe5\x09\x14\x1c\x0fEm;\x0e\
;mE\x00\x04\x00 \x00\x00\x024\x02\xda\x00\x0b\x00\
\x0f\x00\x13\x00\x17\x00\x00s\x114633\x15#\x22\
\x06\x15\x11\x035!\x15\x13\x113\x11\x0353\x15j\
^[0@%(\xa6\x017}`\xa7\xa7\x02-Y\
TP)$\xfd\xc3\x01\xc8HH\xfe8\x02\xda\xfd&\
\x02\x8eLL\x00\x00\x03\x00 \xff\xfa\x02x\x02\xea\x00\
\x0f\x00\x13\x00 \x00\x00s\x114632\x16\x15#\
4&#\x22\x06\x15\x11\x035!\x15\x13\x22&&5\
\x113\x11\x14\x1633\x15jJAA@L\x1a\x19\
\x19\x18\xa6\x01@\xe6,@\x22`\x15\x138\x02i9\
HH9\x17  \x17\xfd\x97\x01\xc4HH\xfe6\x19\
7.\x02b\xfd\x9a\x13\x15R\x00\x02\x000\x00\x00\x02\
h\x02\xec\x00\x07\x00\x0b\x00\x00w5\x01\x17\x01\x17!\
\x15\x07\x113\x110\x01/C\xfe\xe5\x09\x01\xd8\xbbZ\
\xadv\x01\xc95\xfeT\x12L\xad\x02\x05\xfd\xfb\x00\xff\
\xff\x00\x1d\x00\x00\x01y\x01\x9a\x06\x07\x01\x10\x00\x00\xff\
\x01\x00\x02\x00\x1d\x00\xff\x01y\x02\x99\x00\x07\x00\x0b\x00\
\x00S57\x17\x07\x173\x15\x07\x113\x11\x1d\xa5A\
\x90\x07\xff~L\x01OR\xf8(\xd6\x0aBP\x01 \
\xfe\xe0\x00\x00\x02\x00>\x00\x00\x02x\x02\xec\x00\x07\x00\
\x0b\x00\x00w5\x01\x17\x01\x17!\x15\x07\x113\x11>\
\x01,C\xfe\xe8\x09\x01\xda\xbaZ\xadv\x01\xc95\xfe\
T\x12L\xad\x02\x05\xfd\xfb\x00\xff\xff\x00\x1d\x01\xa4\x01\
y\x03>\x06\x07\x01\x10\x00\x00\x00\xa5\x00\x01\xff\x8d\xff\
\xea\x01T\x02\xa8\x00\x03\x00\x00G\x013\x01s\x01u\
R\xfe\x8b\x16\x02\xbe\xfdB\x00\x00\x02\x004\xff0\x02\
M\x02(\x00'\x008\x00\x00E\x22&'5\x16\x16\
3266557\x0e\x02#\x22.\x02554\
>\x0232\x16\x16\x17\x0753\x11\x14\x06\x06\x032\
66554&&#\x22\x06\x06\x15\x14\x16\x16\x01\
&%K\x22$O#IW' \x03>c<8\
]C%&D_9Cf;\x03\x1cL;\x81N\
0O/1N.4P,-O\xd0\x06\x05Q\x05\
\x07'SAfLQk5+Lc7\x128a\
H(9mO\x01\xe4\xfe)`w8\x01$*O\
7.6J&0W;;X/\xff\xff\x004\xff\
0\x02M\x03*\x06&\x01\x14\x00\x00\x00\x07\x00\xb0\x00\
\xba\x00\x00\xff\xff\x004\xff0\x02M\x03*\x06&\x01\
\x14\x00\x00\x00\x07\x00\xc3\x00\xaf\x00\x00\xff\xff\x004\xff\
0\x02M\x03<\x06&\x01\x14\x00\x00\x00\x07\x00\xc9\x01\
\x13\x00\x00\xff\xff\x004\xff0\x02M\x02\xfa\x06&\x01\
\x14\x00\x00\x00\x07\x00\xdb\x01\x15\x00\x00\x00\x02\x00$\xff\
\xf4\x02F\x02\xe8\x004\x008\x00\x00E\x22&'5\
\x16\x1632654&&##53266\
54&&#\x22\x06\x06\x15\x11#\x114633\
2\x16\x16\x15\x14\x06\x06#72\x16\x16\x15\x14\x06\x06\
\x0153\x15\x01[\x181\x14\x146\x13GD'I\
3'\x17&/\x16\x17/%'3\x19`le\x04\
@Z/0X>\x06Vv<8i\xfe\x7fZ\x0c\
\x05\x04R\x04\x05L7,F)L\x225\x1c\x1d4\
\x22(C*\xfd\xff\x01\xf3r\x835W44O+\
 6`?=_5\x01\xccLL\xff\xff\x00\x00\x02\
d\x00\xc0\x03*\x04\x06\x01\x1b\x00\x00\x00\x01\x00\x00\x02\
d\x00\xc0\x03*\x00\x03\x00\x00S'3\x17nni\
W\x02d\xc6\xc6\x00\x01\x00\x00\x03\x14\x00\xee\x03\xb8\x00\
\x03\x00\x00S'3\x17\x94\x94r|\x03\x14\xa4\xa4\x00\
\x03\x00L\x00x\x02\x02\x02\x1a\x00\x03\x00\x07\x00\x0b\x00\
\x00w5%\x155%5\x05\x0753\x15L\x01\xb6\
\xfeJ\x01\xb6F\x1exP\x90M1\x90N\x93fR\
R\x00\x04\x00L\x00$\x02\x02\x02$\x00\x03\x00\x07\x00\
\x0b\x00\x0f\x00\x00w5!\x15%5%\x155%5\
\x05\x0753\x15L\x01\xb6\xfeJ\x01\xb6\xfeJ\x01\xb6\
F\x1e$LL\x96MuH0uKzcRR\
\x00\xff\xff\x00(\x00'\x01\xe6\x01\xe3\x04&\x01#\x00\
\x00\x00\x07\x01#\x00\xdc\x00\x00\xff\xff\x00(\x00\x8d\x01\
\xea\x02O\x04&\x01$\x00\x00\x00\x07\x01$\x00\xdc\x00\
\x00\xff\xff\x008\x00'\x01\xf6\x01\xe3\x04\x0f\x01\x1f\x02\
\x1e\x02\x0a\xc0\x00\xff\xff\x004\x00\x8d\x01\xf6\x02O\x04\
\x0f\x01 \x02\x1e\x02\xdc\xc0\x00\x00\x01\x00(\x00'\x01\
\x0a\x01\xe3\x00\x07\x00\x00w'573\x07\x15\x17\xaa\
\x82\x88Z\x88\x88'\xc6*\xcc\xd5\x12\xd5\x00\x00\x01\x00\
(\x00\x8d\x01\x0e\x02O\x00\x07\x00\x00w'573\
\x07\x15\x17\xac\x84\x8a\x5c\x8c\x8c\x8d\xc8,\xce\xd7\x14\xd7\
\x00\xff\xff\x008\x00'\x01\x1a\x01\xe3\x04\x0f\x01#\x01\
B\x02\x0a\xc0\x00\xff\xff\x004\x00\x8d\x01\x1a\x02O\x04\
\x0f\x01$\x01B\x02\xdc\xc0\x00\x00\x01\x00\x5c\x00\x00\x02\
,\x02\xda\x00\x16\x00\x00s\x113\x11#4663\
32\x16\x15\x11#\x114&#\x22\x06\x15\x11\x5c`\
\x18)VC\x04`b`I:@M\x02\xda\xfeL\
Os>\x7fv\xfe\xcf\x01EAHUE\xfe\xcc\xff\
\xff\x00\x17\x00\x00\x02,\x02\xda\x06&\x01'\x00\x00\x00\
\x07\x01\xb8\x00/\x01w\x00\x02\x00\x00\x02d\x01D\x03\
*\x00\x03\x00\x07\x00\x00S73\x07#73\x07\xa2\
G[X\xecG[X\x02d\xc6\xc6\xc6\xc6\x00\x02\x00\
\x00\x03\x14\x01c\x03\xb8\x00\x03\x00\x07\x00\x00S73\
\x07#73\x07\xaaUdq\xf2Udq\x03\x14\xa4\
\xa4\xa4\xa4\x00\x01\x00B\x00\xed\x01\xb6\x01?\x00\x03\x00\
\x00w5!\x15B\x01t\xedRR\x00\x01\x00B\x01\
H\x01\xb6\x01\x9c\x00\x03\x00\x00S5!\x15B\x01t\
\x01HTT\x00\x00\x03\x00$\x00\x00\x00\xd6\x02\xe4\x00\
\x03\x00\x07\x00\x13\x00\x00s\x113\x11\x0353\x15'\
\x22&54632\x16\x15\x14\x06v`\xb2\xb2E\
 \x1f\x1f  \x1f\x1f\x02\x16\xfd\xea\x01\xcaLL\xa2\
\x22\x1a\x1a\x22\x22\x1a\x1a\x22\x00\xff\xff\x00$\x00\x00\x01\
\x12\x03*\x06&\x013\x00\x00\x00\x06\x00\x97U\x00\xff\
\xff\xff\xed\x00\x00\x01\x1f\x03*\x06&\x013\x00\x00\x00\
\x06\x00\xb0\xed\x00\xff\xff\xff\xe2\x00\x00\x01(\x03*\x06\
&\x013\x00\x00\x00\x06\x00\xc3\xe2\x00\xff\xff\xff\xe4\x00\
\x00\x01(\x02\xfa\x06&\x013\x00\x00\x00\x06\x00\xd4\xe4\
\x00\xff\xff\x00$\x00\x00\x00\xd6\x02\xfa\x06&\x013\x00\
\x00\x00\x06\x00\xdbH\x00\x00\x02\x00$\x00\x00\x00\xd6\x02\
\x16\x00\x03\x00\x07\x00\x00s\x113\x11\x0353\x15v\
`\xb2\xb2\x02\x16\xfd\xea\x01\xcaLL\xff\xff\xff\xfb\x00\
\x00\x00\xd6\x03*\x06&\x013\x00\x00\x00\x06\x01\x1b\xfb\
\x00\xff\xff\xff\xfb\x00\x00\x01\x11\x02\xdf\x06&\x013\x00\
\x00\x00\x06\x01L\xfb\x00\xff\xff\x00$\xff\x0e\x00\xe0\x02\
\xe4\x06&\x01-\x00\x00\x00\x06\x01e\xf4\x00\xff\xff\xff\
\xe8\x00\x00\x01$\x02\xf9\x06&\x013\x00\x00\x00\x06\x01\
\xcb\xe8\x00\x00\x03\xff\xfe\xff4\x00\xe1\x02\xec\x00\x0c\x00\
\x10\x00\x1c\x00\x00G53265\x113\x11\x14\x06\
\x06#\x1353\x15'\x22&54632\x16\x15\
\x14\x06\x028&)\x5c%QC\x09\xb0E \x1f\x1f\
  \x1f\x1f\xccV*%\x02=\xfd\xd1CN\x22\x02\
\x96LL\xaa\x22\x1a\x1a\x22\x22\x1a\x1a\x22\x00\xff\xff\xff\
\xe8\xff4\x01.\x03*\x06&\x01:\x00\x00\x00\x06\x00\
\xc3\xe8\x00\x00\x02\xff\xfe\xff4\x00\xe1\x02\x16\x00\x0c\x00\
\x10\x00\x00G53265\x113\x11\x14\x06\x06#\
\x1353\x15\x028&)\x5c%QC\x09\xb0\xccV\
*%\x02=\xfd\xd1CN\x22\x02\x96LL\x00\x02\x00\
\x5c\x00\x00\x02;\x02\xda\x00\x07\x00\x0b\x00\x00a'#\
\x133\x037\x01!\x113\x11\x01\xcc\xc9X\xf5e\xde\
\x07\x01\x0d\xfe!`\xf9\x01\x1d\xfe\xff3\xfe\xb8\x02\xda\
\xfd&\x00\xff\xff\x00\x5c\xfe\xec\x02;\x02\xda\x06&\x01\
;\x00\x00\x00\x07\x00\xc7\x01\x08\x00\x00\x00\x02\x00\x18\x00\
\x00\x00\xc2\x02\xda\x00\x03\x00\x07\x00\x00s\x113\x11\x03\
53\x15b`\xaa\xaa\x02\xda\xfd&\x02\x8eLL\x00\
\x01\x00L\xff\xfa\x01\x0c\x02\xda\x00\x0c\x00\x00W\x22&\
&5\x113\x11\x14\x1633\x15\xda,@\x22`\x15\
\x138\x06\x197.\x02b\xfd\x9a\x13\x15R\xff\xff\x00\
\x18\x00\x00\x01,\x03\xb8\x06&\x01=\x00\x00\x00\x06\x00\
\x98=\x00\xff\xff\x00B\xff\xfa\x011\x03\xb8\x06&\x01\
>\x00\x00\x00\x06\x00\x98B\x00\xff\xff\x00\x18\x00\x00\x01\
`\x03,\x06&\x01=\x00\x00\x00\x07\x00\xb7\x00\xc2\x00\
\x00\xff\xff\x00L\xff\xfa\x01J\x03,\x06&\x01>\x00\
\x00\x00\x07\x00\xb7\x00\xac\x00\x00\xff\xff\x00\x18\xfe\xec\x00\
\xd9\x02\xda\x06&\x01=\x00\x00\x00\x06\x00\xc7W\x00\xff\
\xff\x00L\xfe\xec\x01\x0c\x02\xda\x06&\x01>\x00\x00\x00\
\x06\x00\xc7p\x00\xff\xff\x00L\x00x\x02\x02\x02\x1a\x04\
\x0f\x01\x1d\x02N\x02\x92\xc0\x00\x00\x04\x00L\x00$\x02\
\x02\x02$\x00\x03\x00\x07\x00\x0b\x00\x0f\x00\x00w5!\
\x155%5\x05%5%\x15\x0553\x15L\x01\xb6\
\xfeJ\x01\xb6\xfeJ\x01\xb6\xfer\x1e$LL\x96z\
Fu]HzM\x92RR\x00\x01\x00B\x00]\x02\
!\x01`\x00\x06\x00\x00S5!\x11\x075\x17B\x01\
\xdfN+\x01\x14L\xfe\xfe\x01\xe2+\x00\x04\x00\x13\x00\
\x00\x01\x11\x02\xda\x00\x03\x00\x07\x00\x0b\x00\x0f\x00\x00w\
57\x15757\x15\x03\x113\x11\x0353\x15\x13\
c8c\xaf`\xaa\xaa\xe0H9H\x1cH9H\xfe\
\x92\x02\xda\xfd&\x02\x8eLL\x00\x03\x00\x11\xff\xfa\x01\
\x0c\x02\xda\x00\x03\x00\x07\x00\x14\x00\x00w57\x157\
57\x15\x03\x22&&5\x113\x11\x14\x1633\x15\
\x11Y8b*,@\x22`\x15\x138\xe6H3H\
\x1cH8H\xfe\x8d\x197.\x02b\xfd\x9a\x13\x15R\
\x00\x00\x01\x00\x5c\x00\x00\x03t\x02&\x00*\x00\x00s\
\x113\x15#466332\x16\x16\x15#46\
6332\x16\x16\x15\x11#\x114&#\x22\x06\x15\
\x11#\x114&#\x22\x06\x15\x11\x5cL\x0c)R?\
\x04?S(\x1c*S?\x04?T)`@9;\
H`@9;H\x02\x16\xe5Nm::mNN\
m::mN\xfe\xcf\x01FAGKC\xfe\xc0\x01\
FAGKC\xfe\xc0\xff\xff\x00\x00\x02\x9a\x01\x16\x02\
\xdf\x04\x06\x01L\x00\x00\x00\x01\x00\x00\x02\x9a\x01\x16\x02\
\xdf\x00\x03\x00\x00Q5!\x15\x01\x16\x02\x9aEE\x00\
\x01\x00\x00\x03B\x01L\x03\x87\x00\x03\x00\x00Q5!\
\x15\x01L\x03BEE\x00\x01\x00P\xff8\x02v\x02\
\x17\x00(\x00\x00W\x113\x11\x14\x1632665\
\x113\x11\x14\x1633\x15#\x22&&573\x14\
\x06\x06##\x22&&'3\x14\x16\x16\x15\x15P`\
D:(=#`\x15\x1382)<!\x0c\x0c*\
S@\x04 A.\x04\x1c\x09\x09\xc8\x02\xdf\xfe\xb7?\
G#A,\x01?\xfec\x13\x15R\x1b</_O\
m9\x187/\x1f>?\x1f{\x00\x00\x01\x00B\x01\
2\x02\x0c\x01~\x00\x03\x00\x00S5!\x15B\x01\xca\
\x012LL\x00\x00\x01\x00c\x012\x02A\x01~\x00\
\x03\x00\x00S5!\x15c\x01\xde\x012LL\x00\x00\
\x01\x00<\x01\xcc\x00\xca\x02\xda\x00\x03\x00\x00S\x133\
\x03<<R<\x01\xcc\x01\x0e\xfe\xf2\x00\x02\x00D\x00\
v\x02\x0a\x02;\x00\x03\x00\x07\x00\x00e7\x01\x07\x13\
\x01'\x01\x01\xd19\xfes95\x01\x915\xfeov\
9\x01\x8c9\xfet\x01\x905\xfep\x00\x02\x00i\x00\
p\x02;\x02A\x00\x03\x00\x07\x00\x00w\x01'\x01\x05\
7\x01\x07\x9e\x01\x9d5\xfec\x01\x999\xfeg9p\
\x01\x9c5\xfed59\x01\x989\x00\x00\x01\x00\x5c\x00\
\x00\x02,\x02&\x00\x16\x00\x00s\x113\x15#46\
6332\x16\x15\x11#\x114&#\x22\x06\x15\x11\
\x5cL\x0c+XC\x04ea`F=?N\x02\x16\
\xe5Om9~w\xfe\xcf\x01E>KNA\xfe\xc1\
\x00\xff\xff\x00\x5c\x00\x00\x02,\x03*\x06&\x01T\x00\
\x00\x00\x07\x00\x97\x01\x17\x00\x00\xff\xff\x00\x5c\x00\x00\x02\
,\x03*\x06&\x01T\x00\x00\x00\x07\x00\xb6\x00\xa5\x00\
\x00\xff\xff\x00\x5c\xfe\xec\x02,\x02&\x06&\x01T\x00\
\x00\x00\x07\x00\xc7\x01\x09\x00\x00\xff\xff\x004\xff\xfa\x02\
K\x02\xee\x04\x0f\x01\xac\x02\x93\x02\xda\xc0\x00\xff\xff\x00\
 \xff\xfd\x01r\x01\x9d\x06\x07\x01[\x00\x00\xff\x01\x00\
\x02\x00 \x00\xfc\x01r\x02\x9c\x00\x1d\x00*\x00\x00S\
2\x16\x16\x15\x15\x14\x06#\x22&'5\x16\x1632\
6655\x17\x06\x06#\x22&546\x17\x22\x06\
\x15\x14\x1632654&&\xc68M'hk\
\x14)\x13\x17,\x1059\x16\x13\x01H?CN\x5c\
M+..+'2\x15'\x02\x9c-U<\x12h\
h\x03\x02E\x02\x03#A+@\x119DK<A\
RD-  +)\x22\x15#\x15\xff\xff\x00<\xff\
\xfb\x02O\x02\xee\x04\x0f\x01\xaf\x02\xa4\x02\xda\xc0\x00\xff\
\xff\x00\x5c\x00\x00\x02,\x02\xf9\x06&\x01T\x00\x00\x00\
\x07\x01\xcb\x00\xaa\x00\x00\x00\x04\x00$\x00\x00\x02\x90\x02\
\xda\x00\x03\x00\x07\x00\x0b\x00\x0f\x00\x00s\x133\x033\
\x133\x03%5!\x15%5!\x15\x82qVq\x94\
qVq\xfeb\x02H\xfd\xdc\x02H\x02\xda\xfd&\x02\
\xda\xfd&\xd1FF\xf2FF\x00\x02\x004\xff\xee\x02\
p\x02(\x00\x15\x00%\x00\x00E\x22.\x02554\
>\x0232\x1e\x02\x15\x15\x14\x0e\x02'2665\
4&&#\x22\x06\x06\x15\x14\x16\x16\x01RFjI\
%&JjDDjJ&%IjF<U-\
.U;:V.-U\x120Ob3\x123c\
O//Oc3\x123bO0V5Z89\
Z44Z98Z5\x00\xff\xff\x004\xff\xee\x02\
p\x03*\x06&\x01_\x00\x00\x00\x07\x00\x97\x01!\x00\
\x00\xff\xff\x004\xff\xee\x02p\x03*\x06&\x01_\x00\
\x00\x00\x07\x00\xb0\x00\xb9\x00\x00\xff\xff\x004\xff\xee\x02\
p\x03*\x06&\x01_\x00\x00\x00\x07\x00\xc3\x00\xae\x00\
\x00\xff\xff\x004\xff\xee\x02p\x02\xfa\x06&\x01_\x00\
\x00\x00\x07\x00\xd4\x00\xb0\x00\x00\x00\x02\x004\xff\xee\x04\
\x10\x02(\x00<\x00L\x00\x00E\x22.\x02554\
>\x0232\x1e\x02\x15#4>\x0232\x16\x16\x15\
\x15!5!\x074&&#\x22\x06\x06\x15\x14\x16\x16\
32673\x06\x06#\x22.\x0253\x14\x0e\x02\
'26654&&#\x22\x06\x06\x15\x14\x16\x16\
\x01QFkH$&IjDGeA\x1f@\x1a\
:]CVq8\xfeP\x01j\x16%H68L\
%%N<?O\x08Z\x11\x80_Ha9\x18@\
\x1d@fI<T-.U::U.-U\x12\
/Oc3\x124cO./Pb23bO\
/JvD+H'9R-3Y;9Z4\
3%S[1Pb00aQ1V5Z8\
9Z43Z:9Z4\x00\x01\x00>\xff\x0e\x00\
\xec\x00(\x00\x14\x00\x00W\x22&54677\x17\
\x07\x06\x06\x15\x14\x16327\x15\x06\x06\xb24@8\
0\x1d\x1f\x1c$ \x1b\x19\x1d\x19\x0b\x1e\xf274.\
E%\x17(\x17\x1d0\x19\x18\x19\x09D\x04\x05\x00\x00\
\x01\x008\xff\x02\x00\xee\x00-\x00\x15\x00\x00W\x22&\
54677\x17\x07\x06\x06\x15\x14\x163267\
\x15\x06\x06\xb57F:0  ! #\x1e\x1f\x0b\
\x1d\x0b\x0b\x1e\xfeD3/Q\x1f\x15-\x17\x166\x1a\
\x17$\x05\x04F\x04\x05\xff\xff\x004\xff\xee\x02p\x03\
*\x06&\x01_\x00\x00\x00\x07\x01\x1b\x00\xc7\x00\x00\xff\
\xff\x004\xff\xee\x02p\x03*\x06&\x01_\x00\x00\x00\
\x07\x01)\x00\xd9\x00\x00\xff\xff\x004\xff\xee\x02p\x02\
\xdf\x06&\x01_\x00\x00\x00\x07\x01L\x00\xc7\x00\x00\x00\
\x01\x00*\x00\x00\x01,\x02\xda\x00\x06\x00\x00s\x11\x17\
#5!\x11\xcc,\xce\x01\x02\x02\xaa\x22R\xfd&\xff\
\xff\x00\x1e\x00\x00\x00\xc5\x01\x92\x06\x07\x01l\x00\x00\xff\
\x01\x00\x01\x00\x1e\x00\xff\x00\xc5\x02\x91\x00\x06\x00\x00w\
\x11\x17#53\x11s\x11f\xa7\xff\x01V\x0dI\xfe\
n\x00\x02\x00\x8a\x00\x00\x02:\x02\xda\x00\x06\x00\x0a\x00\
\x00a\x11\x17#5!\x11!5!\x15\x018,\xd2\
\x01\x06\xfe\xf2\x01\xb0\x02\xaa\x22R\xfd&RR\x00\xff\
\xff\x00\x1e\xff\xea\x034\x02\xa8\x04&\x01l\x00\x00\x00\
'\x01\x13\x01\x06\x00\x00\x00\x07\x01\xcf\x01\xde\x00\x00\xff\
\xff\x00\x1e\xff\xea\x03 \x02\xa8\x04&\x01l\x00\x00\x00\
'\x01\x13\x01\x06\x00\x00\x00\x07\x01\x0f\x01\xa7\x00\x00\xff\
\xff\x00\x1e\x01\xa4\x00\xc5\x036\x06\x07\x01l\x00\x00\x00\
\xa5\x00\x02\x00#\x01Y\x01^\x02\xd8\x00\x14\x00,\x00\
\x00A5#54&#\x22\x06\x06\x075>\x023\
2\x16\x16\x15\x15\x07\x22&546633\x15#\
\x22\x06\x15\x14\x1632667\x17\x06\x06\x01\x18\x0e\
\x1f#\x0f-.\x13\x10'(\x10>G\x1f\xbb7I\
'F.UV #$\x1f\x13\x22\x17\x01\x16\x04A\
\x01cm{ #\x02\x02\x02K\x02\x02\x01$@+\
\xe6\x0a>8'4\x194!\x1b\x1b \x0f$ \x18\
;?\x00\x00\x02\x00&\x01V\x01\xa0\x02\xe0\x00\x11\x00\
!\x00\x00S\x22&&5546632\x16\x16\
\x15\x15\x14\x06\x06'26654&&#\x22\x06\
\x06\x15\x14\x16\x16\xe3<T-.U::U.,\
U<!-\x17\x18-  -\x18\x17-\x01V6\
W1\x0d3W55W3\x0d1W6K!7\
!#7  7#\x226!\x00\x00\x03\x004\xff\
\xcc\x02p\x02J\x00\x03\x00\x19\x00)\x00\x00W\x013\
\x017\x22.\x02554>\x0232\x1e\x02\x15\x15\
\x14\x0e\x02'26654&&#\x22\x06\x06\x15\
\x14\x16\x16J\x01\xbcR\xfeD\xb6FjI%&J\
jDDjJ&%IjF<U-.U;\
:V.-U4\x02~\xfd\x82\x220Ob3\x12\
3cO//Oc3\x123bO0V5Z\
89Z44Z98Z5\x00\xff\xff\x004\xff\
\xee\x02p\x02\xf9\x06&\x01_\x00\x00\x00\x07\x01\xcb\x00\
\xb4\x00\x00\x00\x02\x00\x5c\xff8\x02}\x02(\x00\x19\x00\
*\x00\x00W\x113\x15'>\x0232\x1e\x02\x15\x15\
\x14\x0e\x02#\x22&&'\x17\x11\x1326654\
&&#\x22\x06\x06\x15\x15\x14\x16\x16\x5cL\x12\x05?\
f<:_D$&E_99hD\x05,\xaf\
6P,,P60R12R\xc8\x02\xde\xe7\x02\
Vm4,Ld8\x128dL,2p[P\
\xfe\x9d\x01\x0a3[;<Z3+Q9.7N\
*\x00\x03\x00\x0a\x00\x00\x02\x10\x02\xde\x00\x09\x00\x0d\x00\
\x11\x00\x00S\x22&554633\x11\x03\x113\
\x113\x113\x11\xc8^``^^)cOa\x01\
\x91XI\x0bJW\xfe\xb3\xfeo\x02\xde\xfd\x22\x02\xde\
\xfd\x22\x00\x00\x01\x00H\xffJ\x01h\x03\x08\x00\x11\x00\
\x00W.\x02546673\x0e\x02\x15\x14\x16\x16\
\x17\xfa5Q,-Q4n>W-,W?\xb6\
=\x8f\xadjj\xac\x8c9C\x90\xa5cc\xa7\x93F\
\x00\x00\x01\x00J\xff\x8a\x01h\x03&\x00\x11\x00\x00W\
.\x02546673\x0e\x02\x15\x14\x16\x16\x17\xfa\
5O,-O4n=V-,V>v;\x87\
\xa6hh\xa5\x869B\x8b\x9ea`\xa0\x8cD\x00\xff\
\xff\x00\x10\xffJ\x010\x03\x08\x04G\x01w\x01x\x00\
\x00\xc0\x00@\x00\xff\xff\x00\x10\xff\x8a\x01.\x03&\x04\
G\x01x\x01x\x00\x00\xc0\x00@\x00\x00\x05\x00$\xff\
\xf6\x03.\x02\xe4\x00\x03\x00\x15\x00!\x003\x00?\x00\
\x00s\x013\x01\x03\x22&&5546632\
\x16\x16\x15\x15\x14\x06\x06'2654&#\x22\x06\
\x15\x14\x16\x01\x22&&5546632\x16\x16\
\x15\x15\x14\x06\x06'2654&#\x22\x06\x15\x14\
\x16\xfb\x01\x14L\xfe\xec\x829G!\x22H78G\
\x22!F:.-.--.-\x01\xf69G!\
\x22H78G\x22!F:.-.--.-\
\x02\xda\xfd&\x01R4V2\x1a6U11U6\
\x1a2V4BCCGAAFCD\xfeb4\
V2\x1a6U11U6\x1a2V4BCC\
GAAFCD\x00\x00\x01\x00I\x00\x00\x00\xbd\x00\
z\x00\x03\x00\x00s53\x15Itzz\xff\xff\x00\
I\x00\xd4\x00\xbd\x01N\x06\x07\x01|\x00\x00\x00\xd4\xff\
\xff\x00I\x019\x00\xbd\x01\xb3\x06\x07\x01|\x00\x00\x01\
9\x00\x07\x00$\xff\xf6\x04\xaf\x02\xe4\x00\x03\x00\x15\x00\
!\x003\x00?\x00Q\x00]\x00\x00s\x013\x01\x03\
\x22&&5546632\x16\x16\x15\x15\x14\x06\
\x06'2654&#\x22\x06\x15\x14\x16\x01\x22&\
&5546632\x16\x16\x15\x15\x14\x06\x06'\
2654&#\x22\x06\x15\x14\x16\x05\x22&&5\
546632\x16\x16\x15\x15\x14\x06\x06'26\
54&#\x22\x06\x15\x14\x16\xfb\x01\x14L\xfe\xec\x82\
9G!\x22H78G\x22!F:.-.-\
-.-\x01\xf69G!\x22H78G\x22!F\
:.-.--.-\x01\xaf9G!\x22H7\
8G\x22!F:.-.--.-\x02\xda\xfd\
&\x01R4V2\x1a6U11U6\x1a2V\
4BCCGAAFCD\xfeb4V2\x1a\
6U11U6\x1a2V4BCCGAA\
FCDB4V2\x1a6U11U6\x1a2\
V4BCCGAAFCD\x00\x02\x00B\x00\
j\x02\x0c\x02F\x00\x03\x00\x07\x00\x00w\x113\x11%\
5!\x15\xfeR\xfe\xf2\x01\xcaj\x01\xdc\xfe$\xc8L\
L\x00\x02\x00c\x00V\x02A\x02Z\x00\x03\x00\x07\x00\
\x00e\x113\x11%5!\x15\x01)R\xfe\xe8\x01\xde\
V\x02\x04\xfd\xfc\xdcLL\x00\x00\x03\x00L\x00A\x02\
\x16\x02\x81\x00\x03\x00\x07\x00\x0b\x00\x00w5!\x15%\
\x117\x11%5!\x15L\x01\xca\xfe\xf4N\xfe\xf4\x01\
\xcaALL\x87\x01\xb8\x01\xfeH\xb6LL\x00\x02\x00\
4\xff8\x02U\x02(\x00\x19\x00*\x00\x00E\x117\
\x0e\x02#\x22.\x02554>\x0232\x16\x16\x17\
#53\x11\x01266554&&#\x22\x06\
\x06\x15\x14\x16\x16\x01\xf5&\x03@e<9_E&\
&F`;Dg<\x03\x1cL\xfe\xf31P01\
Q/6Q-.R\xc8\x01gLWp6,N\
e9\x129bK*:nO\xe5\xfd\x22\x01\x0e,\
S8.7M)2[<<[2\x00\x00\x02\x00\
(\x00\x00\x01\xf8\x02\xee\x00\x1d\x00!\x00\x00w53\
2654&&#\x22\x06\x06\x15#4663\
2\x16\x16\x15\x15\x14\x06\x06#7\x07\x0753\x15\xcb\
EGE\x22='-A$\x5c5jOFe7\
6kN$\x02jt\xda\xbaL7);\x1f%?\
);f@9_9\x0c8^7.\x98\xdazz\
\x00\xff\xff\x000\xff(\x02\x00\x02\x16\x04\x0f\x01\x84\x02\
(\x02\x16\xc0\x00\xff\xff\x000\xff\xec\x02\x00\x02\xda\x04\
\x0f\x01\x84\x02(\x02\xda\xc0\x00\xff\xff\x00Z\x01\xcc\x01\
T\x02\xda\x04&\x01\x8e\x00\x00\x00\x07\x01\x8e\x00\xa8\x00\
\x00\xff\xff\x000\xffK\x01\x8c\x00\x83\x06\x07\x01\x8a\x00\
\x00\xfd\xa1\xff\xff\x00*\x01\xaa\x01\x86\x02\xe2\x04\x0f\x01\
\x8a\x01\xb6\x04\x8c\xc0\x00\xff\xff\x000\x01\xaa\x01\x8c\x02\
\xe2\x04&\x01\x8c\x00\x00\x00\x07\x01\x8c\x00\xc2\x00\x00\xff\
\xff\x00*\x01\xaa\x00\xc4\x02\xe2\x04\x0f\x01\x8c\x00\xf4\x04\
\x8c\xc0\x00\x00\x01\x000\x01\xaa\x00\xca\x02\xe2\x00\x1a\x00\
\x00S5326655\x17\x06\x06#\x22&5\
4632\x16\x16\x15\x15\x14\x06\x06#0\x09 &\
\x11\x18\x07\x17\x0b\x1c%#\x1e\x13\x22\x16$B-\x01\
\xaa4\x16/$K-\x04\x04#\x1f\x1d&\x12.+\
\x15IP\x1f\x00\xff\xff\x000\xffK\x00\xca\x00\x83\x06\
\x07\x01\x8c\x00\x00\xfd\xa1\x00\x01\x00Z\x01\xcc\x00\xac\x02\
\xda\x00\x03\x00\x00S\x113\x11ZR\x01\xcc\x01\x0e\xfe\
\xf2\x00\x01\x00\x5c\x00\x00\x01\x84\x02\x1c\x00\x0e\x00\x00s\
\x113\x15#4633\x15#\x22\x06\x15\x11\x5cL\
\x04gg\x12\x22PV\x02\x16\xdcumVUP\xfe\
\xdf\x00\x01\x00\x5c\x00\x00\x01\x9c\x02\x1c\x00\x0f\x00\x00s\
\x113\x15#46633\x15#\x22\x06\x15\x11\x5c\
J\x02#E2^x44\x02\x16\xa8;M&V\
44\xfe\xa2\x00\xff\xff\x00\x5c\x00\x00\x01\x84\x03*\x06\
&\x01\x8f\x00\x00\x00\x07\x00\x97\x00\xb4\x00\x00\xff\xff\x00\
\x5c\x00\x00\x01\x9c\x03*\x06&\x01\x90\x00\x00\x00\x07\x00\
\x97\x00\xca\x00\x00\xff\xff\x00B\x00\x00\x01\x84\x03*\x06\
&\x01\x8f\x00\x00\x00\x06\x00\xb6B\x00\xff\xff\x00X\x00\
\x00\x01\x9c\x03*\x06&\x01\x90\x00\x00\x00\x06\x00\xb6X\
\x00\xff\xff\x00Q\xfe\xec\x01\x84\x02\x1c\x06&\x01\x8f\x00\
\x00\x00\x06\x00\xc7Q\x00\xff\xff\x00Q\xfe\xec\x01\x9c\x02\
\x1c\x06&\x01\x90\x00\x00\x00\x06\x00\xc7Q\x00\x00\x05\x00\
6\x00\xb6\x02p\x02\xee\x00\x15\x00%\x00)\x00-\x00\
?\x00\x00e\x22.\x02554>\x0232\x1e\x02\
\x15\x15\x14\x0e\x02'26654&&#\x22\x06\
\x06\x15\x14\x16\x16'\x113\x113'3\x17'53\
2654&##532\x16\x15\x14\x06#\x01\
SFkH$%IjEEjI%$Hk\
FEg99gEEg99g'8\x80`\
?c\xdfT\x1e\x1f\x1f\x1eTL9EE9\xb61\
Qb1\x103aP//Pa3\x101bQ\
14?i@Bi==iB@i?T\x01\
3\xfe\xcduue2\x1a\x1b\x1c\x1926107\
\x00\x00\x03\x00B\xff\xfa\x01\xd8\x02\xe2\x00\x14\x00\x18\x00\
;\x00\x00W\x22&&54663\x15\x22\x06\x15\
\x14\x1633\x07\x113\x11\x035!\x15'54&\
'&&'&&76632\x16\x17\x15&&\
#\x22\x06\x07\x06\x16\x17\x1e\x02\x17\x16\x16\x15\x15\xfd2\
U47^;:D<)5$R\xdc\x01X\xce\
\x0e\x10\x15.\x11(\x0a\x10\x10C4 O%&F\
2\x16\x14\x05\x04\x04\x0a\x09\x1d#\x12\x1d\x16\x06 C\
2.> G\x1d&%&+\x01Z\xfe\x85\x01g\
BB.$\x10\x1b\x0a\x0e\x1a\x0b\x1cJ%#\x19\x05\
\x05N\x05\x07\x0a\x0d\x0c\x16\x08\x06\x10\x14\x0b\x122)\
$\x00\x03\x00\x85\xff\xfa\x023\x02\xe2\x00\x14\x00\x18\x00\
;\x00\x00E\x22&&54663\x15\x22\x06\x15\
\x14\x1633\x07\x113\x11\x035!\x15'54&\
'&&'&&76632\x16\x17\x15&&\
#\x22\x06\x07\x06\x16\x17\x1e\x02\x17\x16\x16\x15\x15\x01M\
7[69dACIA16$R\xea\x01p\
\xd8\x0f\x12\x113\x11)\x0b\x11\x11C7 Q'(\
H2\x18\x16\x05\x05\x05\x0b\x0a\x1e$\x13\x1d\x16\x06 \
C2.> G\x1d&%&+\x01Z\xfe\x85\x01\
gBB.$\x10\x1b\x0b\x0b\x1c\x0b\x1dI%#\x19\
\x05\x05N\x05\x07\x0a\x0d\x0d\x15\x08\x07\x10\x13\x0c\x114\
'$\x00\xff\xff\x00\x00\x02Z\x00\xe0\x03:\x04\x06\x01\
\x9b\x00\x00\x00\x02\x00\x00\x02Z\x00\xe0\x03:\x00\x0b\x00\
\x17\x00\x00S\x22&54632\x16\x15\x14\x06'\
2654&#\x22\x06\x15\x14\x16p2>>2\
2>>2\x1a  \x1a\x1a  \x02Z@00\
@@00@4\x22\x1a\x1a\x22\x22\x1a\x1a\x22\x00\x00\
\x02\x00\x00\x03\x00\x00\xee\x03\xd8\x00\x0b\x00\x17\x00\x00S\
\x22&54632\x16\x15\x14\x06'2654\
&#\x22\x06\x15\x14\x16w7@@77@@7\
\x1e!!\x1e\x1e!!\x03\x00@,,@@,,\
@4 \x18\x18  \x18\x18 \x00\x00\x01\x00-\xff\
\xf0\x01\xe9\x02&\x00)\x00\x00E\x22&'3\x16\x16\
32654&''&&546632\
\x16\x17#&&#\x22\x06\x15\x14\x16\x17\x17\x16\x16\x15\
\x14\x06\x06\x01\x0bis\x02Z\x02;G@D28\
:L`4\x5c<Zp\x02Z\x01988:)\
/:Vh9d\x10ZN\x1f73%!%\x06\
\x06\x08KD3I'PO -.#\x1e$\x05\
\x06\x09MF2M+\xff\xff\x00-\xff\xf0\x01\xe9\x03\
*\x06&\x01\x9d\x00\x00\x00\x07\x00\x97\x00\xd9\x00\x00\xff\
\xff\x00-\xff\xf0\x01\xe9\x03*\x06&\x01\x9d\x00\x00\x00\
\x06\x00\xb6g\x00\xff\xff\x00-\xff\x0e\x01\xe9\x02&\x06\
&\x01\x9d\x00\x00\x00\x07\x00\xbe\x00\x91\x00\x00\xff\xff\x00\
-\xff\xf0\x01\xe9\x03*\x06&\x01\x9d\x00\x00\x00\x06\x00\
\xc3f\x00\xff\xff\x00-\xfe\xec\x01\xe9\x02&\x06&\x01\
\x9d\x00\x00\x00\x07\x00\xc7\x00\xd2\x00\x00\xff\xff\x00<\x01\
\xcc\x01r\x02\xda\x04&\x01Q\x00\x00\x00\x07\x01Q\x00\
\xa8\x00\x00\x00\x02\x008\xff\xab\x02\x10\x03\x15\x00'\x00\
O\x00\x00E\x22&'3\x16\x1632654&\
&'.\x0354667\x17\x22\x06\x06\x15\x14\x16\
\x16\x17\x1e\x03\x15\x14\x06\x03'6654&&'\
.\x03546632\x16\x17#&&#\x22\x06\
\x15\x14\x16\x16\x17\x1e\x03\x15\x14\x06\x06\x01\x1eis\x02\
Z\x02;G5=(@%$G<$'B*\
Y!D-,F'#C8!j\x1a1B?\
)D'#G:#1V7Yk\x03Z\x014\
551)D&#G:#*LUYQ\x22\
6,(\x1b\x22\x19\x0c\x0b\x1a&9),B,\x0a\
,\x1d2\x1f (\x1a\x0c\x0a\x19\x223%Pd\x01\
\x074\x0f?' &\x1a\x0c\x0b\x1a&9+/G\
)QI (-  &\x18\x0b\x0a\x18%:,\
-E/\xff\xff\x00\x1e\xffc\x00\xca\x01\xec\x04&\x00\
\xc6\x04\x00\x00\x07\x01|\x00\x06\x01r\x00\x02\x000\x00\
\x00\x02\x1a\x02\xda\x00\x07\x00\x0b\x00\x00s\x01'!5\
!\x15\x01\x0353\x15\x90\x015\x06\xfeq\x01\xea\xfe\
\xda\xc4P\x02\x7f\x09Rt\xfd\x9a\x02\x14\xc6\xc6\x00\xff\
\xff\x00\x1e\x00\x00\x01U\x01\x92\x06\x07\x01\xa8\x00\x00\xff\
\x01\x00\x02\x00\x1e\x00\xff\x01U\x02\x91\x00\x07\x00\x0b\x00\
\x00w\x13'#5!\x15\x03\x0353\x15`\x91\x07\
\xcc\x017\x9e\x99C\xff\x01E\x09D'\xfe\x95\x01\x08\
\x8a\x8a\x00\x00\x01\x00\x14\x00\x00\x02\x07\x02\xda\x00\x0e\x00\
\x00s5467'!5!\x15\x0e\x02\x15\x15\xc1\
{o\x04\xfem\x01\xf3Rh0\x85\xa3\xfeP\x12R\
\x7f<\x8e\xa8d\x85\x00\x00\x02\x00Z\x00\x00\x02R\x02\
\xda\x00\x07\x00\x0b\x00\x00s\x01'!5!\x15\x01\x03\
53\x15\xc6\x015\x05\xfed\x01\xf8\xfe\xd8\xd0P\x02\
\x7f\x09Rs\xfd\x99\x02\x0e\xcc\xcc\x00\x00\x01\x00O\x00\
\x00\x02J\x02\xda\x00\x0e\x00\x00s5467'!\
5!\x15\x0e\x02\x15\x15\xfe\x80p\x04\xfee\x01\xfbS\
k2\x85\xa5\xfdO\x12R\x7f;\x8d\xa8f\x85\x00\x00\
\x02\x00H\xff\xec\x02_\x02\xe0\x00!\x001\x00\x00E\
\x22.\x02554632\x16\x17\x15&&#\x22\
\x06\x06\x15\x15\x07>\x0232\x16\x16\x15\x14\x06\x06'\
26654&&#\x22\x06\x06\x15\x14\x16\x16\x01\
]Pk?\x1b\xac\xa3'6 !8([j.\
\x18\x01;gCNl7:sU7J%$G\
43Q.$L\x148a~E0\xad\xbb\x04\x04\
R\x04\x04D\x7fZ-YOh4?nFGp\
@T*I00J)&I5,J,\x00\xff\
\xff\x00+\xff\xf5\x01}\x01\x94\x06\x07\x01\xae\x00\x00\xff\
\x01\x00\x02\x00+\x00\xf4\x01}\x02\x93\x00\x1e\x00+\x00\
\x00w\x22&&554632\x16\x17\x15.\x02\
#\x22\x06\x06\x15\x15'6632\x16\x15\x14\x06'\
2654&#\x22\x06\x15\x14\x16\x16\xd67M'\
hj\x10,\x14\x0c\x1e\x1d\x0c4:\x16\x12\x01H?\
CN\x5cN*0/*(2\x15(\xf4-U;\
\x12ig\x02\x02F\x02\x02\x01#@+A\x119E\
K<@SD,! +)#\x14#\x15\x00\x00\
\x02\x00U\xff\xec\x02h\x02\xdf\x00!\x001\x00\x00E\
\x22.\x02554632\x16\x17\x15&&#\x22\
\x06\x06\x15\x15#>\x0232\x16\x16\x15\x14\x06\x06'\
26654&&#\x22\x06\x06\x15\x14\x16\x16\x01\
iOk?\x1b\xae\x9f&7\x1f 9'Zj-\
\x18\x017dCRl6:qT3I'\x22G\
81N-\x22K\x148c\x80G1\xa7\xb9\x04\x04\
R\x04\x04C\x7fZ\x86Ji8?nFGp@\
T,J-2I('I3.J+\x00\x01\x00\
\x19\xff\xc4\x01?\x03\x0c\x00\x03\x00\x00W\x133\x03\x19\
\xccZ\xcc<\x03H\xfc\xb8\x00\x00\x01\x00<\x00\xed\x01\
t\x01?\x00\x03\x00\x00w5!\x15<\x018\xedR\
R\x00\x04\x00@\x00\x00\x02\xf7\x02\xda\x00\x06\x00\x0a\x00\
\x0e\x00\x12\x00\x00s#\x013\x01#\x03%5!\x15\
%53\x15%5!\x15\xa1a\x014P\x013a\
\xfa\xfe\xa5\x02\xb6\xfe}P\xfe}\x02\xb6\x01\xd8\xfe(\
\x01\x80XEE0\x9a\x9a\x8dEE\x00\x04\x00\x05\x00\
\x00\x02\x9e\x02\xda\x00\x06\x00\x0a\x00\x0e\x00\x12\x00\x00s\
#\x013\x01#\x03%5!\x15%53\x15%5\
!\x15fa\x01\x1d`\x01\x1ca\xeb\xfe\xb4\x02\x98\xfe\
\x89V\xfe\x89\x02\x98\x01\xd8\xfe(\x01\x8eJEE0\
\x9a\x9a\x8dEE\x00\x04\x00,\x00\x00\x02L\x02\xe2\x00\
\x12\x00\x16\x00\x1a\x00\x1e\x00\x00s\x114632\x16\
\x16\x17\x15.\x02#\x22\x06\x06\x15\x11#5!\x15\x01\
5!\x15\x1353\x15|\x82\x7f\x18=9\x13\x13;\
=\x185L(\xa6\x01\xf4\xfe\x12\x01\x9e,P\x01\xed\
t\x81\x03\x04\x03R\x03\x04\x03\x22K=\xfe\x1aLL\
\x01<BB\xfe\xc4\xaa\xaa\x00\x00\x04\x00S\x00\x00\x02\
a\x02\xe2\x00\x12\x00\x16\x00\x1a\x00\x1e\x00\x00s\x114\
632\x16\x16\x17\x15.\x02#\x22\x06\x06\x15\x11#\
5!\x15\x015!\x15\x1353\x15\xa3\x80s\x14<\
;\x12\x12=<\x14-F(\xa6\x01\xe2\xfe$\x01\x96\
\x22P\x01\xedt\x81\x03\x04\x03R\x03\x04\x03\x22K=\
\xfe\x1aLL\x01<BB\xfe\xc4\xaa\xaa\x00\x00\x01\xff\
\xdf\x01@\x01M\x01\x90\x00\x03\x00\x00C5!\x15!\
\x01n\x01@PP\x00\x00\x01\xff\xe8\x00\xeb\x01D\x01\
+\x00\x03\x00\x00g5!\x15\x18\x01\x5c\xeb@@\x00\
\x02\x00\x0e\xff\xfa\x01~\x02\xb8\x00\x0c\x00\x10\x00\x00E\
\x22&&5\x113\x11\x14\x1633\x15\x015!\x15\
\x01,<W/\x5c/+^\xfe\x90\x01p\x06\x22S\
G\x02\x02\xfd\xf2+/V\x01\xd4HH\x00\x00\x03\x00\
\x10\xff\xf2\x01\xb0\x02\xb8\x00\x0f\x00\x13\x00\x17\x00\x00E\
\x22&5\x113\x11\x14\x1632653\x14\x06\x01\
5!\x15%53\x15\x01\x0eHZ\x5c,  .\
NX\xfe\xb8\x01\x86\xfe\xd6\x5c\x0eWP\x01U\xfe\xa7\
,)),JY\x01\xdcHH(\xc2\xc2\xff\xff\x00\
\x0e\xff\xfa\x01~\x02\xb8\x06&\x01\xb9\x00\x00\x00\x06\x01\
\xb80\x17\xff\xff\x00\x10\xff\xf2\x01\xb0\x02\xb8\x06&\x01\
\xba\x00\x00\x00\x06\x01\xb82\x17\xff\xff\x00\x0e\xff\xfa\x01\
~\x03V\x06&\x01\xb9\x00\x00\x00\x07\x00\xb7\x00\xc6\x00\
*\xff\xff\x00\x10\xff\xf2\x01\xb0\x03V\x06&\x01\xba\x00\
\x00\x00\x07\x00\xb7\x00\xd4\x00*\xff\xff\x00\x0e\xff\x0e\x01\
~\x02\xb8\x06&\x01\xb9\x00\x00\x00\x06\x00\xbes\x00\xff\
\xff\x00\x10\xff\x0e\x01\xb0\x02\xb8\x06&\x01\xba\x00\x00\x00\
\x07\x00\xbe\x00\x8a\x00\x00\xff\xff\x00\x0e\xfe\xec\x01~\x02\
\xb8\x06&\x01\xb9\x00\x00\x00\x07\x00\xc7\x00\xb4\x00\x00\xff\
\xff\x00\x10\xfe\xec\x01\xb0\x02\xb8\x06&\x01\xba\x00\x00\x00\
\x07\x00\xc7\x00\xcb\x00\x00\x00\x02\x00\x5c\xff8\x02}\x02\
\xda\x00\x19\x00*\x00\x00W\x113\x11\x07>\x0232\
\x1e\x02\x15\x15\x14\x0e\x02#\x22&&'\x17\x11\x132\
6654&&#\x22\x06\x06\x15\x15\x14\x16\x16\x5c\
`\x22\x05?f>9\x5cC#&E^8<h\
C\x05,\xaf6P,-P50R12R\xc8\
\x03\xa2\xfe\x890Um5)Ke<\x14;dI\
)2p[P\xfe\x9b\x01\x0c5\x5c:<Y2+\
Q9.7N*\x00\x00\x01\x00,\xff\xee\x02*\x02\
\xda\x00&\x00\x00E\x22&&53\x14\x16326\
654&#\x22\x06\x07'%'!5!\x15\x07\
\x076632\x16\x16\x15\x15\x14\x06\x06\x01+Rr\
;^WJ1H(WI\x1f-\x110\x01\x17\x0a\
\xfe\x9d\x01\xbd\xe7F\x11)\x1cPp;;q\x12@\
j>DP$C-DT\x0f\x0bV\xcc\x12R\x85\
\xa8\x03\x06\x08<d;\x0e:g@\xff\xff\x00\x1e\xff\
\xf6\x01W\x01\x92\x06\x07\x01\xc6\x00\x00\xff\x01\x00\x01\x00\
\x1e\x00\xf5\x01W\x02\x91\x00\x22\x00\x00w\x22&53\
\x14\x1632654&#\x22\x06\x07'7'#\
5!\x15\x07'6632\x16\x15\x15\x14\x06\xbaG\
UO)$$)($\x11\x1c\x0a'\x87\x05\xaf\x01\
\x1a\xaa\x1f\x0e\x1e\x0fFUU\xf5I:\x1c$'\x1c\
\x1d%\x0a\x08>Y\x07HDq\x11\x05\x05B:\x06\
8H\x00\x00\x01\x00J\xff\xee\x02N\x02\xda\x00&\x00\
\x00E\x22&&53\x14\x16326654&\
#\x22\x06\x07'%'!5!\x15\x07\x07663\
2\x16\x16\x15\x15\x14\x06\x06\x01LRt<^YK\
2I)ZI\x1b/\x124\x01\x1a\x0a\xfe\x9a\x01\xc1\
\xecH\x0e4\x15Rt=<s\x12@j>DP\
$C-DT\x0d\x0cP\xd1\x12R\x85\xad\x01\x07\x0a\
<d;\x0e:g@\xff\xff\x00\x1e\xff\xea\x03\x87\x02\
\xa8\x04&\x01\xc6\x00\x00\x00'\x01\x13\x01m\x00\x00\x00\
\x07\x01\x0f\x02\x0e\x00\x00\xff\xff\x00\x1e\x01\x9a\x01W\x03\
6\x06\x07\x01\xc6\x00\x00\x00\xa5\xff\xff\x00\x00\x02\x81\x01\
<\x02\xf9\x04\x06\x01\xcb\x00\x00\x00\x01\x00\x00\x02\x81\x01\
<\x02\xf9\x00\x17\x00\x00S\x22.\x02#\x22\x06\x07'\
6632\x1e\x023267\x17\x06\x06\xe2\x19$\
\x1e\x1e\x13\x15#\x0e\x10\x0f-\x1d\x19$\x1e\x1e\x13\x15\
$\x0e\x10\x0f.\x02\x81\x0f\x14\x0f\x15\x12@\x13\x1a\x0f\
\x14\x0f\x15\x12@\x13\x1a\x00\x01\x00\x00\x03,\x01f\x03\
\xa0\x00\x17\x00\x00S\x22.\x02#\x22\x06\x07'66\
32\x1e\x023267\x17\x06\x06\xff\x1b' !\
\x17\x18-\x0e\x12\x0e6#\x1b' \x22\x16\x18-\x0e\
\x12\x0f5\x03,\x0e\x12\x0e\x15\x13>\x14\x1c\x0e\x12\x0e\
\x15\x13>\x14\x1c\x00\x03\x00\x18\x01R\x03\x1e\x02\xda\x00\
\x0f\x00\x13\x00\x17\x00\x00A\x113\x133\x133\x11#\
\x11\x17\x03#\x037\x11!\x113\x11\x035!\x15\x01\
\x84Rw\x08wR>\x0duRu\x0d\xfe\xd3@\xb9\
\x012\x01R\x01\x88\xfe\xef\x01\x11\xfex\x01P\x01\xfe\
\xf7\x01\x09\x01\xfe\xb0\x01\x5c\xfe\xa4\x01R66\x00\x00\
\x01\x00D\x00\x00\x024\x02\xee\x00$\x00\x00s54\
66776654&#\x22\x06\x15#46\
632\x16\x16\x15\x15\x14\x06\x07\x07\x06\x06\x15\x15'\
!\x15L\x19>5\x892:NGFP^5l\
SSk5[M\x89. \x1a\x01\xa2x,>3\
\x18?\x17I:FNNF?j??f<\x0e\
Ol#?\x15*#\x5c.R\x00\xff\xff\x00)\x00\
\x00\x01V\x01\x9d\x06\x07\x01\xd0\x00\x00\xff\x01\x00\x01\x00\
)\x00\xff\x01V\x02\x9c\x00!\x00\x00w5467\
76654&#\x22\x06\x15#4632\x16\
\x15\x15\x14\x06\x07\x07\x06\x06\x15\x15'3\x15.'1\
H\x1a\x1d&! &OPEEP08H\x13\
\x12\x14\xec\xffM$1\x14\x1e\x0b \x1a\x1c$$\x1e\
<JG8\x06-=\x17\x1e\x07\x11\x0e\x14\x08G\x00\
\x01\x00^\x00\x00\x02T\x02\xee\x00$\x00\x00s54\
66776654&#\x22\x06\x15#46\
632\x16\x16\x15\x15\x14\x06\x07\x07\x06\x06\x15\x15'\
!\x15f\x1b?6\x876:QHGQ^5m\
TTm6ZR\x870\x22\x1a\x01\xa8x,>2\
\x19?\x1aI9DNNF?j??f:\x0e\
Ok&?\x16)#\x5c.R\x00\xff\xff\x00)\x01\
\xa4\x01V\x03A\x06\x07\x01\xd0\x00\x00\x00\xa5\x00\x01\x00\
P\xff\xf0\x02\x16\x02\x17\x00\x16\x00\x00E\x22&5\x11\
3\x11\x14\x163265\x113\x11#53\x14\x06\
\x06#\x01\x15_f`D:<L`L\x0c*S\
@\x10|u\x016\xfe\xb7?GMC\x01?\xfd\xe9\
\xe5Om9\x00\x00\x01\x00P\xff\xee\x02\x1c\x02\x16\x00\
\x13\x00\x00E\x22&&5\x113\x11\x14\x16326\
5\x113\x11\x14\x06\x06\x016?i>`J<<\
J`>h\x127lO\x016\xfe\xb8@HH@\
\x01H\xfe\xcaOl7\xff\xff\x00P\xff\xf0\x02\x16\x03\
*\x06&\x01\xd3\x00\x00\x00\x07\x00\x97\x01\x02\x00\x00\xff\
\xff\x00P\xff\xee\x02\x1c\x03*\x06&\x01\xd4\x00\x00\x00\
\x07\x00\x97\x01\x05\x00\x00\xff\xff\x00P\xff\xf0\x02\x16\x03\
*\x06&\x01\xd3\x00\x00\x00\x07\x00\xb0\x00\x9a\x00\x00\xff\
\xff\x00P\xff\xee\x02\x1c\x03*\x06&\x01\xd4\x00\x00\x00\
\x07\x00\xb0\x00\x9d\x00\x00\xff\xff\x00P\xff\xf0\x02\x16\x03\
*\x06&\x01\xd3\x00\x00\x00\x07\x00\xc3\x00\x8f\x00\x00\xff\
\xff\x00P\xff\xee\x02\x1c\x03*\x06&\x01\xd4\x00\x00\x00\
\x07\x00\xc3\x00\x92\x00\x00\xff\xff\x00P\xff\xf0\x02\x16\x02\
\xfa\x06&\x01\xd3\x00\x00\x00\x07\x00\xd4\x00\x91\x00\x00\xff\
\xff\x00P\xff\xee\x02\x1c\x02\xfa\x06&\x01\xd4\x00\x00\x00\
\x07\x00\xd4\x00\x94\x00\x00\xff\xff\x00P\xff\xf0\x02\x16\x03\
*\x06&\x01\xd3\x00\x00\x00\x07\x01\x1b\x00\xa8\x00\x00\xff\
\xff\x00P\xff\xee\x02\x1c\x03*\x06&\x01\xd4\x00\x00\x00\
\x07\x01\x1b\x00\xab\x00\x00\xff\xff\x00P\xff\xf0\x02\x16\x03\
*\x06&\x01\xd3\x00\x00\x00\x07\x01)\x00\xba\x00\x00\xff\
\xff\x00P\xff\xee\x02\x1c\x03*\x06&\x01\xd4\x00\x00\x00\
\x07\x01)\x00\xbd\x00\x00\xff\xff\x00P\xff\xf0\x02\x16\x02\
\xdf\x06&\x01\xd3\x00\x00\x00\x07\x01L\x00\xa8\x00\x00\xff\
\xff\x00P\xff\xee\x02\x1c\x02\xdf\x06&\x01\xd4\x00\x00\x00\
\x07\x01L\x00\xab\x00\x00\x00\x01\x00\x00\xff|\x02@\xff\
\xc4\x00\x03\x00\x00U5!\x15\x02@\x84HH\x00\xff\
\xff\x00P\xff\x0e\x02 \x02\x17\x06&\x01\xd3\x00\x00\x00\
\x07\x01e\x014\x00\x00\xff\xff\x00P\xff\x0e\x02\x1c\x02\
\x16\x06&\x01\xd4\x00\x00\x00\x07\x01e\x00\xb8\x00\x00\xff\
\xff\x00P\xff\xf0\x02\x16\x03:\x06&\x01\xd3\x00\x00\x00\
\x07\x01\x9b\x00\xc3\x00\x00\xff\xff\x00P\xff\xee\x02\x1c\x03\
:\x06&\x01\xd4\x00\x00\x00\x07\x01\x9b\x00\xc6\x00\x00\xff\
\xff\x00P\xff\xf0\x02\x16\x02\xf9\x06&\x01\xd3\x00\x00\x00\
\x07\x01\xcb\x00\x95\x00\x00\xff\xff\x00P\xff\xee\x02\x1c\x02\
\xf9\x06&\x01\xd4\x00\x00\x00\x07\x01\xcb\x00\x98\x00\x00\x00\
\x03\x00\x18\x00\x00\x02\x0d\x02\x16\x00\x03\x00\x07\x00\x0b\x00\
\x00s\x033\x13#53\x15#\x133\x03\xce\xb6d\
\xb2HtF\x9b^\x9e\x02\x16\xfd\xeaLL\x02\x16\xfd\
\xea\x00\x05\x00\x1a\x00\x00\x03*\x02\x16\x00\x07\x00\x0b\x00\
\x0f\x00\x13\x00\x17\x00\x00s\x133\x13#\x033\x03#\
53\x15#\x033\x13!53\x15#\x133\x03\xf8\
l\x82~R~ m\x80o\x85\x97\x5c\x93\x01\x1do\
B\x80W\x83\x02\x04\xfd\xfc\x02\x02\xfd\xfeLL\x02\x16\
\xfd\xeaLL\x02\x16\xfd\xea\x00\xff\xff\x00\x1a\x00\x00\x03\
*\x03*\x06&\x01\xeb\x00\x00\x00\x07\x00\x97\x01v\x00\
\x00\xff\xff\x00\x1a\x00\x00\x03*\x03*\x06&\x01\xeb\x00\
\x00\x00\x07\x00\xc3\x01\x03\x00\x00\xff\xff\x00\x1a\x00\x00\x03\
*\x02\xfa\x06&\x01\xeb\x00\x00\x00\x07\x00\xd4\x01\x05\x00\
\x00\xff\xff\x00\x1a\x00\x00\x03*\x03*\x06&\x01\xeb\x00\
\x00\x00\x07\x01\x1b\x01\x1c\x00\x00\x00\x01\x00\x1c\x00\x00\x02\
\x1d\x02\x16\x00\x0f\x00\x00s\x13\x07\x033\x17373\
\x037\x13#'#\x07\x1c\xbf\x03\xb3j\x81\x0ezc\
\xa9\x03\xc8j\x96\x0e\x90\x01\x19\x14\x01\x11\xc9\xc9\xfe\xf6\
\x12\xfe\xe2\xd9\xd9\x00\x03\x00\x12\xff0\x02\x05\x02\x16\x00\
\x0d\x00\x11\x00\x15\x00\x00W532667\x133\
\x03\x0e\x02#753\x15#\x033\x138M\x22/\
\x1f\x0a\xa8^\xb2\x10:S7\x5ct~\xbfb\xb7\xd0\
V\x11(!\x026\xfd\xb15C\x1f\xdcPP\x02\x0a\
\xfd\xf6\x00\xff\xff\x00\x12\xff0\x02\x05\x03*\x06&\x01\
\xf1\x00\x00\x00\x07\x00\x97\x00\xdf\x00\x00\xff\xff\x00\x12\xff\
0\x02\x05\x03*\x06&\x01\xf1\x00\x00\x00\x06\x00\xc3l\
\x00\xff\xff\x00\x12\xff0\x02\x05\x02\xfa\x06&\x01\xf1\x00\
\x00\x00\x06\x00\xd4n\x00\x00\x04\x00\x14\x00\x00\x02\x5c\x02\
\xda\x00\x09\x00\x0d\x00\x11\x00\x15\x00\x00S\x033\x13'\
3\x07\x133\x03\x03\x113\x11%5!\x15%5!\
\x15\xf0\xdcf\xb9(n*\xad`\xce|Z\xfe\xce\x02\
\x0a\xfd\xf6\x02\x0a\x014\x01\xa6\xfe\x94\x08\x08\x01l\xfe\
Z\xfe\xcc\x01H\xfe\xb8\x9cBB\x98BB\x00\x04\x00\
7\x00\x00\x02m\x02\xda\x00\x09\x00\x0d\x00\x11\x00\x15\x00\
\x00A\x033\x13'3\x07\x133\x03\x03\x113\x11%\
5!\x15%5!\x15\x01\x0a\xd3f\xb0(n*\xa4\
`\xc5|Z\xfe\xd2\x02\x02\xfd\xfe\x02\x02\x014\x01\xa6\
\xfe\x94\x08\x08\x01l\xfeZ\xfe\xcc\x01H\xfe\xb8\x9cB\
B\x98BB\x00\xff\xff\x00\x12\xff0\x02\x05\x03*\x06\
&\x01\xf1\x00\x00\x00\x07\x01\x1b\x00\x85\x00\x00\x00\x01\x00\
6\x00\x00\x01\xc2\x02\x16\x00\x0f\x00\x00s5\x01\x15'\
\x17!5!\x15\x015\x17'!\x15:\x01#\x10\x0d\
\xfe\xdc\x01|\xfe\xdd\x12\x0e\x01/k\x01]\x10\x18\x06\
Lk\xfe\xa3\x0e\x19\x09L\x00\xff\xff\x006\x00\x00\x01\
\xc2\x03*\x06&\x01\xf8\x00\x00\x00\x07\x00\x97\x00\xbf\x00\
\x00\xff\xff\x006\x00\x00\x01\xc2\x03*\x06&\x01\xf8\x00\
\x00\x00\x06\x00\xb6M\x00\xff\xff\x006\x00\x00\x01\xc2\x02\
\xfa\x06&\x01\xf8\x00\x00\x00\x07\x00\xdb\x00\xb2\x00\x00\x00\
\x02\x00H\xff\xee\x02\x9f\x02\xee\x00\x13\x00\x1f\x00\x00E\
\x22.\x025546632\x16\x16\x15\x15\x14\x0e\
\x02'2654&#\x22\x06\x15\x14\x16\x01tR\
sG ?\x85hh\x84? GrRhac\
fgcb\x129b\x81H6e\xa2__\xa2e\
6H\x81b9X\x8d\x99\xa0\x8a\x8a\x9e\x9a\x8e\x00\xff\
\xff\x00-\xff\xf6\x01\x98\x01\x9d\x06\x07\x01\xfe\x00\x00\xff\
\x01\x00\x02\x00-\x00\xf5\x01\x98\x02\x9c\x00\x11\x00\x1d\x00\
\x00w\x22&&5546632\x16\x16\x15\x15\
\x14\x06\x06'2654&#\x22\x06\x15\x14\x16\xe3\
>Q')Q<<Q('P>2240\
132\xf53Z8\x1b;Y33Y;\x1b8\
Z3LCCGBBFCD\x00\x02\x00K\xff\
\xec\x02Y\x02\xee\x00\x11\x00!\x00\x00E\x22&&5\
546632\x16\x16\x15\x15\x14\x06\x06'26\
654&&#\x22\x06\x06\x15\x14\x16\x16\x01R]\
t6:uXYt:6t]:I\x22#I\
99I#\x22I\x14\x5c\xa3j.o\xa3YY\xa3\
o.j\xa3\x5cV?\x84fk\x85==\x84jg\
\x85?\x00\
\x00\x00\x18\x1d\
\x00\
\x00\x01\x00\x01\x00\x00\x00\x00\x00\x01\x00 \x00\x07\x18\x00\
\x00\x16\x00\x00\x00\x89PNG\x0d\x0a\x1a\x0a\x00\x00\x00\
\x0dIHDR\x00\x00\x01\x00\x00\x00\x01\x00\x08\x06\x00\
\x00\x00\x5cr\xa8f\x00\x00\x17\xceIDATx\xda\
\xed\xdd{pT\xf5\xfd>\xf0\xe7\x9c\xcd\xee\xe6B\x80\
\x98Ks\x81\x84\x09\x044\x02\xdf\x8aF.\x82\xa8\x08\
r\x09 H\xa3P\x19\x99\xd6qTp\x98\xb6\xe3w\
\xdah\xb8\x85b\x15\xbcpK\xe5ki\xbd\x94\x1a\x0a\
:\x14\x0aLe`\x14-3DM\xb4`P\x9aB\
H\x08w\xc3-\xf7l\xce\xfb\xf7\x07\x97\xd1\xfe\x10\xb2\
\xc9\xd9\xfd\xec\x9e\xcf\xf3\x9ay\x8f\xcc\x90=<\x9f\xe3\
9O\xb2\x9b=g\x0d|W\x8fh\xe0x#\x10\xe5\
\x02\xea|@tD<Z\xad{ 2\x1e\x16r\x00\
\xf4\x04\xd0\x1d\x96\x80\x88B\x8c\x01\x00\xc6\x05\x18\xa8\x86\
\x89\xcf`\x1a[\xe12v\xa2\xb1\xad\x16Q.\xc0\x02\
\x90\xe8\x05\x8e6\x5c\xe3\xc1\xb7t\xbb\xf4_\x97\x01t\
uG\xc3m>\x0a\xd3\xf8\x04@=\x00\xe1p8a\
6\x06\xeaa\x1a\x1f!\xc2\x98\x8eXw\x14\xdc\xe6\xa5\
s<\xa3\x0b\xbe\xef\xe6n\xc0\xdbw]\xfa\xb3\xd7\xcc\
\x84\xcbx\x17@\xb3\xf2\x05p8\x1c;\x8a\xa0\x19\xa6\
\xb1\x0eQ\xaeL\xb8\x0c\xe0\x7fo\x05\xfav\xbd|\xf2\
g\xc5\xe2\xaa\x98\x88\xdb`\x1a{\x95\x07\xe6p8\xf6\
\x8fi\xecE\xb4k\xd0\xd5\xf3\xbd_W\x18\xf0\x98\x97\
\xfe\xda4z\xa1\xd5Z\x0fK\xee\x04\x119\x93\xcb\xf8\
\x0c^\xd7t\xb4Z\x15\x00\xe0\x82\xdb\x04<f\x14\x9a\
\xadWa\xc98\xd5\xf9\x88(\x80\x04\xa9\xb0$\x01\x91\
\xae\xed\x00|.\x08\x00\x9fL\x83%\xcf\x03p\xa9\xce\
GD\x01&\xe8\x8769\x806\xd9o\x22\xc2\x88\x83\
%O\x00\xf0\xa8\xceEDA\xe1\x81%O\xc0c\xc6\
\x99\xb0p\x1f\x80\xc1\xaa\x13\x11QP\xdd\x09\x9f5\xd2\
\x84%\xb9\x10D\xabNCDA$\x88\x81`\xa2\x09\
\x01_\xf5'\xd2\x91`\xb0\x01\xd38\x0fK\xbav~\
kD\x14VL\xe3\xbc\x01\x03\x02Q\x9d\x84\x88\x82\xce\
\xb8t\xf9\x00O\x7f\x22M\x99\xaa\x03\x10\x91:,\x00\
\x22\x8d\xb1\x00\x884\xc6\x02 \xd2\x18\x0b\x80Hc,\
\x00\x22\x8d\xb1\x00\x884\xc6\x02 \xd2\x18\x0b\x80Hc\
,\x00\x22\x8d\xb1\x00\x884\xc6\x02 \xd2\x18\x0b\x80H\
c,\x00\x22\x8d\xb1\x00\x884\xc6\x02P,%%\x05\
w\xdcq\x87\xea\x18\xa4)\x16\x80b\xb9\xb9\xb9\xf8\xcb\
_\xfe\x82\x11#F\xa8\x8e\x12rF\x8e\x1c\x89A\x83\
\x06u~Ct]\xea?\xb3L\xd3\xf1z\xbd\xb2y\
\xf3f\x11\x11)//\x97\x9c\x9c\x1c\xe5\x99BeF\
\x8f\x1e-UUU\xb2l\xd92\xe5Y\x1c>\xca\x03\
h;\xb7\xddv\x9b\x9c>}Z\xae(--\x95\xfe\
\xfd\xfb+\xcf\xa5z\xc6\x8c\x19#\x95\x95\x95\x22\x22\xf2\
\xf9\xe7\x9fK||\xbc\xf2L\x0e\x1e\xe5\x01\xb4\x9d\xfc\
\xfc|\xf9o\xff\xfc\xe7?%++Ky6U3\
v\xec\xd8\xab'\xbf\x88H}}\xbd\x8c\x1e=Zy\
.\x07\x8f\xf2\x00ZN\xf7\xee\xdde\xcf\x9e=r-\
;w\xee\x94\x8c\x8c\x0c\xe5\x19\x83=\xe3\xc6\x8d\x93#\
G\x8e\xfc\x7f\xfbc\xe9\xd2\xa5\xca\xb39x\x94\x07\xd0\
r\xee\xbf\xff~\xa9\xab\xab\x93\x1f\xb2e\xcb\x16II\
IQ\x9e3X3~\xfcx\xa9\xaa\xaa\xba\xe6\xbe\xe0\
\xd3\x00\x16\x80\xe3f\xf9\xf2\xe5r#\xeb\xd7\xaf\xd7\xe2\
\xc0\xcf\xcd\xcd\x95\xea\xea\xea\x1f\xdc\x0f\x0d\x0d\x0d|\x1a\
\xc0\x02p\xce\xa4\xa5\xa5\xc9\x81\x03\x07nX\x00\x22\x22\
o\xbe\xf9\xa6t\xeb\xd6My\xe6@\xcd\xc4\x89\x13\xe5\
\xe8\xd1\xa37\xdc\x0f\xfcm\x00\x0b\xc013}\xfat\
immmW\x01X\x96%\xabW\xaf\x96\x98\x98\x18\
\xe5\xb9\xed\x9e\xc9\x93'KMMM\xbb\xf6Cii\
\xa9$$$(\xcf\xec\xc0Q\x1e@\xab\x89\x88\x88\x90\
\xe2\xe2\xe2v\x1d\xf4W\xb4\xb5\xb5\xc9K/\xbd$\x91\
\x91\x91\xca\xf3\xdb5\x0f>\xf8`\xbbO\xfe+O\x03\
\xc6\x8c\x19\xa3<\xb7\x03Gy\x00\xad\xe6\x96[n\xf1\
\xeb\xc0\xbf\xa2\xa5\xa5E\x16,X n\xb7[\xf9\x1a\
:;S\xa6L\x91c\xc7\x8e\xf9\xbd\x0f^~\xf9e\
\xe5\xd9\x1d8\xca\x03h5s\xe7\xce\xf5\xfb\xc0\xbf\xa2\
\xa9\xa9I\x9e}\xf6Yq\xb9\x5c\xca\xd7\xd1\xd1y\xe8\
\xa1\x87\xe4\xf8\xf1\xe3\x1dZ\x7fYY\x19\x9f\x06\xb0\x00\
\xc2wbbbd\xe7\xce\x9d\x1d.\x00\x11\x91\xba\xba\
:y\xfa\xe9\xa7\xc50\x0c\xe5\xeb\xf1w\xa6M\x9b&\
'N\x9c\xe8\xf0\xda\x1b\x1a\x1a\xe4\x81\x07\x1eP\xbe\x0e\
\x87\x8d\xf2\x00\xda\xcc]w\xdd%\xe7\xce\x9d\xebT\x01\
\x88\x88\x9c;wNf\xcd\x9a\xa5|=\xfeL^^\
\x9e\x9c<y\xb2\xd3k\x7f\xe5\x95W\x94\xaf\xc5a\xa3\
<\x806\xf3\xc2\x0b/t\xfa\x04\xb8\xe2\xcc\x993\x92\
\x97\x97\xa7|M\xed\x99\x87\x1f~XN\x9d:e\xcb\
\xba\xcb\xca\xca$11Q\xf9\x9a\x1c4\xca\x03h1\
\x89\x89\x89RVVf[\x01\x88\x88\x1c;vLr\
ss\x95\xaf\xedz3}\xfat\xdbN~\x91KO\
\x03\xc6\x8e\x1d\xab|]\x0e\x1a\xe5\x01\xb4\x98\xc9\x93'\
KSS\x93\xad\x05 \x22RYY)\xa3F\x8dR\
\xbe\xbek\xcd\x8c\x193\xbew\xb5\xa3]^}\xf5U\
\xe5ks\xd0(\x0f\xe0\xf81MS\xfe\xf8\xc7?\xda\
~\x22\x5cq\xf0\xe0A\x196l\x98\xf2u~w~\
\xfa\xd3\x9f\xca\x993g\x02\xb2\xde/\xbe\xf8\x82O\x03\
X\x00\xe13\x99\x99\x99r\xf8\xf0\xe1\x80\x15\x80\x88\xc8\
\xbe}\xfbd\xd0\xa0A\xca\xd7\x0a@f\xce\x9c\x19\xb0\
\x93_D\xa4\xb1\xb1Q\xc6\x8d\x1b\xa7|\x9dN\x98\x08\
P\xc0\x8d\x1a5\x0a\x19\x19\x19\x01\xfd7\xfa\xf7\xef\x8f\
\xd7_\x7f\x1d\xb3g\xcfFUU\x15\x0c\xc3\x08\xfa:\
E\x04\x13&L\xc0\xd2\xa5Kq\xd3M7\x05\xec\xdf\
\x89\x8c\x8c\xc4\x03\x0f<\x80\xed\xdb\xb7\x07}\x8dN\xc3\
\x02\x08\xb0\xc8\xc8HL\x9a4)('dNN\x0e\
6o\xde\x8c\x0b\x17.()\x00\x00HMMEL\
LL\xc0\xff\x9d{\xef\xbd\x17III8u\xea\x94\
\x92u:\x85\x81\xcb\xcf\x03(0n\xbb\xed6|\xf0\
\xc1\x07HHHP\x1d\xc5Q\x9a\x9a\x9a0u\xeaT\
\xfe\x14\xd0I\xbc+p\x00u\xed\xda\x15O?\xfd4\
O\xfe\x00\x88\x8c\x8c\xc4\x9c9s\x90\x9e\x9e\xae:J\
\xd8S\xfeB\x84\x13'..N\xde|\xf3M\xb1,\
+\xa0/\xfe\xe9n\xd7\xae]\xd2\xa7O\x1f\xe5\xff\xbf\
\xc3x\x94\x07p\xdcx\xbd^Y\xb1b\x85\xeasC\
\x1b\xdb\xb6m\xe3\xaf\x05;8.\x00\x0b@\xb6z\xf4\
\xd1G\xb1`\xc1\x02DD\xf05\xd6`\xc8\xca\xcaB\
[[\x1bv\xed\xda\xa5:J\xd8\xe1k\x006KM\
M\xc5/~\xf1\x0bx\xbd^\xd5Q\xb4\xf2\xf3\x9f\xff\
\x1cw\xdey\xa7\xea\x18a\x87\x05`\xb3\xc9\x93'c\
\xe0\xc0\x81\xaach'11\x113g\xceT\x1d#\
\xec\xb0\x00l\x14\x19\x19\x89\xdc\xdc\x5ce\xbf\x83\xd7\xdd\
\xfd\xf7\xdf\x8f\xd4\xd4T\xd51\xc2\x0a\x0b\xc0Fii\
i\x180`\x80\xea\x18\xdaJOOGvv\xb6\xea\
\x18a\x85\x05`\xa3\x1e=z >>^u\x0cm\
EEE\xa1O\x9f>\xaac\x84\x15\x16\x80\x8d\xbaw\
\xef\x0e\x8f\xc7\xa3:\x86\xd6\x02y\x0d\x82\x13\xb1\x00l\
d\x9a&\x9f\xff+f\x9a<\xa4\xfd\xc1\xbdE\xa41\
\x16\x00\x91\xc6X\x00D\x1ac\x01\x10i\x8c\x05@\xa4\
1\x16\x00\x91\xc6X\x00D\x1ac\x01\x10i\x8c\x05@\
\xa41\x16\x00\x91\xc6X\x00D\x1a\xe3=\xab\x1c\xc0\xb2\
,\xb4\xb6\xb6\xc24M\xb8\xddn\xa5Y\xda\xda\xda\xe0\
\xf3\xf9B\x22\x0b\xdd\x18\x0b \x8cUTT`\xf3\xe6\
\xcd())\xc1\xb9s\xe7\xe0\xf1x\x90\x95\x95\x85\x09\
\x13&\xe0\xae\xbb\xee\x0a\xeam\xc9\xbe\xf9\xe6\x1bl\xd9\
\xb2\x05%%%\xb8p\xe1\x02<\x1e\x0fn\xbe\xf9f\
L\x980\x01C\x87\x0e\xe5U\x92!L\xf9\x9dI\x9d\
2S\xa6L\x11\x9f\xcf\x17\xf0\xbb\xe0677KQ\
Q\x91\xf4\xee\xdd\xfb\x9a9bcc\xe5\xb1\xc7\x1e\x0b\
\xf8\xe7\x11\x8a\x5c\xfa\x9c\xbe\xd7^{Mz\xf5\xeau\
\xcd,]\xbbv\x95\xc7\x1f\x7f\x5c\xaa\xab\xab\x03\x9eE\
D\xe4\xf9\xe7\x9fW~\x1c\x84\xd9(\x0f\xe0\x98\x09F\
\x01\xf8|>Y\xb2d\x89x\xbd\xde\x1b\xe6\xb9\xef\xbe\
\xfb\xe4\xc8\x91#\x01\xcb\xd2\xda\xda*\xf3\xe7\xcf\x17\xb7\
\xdb}\xc3,c\xc7\x8e\x95\x9a\x9a\x9a\x80\xee\x1b\x11\x16\
\x00\x0b\xc0\xe1\x05\xb0e\xcb\x16\x89\x8d\x8dmw\xa6\xc7\
\x1f\x7f\x5c\x9a\x9b\x9b\x03\x92e\xe3\xc6\x8d\x12\x1d\x1d\xdd\
\xee,s\xe6\xcc\x91\xd6\xd6\xd6\x80\xee\x1f\x16\x80\x7f\xc3\
\xdf\x02\x84\x91\x86\x86\x06\x14\x15\x15\xe1\xe2\xc5\x8b\xed~\
\xcc\x86\x0d\x1bPRRb{\x96\x8b\x17/b\xf5\xea\
\xd5hhhh\xf7c\xde}\xf7]\x94\x95\x95\x05e\
_Q\xfb\xb0\x00\xc2\xc8\xc1\x83\x07\xfd>\x99\xcf\x9f?\
\x8f\x1d;v\xd8\x9e\xa5\xbc\xbc\x1c\xa5\xa5\xa5~=\xe6\
\xdbo\xbf\xc5\xce\x9d;\x03\xba\x8f\xc8?,\x800r\
\xe4\xc8\x11\x9c?\x7f\xde\xef\xc7}\xfd\xf5\xd7\xb0,\xcb\
\xd6,\x95\x95\x95~\xfd$\xf2\xdd,\x14:X\x00a\
\xa4\xb9\xb9\xb9C'rG\x1fw=\xad\xad\xad\x10\x11\
\xbf\x1f\xd7\xd2\xd2\xd2\xa1\xc7Q`\xb0\x00\xc2HBB\
B\x87~\xb7\x9f\x9c\x9cl\xfb\xe7\x14\xc6\xc7\xc7w\xe8\
\x8d>III\xbcqj\x08a\x01\x84\x91\x9bo\xbe\
\x19\x19\x19\x19~=\xc64M\x0c\x1d:\xd4\xf6,\xd9\
\xd9\xd9\xe8\xd9\xb3\xa7_\x8f\x89\x88\x88\xc0\xb0a\xc3\x02\
\xba\x8f\xc8?,\x800\x92\x9a\x9a\x8ai\xd3\xa6\xf9\xf5\
\x98\x81\x03\x07b\xf4\xe8\xd1\xb6g\xc9\xc8\xc8\xc0\xd4\xa9\
S\xfdz\xcc\xed\xb7\xdf\x8e{\xef\xbd7\xa0\xfb\x88\xfc\
\xc3\x02\x083O>\xf9$\x86\x0f\x1f\xde\xae\xaf\x8d\x8d\
\x8dE~~~\xc0>/o\xf6\xec\xd9\xed\xfeD\xde\
\xb8\xb88\xe4\xe7\xe7#111h\xfb\x8an\x8c\x05\
\x10f\xd2\xd2\xd2\xb0z\xf5\xea\x1b\x96@bb\x22^\
|\xf1E<\xf4\xd0C\x01\xcb\x92\x91\x91\x81\xa2\xa2\x22\
\x0c\x1e<\xf8\xba_\x97\x9c\x9c\x8ce\xcb\x96a\xe2\xc4\
\x89J\xf6\x19]\x9f\xf2w#9e\x82u-\x80\x88\
HMM\x8d,X\xb0@n\xbd\xf5V\x89\x8d\x8d\x15\
\x8f\xc7#\x91\x91\x91\x92\x9a\x9a*yyy\xb2{\xf7\
\xee\xa0\xe4\x10\x11\xa9\xae\xae\x96\xe7\x9e{Nn\xb9\xe5\
\x16\xe9\xd2\xa5\x8bx<\x1e\x89\x8a\x8a\x92\xb4\xb44\x99\
1c\x86\xec\xd9\xb3'hY\xf8N@\xff\xc6\xb8\xfc\
\x07\xb2\xc1\x94)S\xb0a\xc3\x06\xb8\x5c\xae\xa0\xfd\x9b\
'N\x9c\xc0\xa1C\x87\xae^\x81\xd7\xa3G\x0f\xf4\xea\
\xd5K\xc9\xd5w\xc7\x8f\x1f\xc7\xa1C\x87p\xf1\xe2E\
x\xbd\xde\xabY\x82yYpAA\x01\x16/^\x1c\
\xf4\xb5\x87+^\x0e\x1c\xe6\x92\x93\x93\x91\x9c\x9c\xac:\
\x06\x00 %%\x05)))\xaac\x90\x1f\xf8\x1a\x00\
\x91\xc6X\x00D\x1ac\x01\x10i\x8c\x05@\xa41\x16\
\x00\x91\xc6X\x00D\x1ac\x01\x10i\x8c\x05@\xa41\
\x16\x00\x91\xc6X\x00D\x1ac\x01\x10i\x8c\x05@\xa4\
1\x16\x00\x91\xc6X\x00D\x1ac\x01\x10i\x8c\x05@\
\xa41\x16\x00\x91\xc6X\x00D\x1ac\x01\x10i\x8c\x05\
@\xa41\x16\x00\x91\xc6X\x00D\x1ac\x01\x10i\x8c\
\x05@\xa41\x16\x00\x91\xc6X\x00D\x1ac\x01\x10i\
\x8c\x05@\xa41\x16\x00\x91\xc6X\x00D\x1ac\x01\x10\
i,Bu\x00\xbbx\xbd^\xf4\xe9\xd3\x07\xd9\xd9\xd9\
HNN\x86\x88\xa0\xaa\xaa\x0a\xfb\xf7\xef\xc7\xe1\xc3\x87\
!\x22\xaa#\x12\x85\x1cG\x14\xc0\xc8\x91#1g\xce\
\x1c\x8c\x181\x02\x09\x09\x09p\xb9\x5c\x00\x80\xd6\xd6V\
\xd4\xd4\xd4`\xeb\xd6\xad(**Byy\xb9\xea\xa8\
D!%\xac\x9f\x02x<\x1e\xfc\xf2\x97\xbf\xc4\xc6\x8d\
\x1b1m\xda4\xfc\xe8G?\xbaz\xf2\x03\x80\xdb\xed\
F\xaf^\xbd0{\xf6ll\xda\xb4\x09S\xa7NU\
\x1d\x99(\xa4\x84\xedO\x00\x86a`\xce\x9c9X\xb2\
d\x09\xbc^\xef\x0d\xbf>++\x0b\xbf\xff\xfd\xef\xd1\
\xdc\xdc\x8c\xad[\xb7\xaa\x8eO\x14\x12\xc2\xf6'\x80\x91\
#G\x22??\xbf]'\xff\x15III\xf8\xdd\xef\
~\x87\xac\xac,\xd5\xf1\x89BBX\x16\x80\xc7\xe3\xc1\
\xec\xd9\xb3\x11\x1f\x1f\xef\xf7c\xfb\xf7\xef\x8fy\xf3\xe6\
!**J\xf52\x88\x94\x0b\xcb\x02\xe8\xdb\xb7/\xee\
\xbe\xfb\xee\x0e?\xfe\xe1\x87\x1f\xc6\xacY\xb3T/\x83\
H\xb9\xb0,\x80[o\xbd\xb5C\xdf\xfd\xafp\xbb\xdd\
\xf8\xcdo~\x83\x9c\x9c\x1c\xd5K!R*,\x0b \
99\xf9{\xaf\xf6wD\xcf\x9e=QXX\x88\x9b\
n\xbaI\xf5r\x88\x94\x09\xcb\x02hkk\xb3e;\
c\xc6\x8c\xc1\xdc\xb9sa\x18\x86\xea%\x11)\x11\x96\
\x05p\xf4\xe8Q\xf8|\xbeNo\xc70\x0c<\xf3\xcc\
3\x18;v\xac\xea%\x11)\x11\x96\x05\xb0\x7f\xff~\
\x1c;v\xcc\x96m\xc5\xc5\xc5\xa1\xb0\xb0\x10\xe9\xe9\xe9\
\xaa\x97E\x14taY\x00\x87\x0e\x1d\xc2\xb6m\xdbl\
\xdb\xde\xed\xb7\xdf\x8e\xfc\xfc|x<\x1e\xd5K#\x0a\
\xaa\xb0,\x00\xcb\xb2\xb0r\xe5JTTT\xd8\xb6\xcd\
\xc7\x1e{\x0c\xd3\xa7OW\xbd4\xa2\xa0\x0a\xcb\x02\x00\
\x80\xf2\xf2r\x14\x16\x16\xa2\xa9\xa9\xc9\x96\xedEFF\
\xa2\xa0\xa0\x00\x03\x06\x0cP\xbd4\xa2\xa0\x09\xdb\x02\x00\
\x80\xe2\xe2b\xbc\xf5\xd6[\xb6m\xafw\xef\xdeX\xb4\
h\x11bccU/\x8d((\xc2\xba\x00ZZZ\
\xb0d\xc9\x12|\xf6\xd9g\xb6ms\xd2\xa4Ix\xea\
\xa9\xa7T/\x8d((\xc2\xba\x00\x00\xa0\xaa\xaa\x0a\x05\
\x05\x058{\xf6\xac-\xdb3M\x13\xbf\xfa\xd5\xafp\
\xcf=\xf7\xa8^\x1aQ\xc0\x85}\x01\x00\xc0?\xfe\xf1\
\x0f\xacX\xb1\xc2\xb6\xbb\xfe$%%\xa1\xb0\xb0\x10\xc9\
\xc9\xc9\xaa\x97F\x14P\x8e(\x00\x11\xc1\x8a\x15+\xf0\
\xc1\x07\x1f\xd8\xb6\xcd\xe1\xc3\x87\xe3\xd9g\x9f\xed\xf4[\
\x8e\x89B\x99#\x0a\x00\x00jkkQPP\x80\xea\
\xeaj\xdb\xb6\xf9\xc4\x13O`\xca\x94)\xaa\x97F\x14\
0\x8e)\x00\x00\xf8\xf4\xd3O\xb1d\xc9\x12\xb4\xb6\xb6\
\xda\xb2\xbd.]\xba`\xe1\xc2\x85\xe8\xdb\xb7\xaf\xea\xa5\
\x11\x05\x84\xa3\x0a\x00\x00\xdez\xeb-\x14\x17\x17\xdb\xb6\
\xbd\xec\xecl\xde@\x84\x1c\xcbq\x05\xd0\xd8\xd8\x88E\
\x8b\x16a\xff\xfe\xfd\xb6m3//\x0f?\xfb\xd9\xcf\
T/\x8d\xc8v\x8e+\x00\x00\xa8\xa8\xa8\xc0\xfc\xf9\xf3\
q\xf1\xe2E[\xb6\xe7v\xbb\xf1\xeb_\xff\x1a\x83\x07\
\x0fV\xbd4\x22[9\xb2\x00\x00\xe0o\x7f\xfb\x1b\xd6\
\xacYc\xdb\xf6z\xf4\xe8\x81\xc2\xc2\xc2N\xdd\x89\x88\
(\xd48\xb6\x00\xda\xda\xda\xb0l\xd92\xec\xde\xbd\xdb\
\xb6m\x8e\x1e=\x9a7\x10!Gql\x01\x00\xc0\xc9\
\x93'\xf1\xfc\xf3\xcf\xe3\xe4\xc9\x93\xb6m\xf3\x99g\x9e\
\xc1\xb8q\xe3T/\x8d\xc8\x16\x8e.\x00\x00\xf8\xf8\xe3\
\x8f\xb1t\xe9R\xdbn#\xd6\xbd{w\x14\x16\x16\x22\
##C\xf5\xd2\x88:\xcd\xf1\x05\x00\x00k\xd6\xac\xc1\
\xa6M\x9bl\xdb\xde\xa0A\x83\xf0\xdcs\xcf\xf1\x06\x22\
\x14\xf6\xb4(\x80\xba\xba:\xcc\x9f?\x1f\xff\xfe\xf7\xbf\
m\xdb\xe6\xcc\x9931c\xc6\x0c\xd5K#\xea\x14-\
\x0a\x00\x00\xbe\xfa\xea+,Z\xb4\x08\x8d\x8d\x8d\xb6l\
\xef\xca\x0dD\x06\x0e\x1c\xa8ziD\x1d\xa6M\x01\x00\
\xc0\xfa\xf5\xeb\xf1\xa7?\xfd\xc9\xb6\xedeffb\xd1\
\xa2E\xe8\xda\xb5\xab\xea\xa5\x11u\x88V\x05\xd0\xda\xda\
\x8a\x17^x\x01%%%\xb6ms\xe2\xc4\x89\xbc\x81\
\x08\x85-\xad\x0a\x00\xb8\xf4\x99\x02\xf3\xe6\xcdCmm\
\xad-\xdb\xbbr\x03\x91\xe1\xc3\x87\xdb\xf6\x9b\x06\xa2`\
\xd1\xae\x00\x80K7\x10Y\xbe|\xb9m7\x10IL\
L\xc4\xe2\xc5\x8b\xd1\xb3gOX\x96\xa5zyD\xed\
\x16\xa1:\x80*+W\xae\xc4\x90!Cl{S\xcf\
\xf0\xe1\xc3\x91\x98\x98\xc8w\x09RX\xd1\xf2'\x00\x00\
8{\xf6,\x0a\x0a\x0aPUUe\xcb\xf6\x5c.\x17\
\xb2\xb3\xb3\x11\x11\xa1m\xa7R\x18\xd2\xb6\x00\x00\xe0\xf3\
\xcf?\xc7o\x7f\xfb[\xb4\xb4\xb4\xa8\x8eB\xa4\x84\xd6\
\x05\x00\x00o\xbf\xfd6\xde}\xf7]\xd51\x88\x94\xd0\
\xbe\x00\x9a\x9a\x9aPXX\x88\x7f\xfd\xeb_\xaa\xa3\x10\
\x05\x9d\xf6\x05\x00\x00\xff\xf9\xcf\x7f0\x7f\xfe|\x5c\xb8\
pAu\x14\xa2\xa0b\x01\x5c\xb6y\xf3f\xbc\xfe\xfa\
\xeb\xaac\x10\x05\x15\x0b\xe02\xcb\xb2\xf0\xf2\xcb/\xe3\
\xc3\x0f?T\x1d\x85(hX\x00\xdfq\xea\xd4)\x14\
\x14\x14\xe0\xc4\x89\x13\xaa\xa3\x10\x05\x05\x0b\xe0\xbf|\xf2\
\xc9'x\xe9\xa5\x97\xf8\xb6^\xd2\x02\x0b\xe0\x1a\xdex\
\xe3\x0d\xbc\xff\xfe\xfb\xaac\x10\x05\x1c\x0b\xe0\x1a\xea\xea\
\xea\xb0`\xc1\x02\x1c<xPu\x14\xa2\x80b\x01\xfc\
\x80\xf2\xf2r,\x5c\xb8\x10\x0d\x0d\x0d\xaa\xa3\x10\x05\x0c\
\x0b\xe0:6l\xd8`\xeb\x0dD\x88B\x0d\x0b\xe0:\
\xae\xdc@d\xef\xde\xbd\xaa\xa3\x10\x05\x04\x0b\xe0\x06j\
jjPPP\x80o\xbf\xfdVu\x14\x22\xdb\xb1\x00\
\xdaa\xc7\x8e\x1dx\xed\xb5\xd7l\xbb\x81\x08Q\xa8`\
\x01\xb4\xd3\xaaU\xab\xb0m\xdb6\xd51\x88l\xc5\x02\
h\xa7s\xe7\xcea\xde\xbcy8r\xe4\x88\xea(D\
\xb6a\x01\xf8\xa1\xb4\xb4\x14\x8b\x17/\xe6\x0dD\xc81\
X\x00~\xfa\xf3\x9f\xff\x8cu\xeb\xd6\xa9\x8eAd\x0b\
\x16\x80\x9f\x9a\x9a\x9a\xb0x\xf1b|\xf9\xe5\x97\xaa\xa3\
\x10u\x1a\x0b\xa0\x03\x0e\x1d:\x84y\xf3\xe6\xf1\x06\x22\
\x14\xf6X\x00\x1d\xf4\xf7\xbf\xff\x1dEEE\xaac\x10\
u\x0a\x0b\xa0\x83,\xcb\xc2+\xaf\xbc\x82]\xbbv\xa9\
\x8eB\xd4a,\x80N8}\xfa4\x0a\x0a\x0ap\xfc\
\xf8q\xd5Q\x88:\x84\x05\xd0I{\xf6\xec\xc1\x8b/\
\xbe\x08\x9f\xcf\xa7:\x0a\x91\xdfX\x006\xf8\xc3\x1f\xfe\
\x80\xf7\xde{Ou\x0c\x22\xbf\xb1\x00lP__\x8f\
\x85\x0b\x17\xe2\xeb\xaf\xbfV\x1d\x85\xc8/,\x00\x9b\x1c\
8p\x00\xabV\xadR\x1d\x83\xc8/,\x00\x1b\xd5\xd4\
\xd4\xf0f\xa2\x14VX\x006\xe2G\x83S\xb8a\x01\
\x10i\x8c\x05@\xa41\x16\x00\x91\xc6X\x00D\x1ac\
\x01\x10i\x8c\x05@\xa41\x16\x00\x91\xc6X\x00D\x1a\
c\x01\x10i\x8c\x05@\xa41\x16\x00\x91\xc6X\x00D\
\x1ac\x01\xd8\x88W\x02\xaagY\x96\xea\x08a%B\
u\x80Pg\x18\x06\x92\x92\x92\x90\x9e\x9e\x8e\xa4\xa4$\
DFF^\xf3\xeb\xda\xda\xda0l\xd80^\x11\xa8\
\xd8\x80\x01\x03\xf0\xe0\x83\x0f\xc2\xe5r\xfd\xe0\xd7\xf8|\
>\x9c={\x16G\x8f\x1eEMM\x0d\x9a\x9b\x9bU\
\xc7V\xc6\x00\xc0\x8f\xbc\xbd\x06\xaf\xd7\x8ba\xc3\x86\xe1\
'?\xf9\x09\xee\xbe\xfbn\xf4\xe8\xd1\x03\xd1\xd1\xd10\
\xcd\x1f\xfe\xa1\xc90\x8c\xeb\xfe=\x05\x9eeY7\xfc\
\x14g\x11AKK\x0b\xce\x9c9\x83/\xbe\xf8\x02\xef\
\xbf\xff>\xb6o\xdf\x8eS\xa7N\xa9\x8e\xaf\x84p\xbe\
?\xd9\xd9\xd9\xf2\xce;\xef\xc8\x85\x0b\x17\x84\x9c\xcf\xe7\
\xf3\xc9\xde\xbd{e\xea\xd4\xa9\xe2r\xb9\x94\x1f\x7f\xc1\
\x1c\x17\x80\x05\xaa\x1b(\x94\xe4\xe6\xe6b\xed\xda\xb5\xb8\
\xef\xbe\xfb\xe0\xf5zU\xc7\xa1 0M\x13iii\
\x980a\x02\xbc^/JJJ\xd0\xda\xda\xaa:V\
P\xb0\x00\xbe#77\x17o\xbc\xf1\x06z\xf5\xea\xa5\
:\x0a)\xe0\xf1x0b\xc4\x08x\xbd^\xec\xde\xbd\
[\x8b\x17uY\x00\x97\xfd\xf8\xc7?\xc6\xda\xb5k\x91\
\x9e\x9e\xae:\x0a)d\x18\x06rrrp\xf6\xecY\
\xec\xdd\xbbWu\x9c\xc0\xaf\x17|\x11\x10\xd1\xd1\xd1x\
\xe7\x9dw0u\xeaT\xd5Q(D\xd4\xd4\xd4`\xd2\
\xa4I(--U\x1d%\xa0\xf8\x925\x801c\xc6\
`\xfc\xf8\xf1\xaacP\x08IKK\xc3SO=u\
\xdd_':\x81\xf6\x05\xe0v\xbb1}\xfa\xf4\x1f\xfc\
\xfd>\xe9k\xfc\xf8\xf1\xe8\xdb\xb7\xaf\xea\x18\x01\xa5}\
\x01\xa4\xa7\xa7c\xc8\x90!\xaacP\x08JMM\xc5\
\xf0\xe1\xc3U\xc7\x08(\xed\x0b\xa0_\xbf~HNN\
V\x1d\x83B\xd4\x1dw\xdc\xa1:B@i_\x00=\
{\xf6\x84\xc7\xe3Q\x1d\x83B\x94\xd3\x8f\x0f\xed\x0b \
::Zu\x04\x0aa111\x88\x88p\xee%3\
\xce]Y;\xe9p\xf1\x8e\x88\xe0\xf4\xe9\xd3\xa8\xaf\xaf\
\xb7m\xbd\xa6i\x2299\xd9\xd1\xdf\x1d\xaf\xac\xd3\xc9\
\xc7\x88\xf6\x05\xa0\x83\xb6\xb66\xe4\xe7\xe7c\xfb\xf6\xed\
\xb6|7\x13\x11\xc4\xc7\xc7\xa3\xb8\xb8\x18\xfd\xfa\xf5S\
\xbd<\xea\x04\xed\x0b@\xc4\xf9\xef\x83\x12\x11\x9c<y\
\x12\xc7\x8e\x1d\xb3m\x9b\xf5\xf5\xf5Z\xbc_^D\x1c\
}\x8ch\xff\x1a@cc\xa3\xea\x08\x01gY\x16Z\
ZZB~\x9b\xa1\xa8\xbe\xbe\xde\xd1\xd7\x04h_\x00\
555\x8e\xffNV__o\xfb\xb5\xee\x0d\x0d\x0d\
8q\xe2\x84\xea\xa5\x05\x9c\xd3o\x18\xa2}\x01|\xf3\
\xcd7\x8e\xbf\x11Dee%\xaa\xaa\xaal\xddfK\
K\x0b\xca\xca\xcaT/-\xe0x-\x80\xc3UVV\
\xe2\xd3O?U\x1d#\xa0>\xfa\xe8#\xd4\xd6\xd6\xda\
\xbe\xdd]\xbbv\xa1\xbe\xbe^\xf5\xf2\x02\xe6\xe4\xc9\x93\
\xf8\xe4\x93OT\xc7\x08(\xed\x0b\xa0\xa5\xa5\x05\xc5\xc5\
\xc5\x8e}>[[[\x8b\x8d\x1b7\x06d\xdb%%\
%\xd8\xb3g\x8f\xea%\x06\xcc\x8e\x1d;p\xe0\xc0\x01\
\xd51\x02J\xfb\x02\x00\x80m\xdb\xb6a\xe7\xce\x9d\xaa\
c\x04\xc4_\xff\xfaW\x94\x94\x94\x04d\xdbuuu\
X\xb5j\x95#\x7f\x0a8}\xfa4\x8a\x8a\x8a\x1c\xff\
\xfa\x10\x10\x02\xf7%\x0b\x85\x19:t\xa8TWW\xab\
\xbe=\x9d\xad\xca\xca\xca\xa4w\xef\xde\x01\xddon\xb7\
[\x96/_\xaez\xa9\xb6jkk\x93\xfc\xfc|1\
\x0cC\xf9q\x19\x84Q\x1e d\xe6\x91G\x1e\x91\xda\
\xdaZ\xd5\xc7\x9f-\x0e\x1f>,#G\x8e\x0c\xca~\
KHH\x90\xf7\xde{O\xf5\x92m\xb3f\xcd\x1a\x89\
\x89\x89Q~<\xb2\x00\x14\xcc\x8c\x193\xa4\xaa\xaaJ\
\xf51\xd8)\xfb\xf6\xed\x93Q\xa3F\x05u\xbf\xa5\xa4\
\xa4\xc8\xbau\xeb\xc4\xe7\xf3\xa9^~\x87555\xc9\
\xca\x95+\xa5{\xf7\xee\xca\x8fC\x16\x80\xc2\xc9\xc9\xc9\
\x91M\x9b6Icc\xa3\xeac\xd2/\xe7\xcf\x9f\x97\
\xb5k\xd7J\xdf\xbe}\x95\xec\xb7\xd8\xd8X\x99;w\
\xaeTTT\xa8\xde\x15~\xdb\xb7o\x9f\xcc\x9a5K\
\xbc^\xaf\xf2\xe3/\x98\xc3{\x02\xfe\x80\x98\x98\x18\x8c\
\x1e=\x1ayyy\x182d\x08RRR\xe0\xf5z\
C\xea\xc2\x10\x11ACC\x03\x8e\x1e=\x8a\xdd\xbbw\
\xa3\xb8\xb8\x18\x1f\x7f\xfc\xb1\xf2\x17\xae\xb2\xb2\xb2\x90\x97\
\x97\x87\x09\x13&\xa0_\xbf~\xe8\xd6\xad[\xc8\xddZ\
\xeb\xca\xa7\x03}\xf5\xd5W\xd8\xbcy36n\xdc\x88\
\xea\xeaj\xd5\xb1\x82\x8e\x05p\x03\x11\x11\x11HKK\
CVV\x16RRR\x10\x13\x13\x13\x12%`Y\x16\
\xea\xea\xeaP]]\x8d\x8a\x8a\x0a\x1c?~<\xe4\xde\
\xb3\xde\xad[7dff\x2233\x13qqqp\
\xbb\xdd\xaa#\x01\x00\x9a\x9b\x9bQ[[\x8b\x8a\x8a\x0a\
TVV\xa2\xae\xaeNu$eX\x00D\x1a\xe3\xfb\
\x00\x884\xc6\x02 \xd2\x18\x0b\x80Hc,\x00\x22\x8d\
\xb1\x00\x884\xc6\x02 \xd2\x18\x0b\x80Hc,\x00\x22\
\x8d\xb1\x00\x884\xc6\x02 \xd2\x18\x0b\x80Hc&\xd4\
_\xd7BD*\x18\x80\x09\xc3\xb8\xa0:\x07\x11)`\
\x18\xe7M\x00\xfa]\x04MD\x00p\xd4\x84\x89\xbd\xaa\
S\x10\x91\x02\x06\xf6\x9a\x00\xb6\xc0\x80\xf3\xee\xebLD\
\xd7\xd3\x00\x03[M\xb8\xcd\x8f\x00\x04\xe6\xc6\xf1D\x14\
\x9aL\xe3sx\x5c\x1f\x9ah\xb1\xce\xc24\xfe\x0f\x06\
\x9c\xf9\xd18D\xf4\xdfZ`\xe0u4\xf8j]\x88\
t\x01^\xd7\x7f\xe0\x93>\x10\x0cP\x9d\x8c\x88\x02\xcc\
e\xacG\xa4\xeb%D\x18>\x17\x5c\x06\xd0l\xf9\x10\
a\x96A0\x18\x82\x1e\xaa\xf3\x11Q\x80\xb8\x8c\xcf\xe0\
u\xcdA\xabu\x0a\x16\xe0B\x9fX\xe0t3\x00\x9c\
C\xa4\xab\x14m2\x08\x824\xd59\x89\xc8f\xa6\xf1\
)\xbc\xe6\x93hl\xfb\x0a\x96\x00}b/\xffE\xef\
X\xa0f\x1a\xe02\x80(W&\x5c\xc6:\x00\xcd\x08\
\x81\x0f.\xe0p8\x9d\x9ef\x98\xc6;\xf0\xba2\x01\
\x00\x8f\xf7\xf9\xce\xc9\x7fEz\xcc\xa5\xffF\x98@\x97\
\x88(\xb8\x8cG``\x17\x80\xba\x10X\x00\x87\xc3\xf1\
\x7f\xea``\x17\x5c\xc6#\xe8\xe2\x8e\x82\xfb\xf2\xa5?\
\x191WO\xfb\xef_\x09\xf0?q@\xf9\xf9K?\
\x09\xb4X\x80\xdb\x8c\x83\xcf\x1a\x09`\x22\x04\x83\x01\xf4\
\x04\xd0\x15\x96\x80\x88B\x8ci\x00\xc0\x05\x00\xd50\xb0\
\x17\xc0\x16\xb8\xcd\x8f\xd0b\x9d\x85\xc7\x04\xda\x04\xc8\xee\
\x06|y\xf6\xeaC\xfe\x1f\xec]\x0d,L;\xd6\xc4\
\x00\x00\x00\x00IEND\xaeB`\x82\
\x00\x00\x04\xef\
\x00\
\x00\x15\xd1x\xda\xd5XQs\xe26\x10~\xcfL\xfe\
\x83J_\xe0Z\x1cl\xc0\x04\xcf\xf4!!IK\x9b\
^s\x90\x99K\x1f\x85\x11X\x8d,\xb9\xb2\xb8\x84v\
\xf2\xdf\xbb\x92m\xb0\xb1\x1d\xb8\x1ei\xe74\xcc`k\
?\xef\xae\xbe]\xad\xd7:;C\xd3\xbb\xab\x87\xf6\x0d\
ed$\xa2\xb5\xa4\xcb@\xdd\x93g\xe5!\xa7\xe3\xb8\
hJ\x18\xc5hB8>=9K\xb1\xb7\xd4'<\
&\xed\xf1\x9cpE\x17\x94H\x0f\xa5s\x13\xb2h\xdf\
\x0a\xbel_b\xd9\x1ea\xa5\x1f2\x0f\xdea\xa9\x90\
X \x15\x10\xf8[P\x9fb\x864\x12\x01\x12\x01\x12\
\xf9\x01\x96\xd8WD\x22\x1aF\x8c\x84\xa0\x1b+*\xb8\
\x95\x18&\x04\xdd\x8eG\xd7\xef\xa7\xd7\xd3\xb3\x1ac\x96\
zV\x80>=\x89$^\x86\x18\x8dD\x18\x09\x0ez\
.I\x80?Q\x01n^\x8a\x15\x9fk\x08\xd8\x10\xe0\
\xd1\x07\xf5aE\xfd\xc7\xdd{k\x1a\xe0\x88\xc4\x1a8\
V$D\x7f\x9f\x9e \x18t\xee!)\x84\xd2\xf3\xfa\
>\x92\x22\x22R\xad\xd1L\x08\x86\xe4\x8as\xca\x97\x1e\
Z`\x16\x93\x1d\x84/\x98\x90hA\x19\x1b\xe9+\x0f\
5\xbe\xbd1\xa3Q\x09\x14+\xc5('\x1b\xac=\xb0\
\xfbN\x0d6\x0e\xf0|\x8b\x1c]\x5cu\xafF\x0d\x80\
\x01k\xbf\x90H\xa1\x05`.\xee\xc6\x80\x0e#`t\
F\x19Uk\xabR\x95\x1f\x10\xf2\xb8u\xb0s1\xbc\
\xec7>S\x93$\x10Y\xccih\xa27\x8d\x08\x01\
\xd6l\xabS\x05\x8b\x02\x1c\x13\x0fu\xb44\x91\x83\xa9\
Q\x80\xf9\x12\xb2\x84\xb35\xa4\x0b\x8d\xd1'\xccV\x04\
)\x01\xcf\xc4\xf4/brH\xbb\xc0\x88\x82\x0bH\x1d\
\xad\x14\xa2\x07\xe60c\xd5\x0e\xe9\x07\xa7>f\xc6\xda\
\xe0<3\x07\xb2\xb91TD\xcf\xc1\xd0\x92\x7f\xa4s\
\x15x\xa8\x7f~\x00\xf6'\xa27\x8e\x87\x06n\xa6Z\
g1\xa4\xb9J\xb5\xe4T\xa2w[w\x8a\xd8LK\
^g\x19\xfd\x94h,\x18H$A\xfa|Q_\xe6\
\xd1\x85\xef\x938\xa63F,)4\x13\xb9\x89\x1f%\
\x8e\x02\xea\x97\x80\x1c\x87\x00\xfc3\xbe\x97\xcd\xc6G\xcc\
\x1e!\xc1\xd1S@\x13\xe2\x1b\xadL\xb5\xe0\x93$\xfb\
\x93\xe0A\xc4\xd3-cV\xb7@\xcdo\xd2\xdd\xd1\xda\
N\x9b \xe9\x04@?$\x19\xa0'^2\x8d\xf9}\
\x97\xed\xbdH\xe8}\xb5\x9dK\x89\xd0[\xd2\xca\xf1\xbb\
\x05d|\xe4\x10\x19%\x19$N\x92\xc2 vx\xd6\
CI\xccc\xc8\xfb\xf07\xa8\x8c\x94{\xc6/\xeb^\
D\xb7d\xa1\xf2\xbe\xac=\xd4\xb4Q\x1b\xfd\x8aU\x00\
\xf4B\x99i\x9aK<\x8b\x93\x8b\x98\xf2\xa6\xb1b\xd6\
\xdcjA\x5cm\xab\xd7*\x12\xf2\xae\xe4\xc8V<!\
\xbe\x02r\x19\xc9\xd3\x92Q\xa30ey\xb0\x1e\xcf\x1e\
j\xdb\x9d\xe2\x1c\xb8\xd9\xef\x17\xa7R\x16\x9daq:\
\xe3nP\x9c\xf6\x93\xea`\xdc\xdc\x94\xb3\x22D\xe29\
]\xc5^\xaa\x01\x9d!gG.\x92\xca\x0e\xae\xd8\xe8\
;T\xc5\x8e&g\xc7\xf3\xeaHL\x8a\xd1\xd4\x03\xc3\
K\x09\xc3[+6\xc5X\xc9U.\x9c/\x07\x13\x0a\
{[\xde\xe4j}\x8eT\xbb\x93y\x9d\x8bsy\x01\
\x8e\xe5\xb4J\xe4\xbb\xbd\x8a\x1c\x09\xf1s\xb3\xf3=\xaa\
K\x93\xb2\xa2,dNu\xc8l\xfb\x0dc\xd6\xaeY\
n\xef-\xa2\xb0\x90\x82\xab\x9a0t\xfb\x15T\x1e!\
\x0c\xed\xaf#\x0eG\x0e\x83\xe9x\xaaB0\x13\xf3\xb5\
\x11V\xed\x84n\x89Y\xbb\x92\xa1nMqq\x87\xfb\
\xdd-\x22\x8c+w\xb0\xf6]_M1WR<n\
z!S1\x22,\xa1\x03l\xd4a\xd3\xb7s\xa7,\
\xcf\xf5j\xaf\x05L\x8f?\x04\xe5S\xb5\xd6\xef\x91\x8d\
{\xd6D'\xd6\xcf )\xe3}\x1cU\xc3G8\xaa\
r\x14z\xe7\x07\xe0\xb0F\xf4;\x90>\xd8\xa5I\x0f\
\xad\xf7\x16\xba\xc8*\xa6\xd2\x00\x9eWK\xcaqL\xf3\
\xe5_\x98\xb0\xddz\x1b\xddc\x19q\xfa\xff\x81\x91n\
\xef\xed\xd9\xea\x0e\xeam\x0c\x0e62Z\xcd\xa8_g\
\xc5\x87\x92\x0a\xfd\x9f\xfdP\xde\x96\xbb\x10\x9dZ\xafC\
\x9c\xfdZ\x1c\xd0\xe2\xd8\xf5+\x1e\xd6\xae\xd8\xe9\x1d\x8d\
\xd6z#\xae\xfd\x7f\xd0\xea\xba\xfbiu\xf7\xd2\xea\x0e\
\xebWl\xd7\xafxx,Z\x87\xc7\xb0q(\xab\xbd\
\xfd\xa4\xee\xcfU{?\xa7n});F\x12\xed+\
\x97\xc7\xd8\x0d\x87Rj\xef\xa5\xd4\xb1\x8f@\xa9\xfdJ\
\x9a~I\xb9{\xf9\xdc\x96\xf2\xb9\xcc\xa2&\xb6[\xd9\
\xb3\xb85-K}O\x97?\xb5\xa9n\xeb\x8c\xear\
W\xf7\xe5\xcd\xb2\xa6\xf2\xfc\xeb[Ya\x81\xefW\xe1\
\x8c\xc8\x8b\xec\xe8h\xf7\xeb\xff\x09\xb3\xc7\x8d0O\x0a\
4AK\xa2\xb2\xa3\xb9\xcd\xd1BzJ\x03\x8d\xa0i\
\x8es- |U\x84\xde\xf6\xcc\xc1\xe8\x10iG}\
7\xd6\x9d\xfeV0_\xc9|\xc3\xad\xbf\x11\xba\x9d\xec\
c-\xf9xp\xfb\x1dX\xb8\xe1\xa9x\xee\x95\xff\xb8\
gBD@\xd3f\x01\xd6\x98/(\xa7*\xc7\xc7\xe6\
\x00\xd1\xa8J\xef\xb6bbH\xb4\xd4:\x82\xc6\xf1:\
\xb9\xd1\xc5\x04\xcb\x0d\x8f\xf0\xfb\x07\xcf|$\x9d\
\x00\x00\x07>\
\x00\
\x00#\xb1x\xda\xedY\xdds\xd46\x10\x7fg\x86\xff\
A\x93\x97\x92\xf4\xce\xf7\x01\x09\xe1\xdeH\x9a\x0etR\
\x08\xb9L\x0b\x8f:{/\x16\xb1-#\xc9\xc9\x99N\
\xfe\xf7\xae\xe4o\xd9>\x1f\x0c\x0de\x06\xcf\xc0\xc5\xd6\
jw\xb5\xda\xfd\xed\xae4\x99\x90\xe5\xc5o\xef\xc7\xbf\
\xb3\x00Ny\x9c\x0av\xed\xab+\xd8\xa8\x05\x99O\xe7\
Gd\x09\x01\xa3\xe4\x12\x22\xfa\xf8\xd1$\xa7=g.\
D\x12\xc6\xaf=\x88\x14[3\x10\x0b\x92\x7f\xbb\x84\xf5\
\xf8\x9cG\xd7\xe3\x13*\xc6\xa7T\xe9If\xe2\x05\x15\
\x8a\xf05Q>\xe0\xcf\x9a\xb9\x8c\x06DS\x12\xa4$\
HI\x5c\x9f\x0a\xea*\x10\x84\x85q\x00!\xf2\xa6\x8a\
\xf1\xc8\xc9\x04\x03\x90\xf3\xd7\xa7go\x96g\xcbI\x8f\
0Gm\x14R?~\x84\x0c8\x8a{\xa7\xde%\xcc\
\xbd\xb1\xdf\x9d\xa5Oc\x90\x9a\xf0\xb5\x82\x90\xfc\xf3\xf8\
\x11\xc1\x87y\x0b\x228W\xfa\xbb~\x17\xf0)a\x02\
<\x12\x0b\x1e\x83P)a\x91\xc2\x7f\x1el\xfa\x08\x04\
\xe0\xa2V4\xf2\xfe\xa2A\x02[\xa9\x94\xa0\x91d\xb8\
\xc6a\xd2\x18\xe8\xcdV*\x97\x07\x5c\x905\x0b\x82S\
\xfd\xd7v2\x0f\x14e\x05aAJ=\x1e\x05\xa9%\
7\xe2\x22\xa4\x01\xfb\x0c\xde\x09.i\x91\xd1\xea\xe7O\
\xaa|'\xa4\x9b'\xd3Q\xfe7\x8b\x9e\xccF\xd5\xca\
\xf7\xf7wf}U\xd8a\x07\xfeM\x9b}\x81\x90\x0b\
\xb4\xe0\x0e\xfcKCW\xac'\x07\xf9\xb4\x03r\x85\x9e\
{\xe7\xf3\x00\x88\x8b\xde\xeaSIx\x84\x7fsTI\
*T\x8a\xdc1\x0fy\xd5\xe9\x05\x10&Q\x0f\x22!\
F\xe7V\xa0i\xd0\xc1}T\x98\xe0^DT\x08~\
\x87\x1fV\xdcK\xcb\x99\x93\xad\xabB\xe1\x7fkA]\
\xeb\x99\xe1\x82\x8c\x16(~\xea\xbc\x98\x0eY\x08\xa8x\
\x05:\xe0k\xcc\x0a\xfe\x86\xc5\xd3g\x03\x1cn\x99d\
\xab\x00\xce:\x18\x95\xcc\x0d\xa7\xe7\xf3\x01N\xa8?\x0b\
\x93\x10\xc3\xb8\xc5\xa9\x5c_\xf5I?\xb3Q\xf3\xdd\xcf\
\xa4\x8d[J\xe1\xa7yE:d\x14t\x86\xed\x8a\xa0\
\xb34\x05\xdb\xaa[zU\xdb\x83>V3\xef\xcc\x99\
\xe9\x1d\xdaU/\xb7C![\xd7j\xe4W+|\xab\
\x91\x03\xf2\xc4V\x18\x0dds\xea\x8a\x00\x1dF\x84\x22\
]\x81\xcb\xd9\xf7\x8e\x08\x11<A\x9c\xf4PqW\xd1\
\xe8\x1a\xbfH\xbeV\xb8$\xf9)\xa1\xd2\x07I\xd6\x82\
\x87&\x19\xac\xb8R<\x1c\x95Lb\x01\x12\xc4-\xc3\
\xcc\xa0\x87e\x88\x90\xec\x93\x90\xdf\x9a\x8cP\xa4\x10\xa4\
\xbae<\x91\xe4\x16\x84\xac+\xb3=x2\xf1/C\
T\xaf\x0fp\x9a\xa8\x81\x96\xd1\xbe\xbbO&\xf8;?\
\x1e\xd8\xa2\x8c\xfd\xfb\xa5K\x03\xa8\xb1\x9f\xe1n\xd4%\
\x9b\x80\x98\xcdwb\xf6\xa1\xcdl\xfc\x15\xcc0\x18_\
\xea}\xa81\xea\xc0`\xed\x94\xb3aN\xcbX\x8f\x0d\
\xb2j \xc9t~\xd8\xe1Q\xa7<\x8c\xd1\x99V,\
`\xaa\x14\xc4@\xee\xb8\x9d\x1aG\x97(\xb6\x03\xbe\x06\
V\xa1g^\xf1\xb89\xd1I;\xc0c\x80\x91F\xee\
\x0eF;\xcc\xeaB\xde\xa6H\xbe\xfa\x88\xf1\xf3\x86\x86\
\xb0 {\x01\x16:\x18\x9dX\xea\xec\x15\xe3\xf5\xea\xa5\
\xa8`\x5cZN\xd7\x8f\xc9\x06Y]\xe3T\xa6i\x22\
f5\xdc\x14\xaf\x1f\x1a\xb9>\x17\xd2\xc9\xa2tA0\
\x8d\xe1\xe6\xe6\xafm2\xfc\x8f}\xe6X\xb8\x05\xa7H\
\xa6\xeb\xc2|\x82=P\x97a\xd2\xfa\x1a]\xe8-\x16\
\x9f,Z\x98u9'\xb9\x88\x0e\xba\x051AQ_\
\xba1\x97\x99\xeel\x8c\x11\x9c,\x0fN\xea\xc8_#\
J3\x22\xbf\xb5`\xfdl\xb2\x98\xcb\xccR\x8f\xe9&\
Y\xda&\xfb\x90\x935\x09O\xc0\xa7\x88V\x02\x0b\x86\
\x9c\xb7\xad\xba~\xde$\xe1\x0a0Jsx\xed\x22\xd1\
\x8f\x97\x083\xbe /\xa6\xdd\x14@%\xa2\xa7\xa3\xd2\
\x18\x95;\xcb^\xde&X\xfbR\xaf=\xe1\xbe\xf9\xe9\
~\x9b\xee\xe9\xff^\xf7\xcee\xd4\x97\x90\xd7\x08\x96~\
;\xa8_\xa9~\xdc\xa1\xfa\xcej\xf7\xe9Xbb\x95\
I\x11h%\xc1\xe8!\x9e\xa0w\x11\x96\xf7B*\xa7\
Ne\xcf`\x82\x04\xa6\x9a\xc4\x98S\x92`\x0f\x07\x91\
GV\xe0c\xcfb\x92f++\x8f\x1a,$\xd7T\
L\xe4)\x99\x80w\x0d\x99\x06>\xf3\xb0\xd5\xc3(7\
|RBc,\x95\x05Q\x9c\x5cc\xfd\xda`\x12Q\
\x85\x96\x0a\x10\xf1\xca\x0c\x8f\x81\xf6\x8b4\x88\xdbP\x7f\
R\xbd\xd8@V\x80Y\x00k\x85@l\xfbd\x0ej\
U\x94\x9bR\xf5\xa8\xab\x1a\xcc\xa3\x13l4/C\xdd\
f3}\x819\xa0\x98\x93%:+\xea\x17dl\xc6\
\xfb\x12\xc5\x97\xc2\x9aI\x13\x5c\xe5\xde5.d\x9bt\
\xbd-\x1a\x8b9\xdf$\x1e\x8f\x1f\x1aK6?\x8e\xda\
\xe6\xb8\xa0K\x97\x22\xeb\xe9\xce\xbb\xc8t]T\x8aa\
qd\x94X\xa0W$\xad]-\x85\x5c`\x1d\xda\xb7\
\xe8\xb2\xbd\xcf]\xdaj\xf7\xedG*\xc1o\xe0\x8b'\
d\xade_\xc7\xb5\xad\xfbjw<\xba\xa9v\x8eF\
v\x80\x1d\xedwO\xdc\xef2\x8b~>r\x16-U\
\xaaSmi%\xe7Rc\xd9\x1f8\xd27K*D\
\xc1\xf7\x0b2\xdd2\xfc\xa1\x84\x98\x9eJ\xa0x\xb4\xc8\
s\x16A\xdf\xe6\xe4PR0\xabV\xfb\xeci\xff\x84\
\xb4W\xb9\xfbo\xa9\xc7V\x05\xec\xe5\xff\x17\xdaL\xbf\
\x85\x06_\x99\xfb\xfb2\x8b9\xe6|\xe0\xd4rx\x88\
}\xe0wL-?3\xcb\xcf\xcc\xf23\xb3<Xf\
) \xe6\xdb\xa4\x96\x92[\x0dO\x9e\x7f\x8f\xdc\xd2T\
d\xab\x06-\x0b<|v\xd9U\x85\xafL/\xad\xb6\
\x8d\xc9\xda\x99'\xbeH\x16&\x01\xbe\x02O$\xf6D\
\xba\x1d2\x87\xff\xba\x95\xaa\x1f\xfa\xb7\x1b\xba\x13pi\
\x22\x91\x09\xb6r\xd9\x9eGp\x8b\xcd\x9d\xeb#s\xdd\
\x97\xe9\x03!3\xea\xb7\x0e\x9d\x0f\xb2v\x0f$\xca\xc6\
\x9e\x90\xdfH\x12\xb0\x1b \x94\x98I\xed\xd3YD=\
\x1f\x84\xc5\x81b\xc7\x97k\xab\x14u}\x9c\x81\x1d\x1f\
\xcdo-P\x1d\xf7\xa6\xaf\xa1\xbb,9w\xe4^\xbd\
n{\xd3;\x8f\xba\x90n\xcf&\xecF\xc6&\x8d\xdb\
\x8dMM\xa2\x15\x17\x1e\x08\xc7\x1d\xc6\xb1\x9c\xf2n\x10\
\xc0\xba\x80\xab\x09X[\xc0\xaa\x05R\x0d\xdf\xaa\x8e\x05\
\x04\xf5X\x22\x89\x071v\xf7\xfa\x0e*g\x9ama\
\xb6m\x99G8\xad\xf9/\x89\xc2\xd6\xdc\xdc_ib\
\xc0\x12B\xbbIHY\x84\x0e\xd5\xf6\x8b\x16\x03\xa4S\
\xe6\xeejM\xb0\xcd\x8f\xf4!=\x8b\xb4SD\x04\x82\
\x80\xc5\x12ZB'V9b\xd4_\xf4]\xa5\x945\
\x981\xd2\xfc\xb8\xc3\xa2\xc7\x03v\xeb\xca\x8a\xbb\x9e\xb9\
\xac\xa9\x0b\x1a\xc0SI\xdc\x80c\xf4)s&\x82?\
qq\xf3\xd0sx\x22\xe0\x9a\x0a/\x00)5\xa1\x8f\
\xf1aLmn8\xa8 +pyX\x9dk\xefz\
\x00\xa2\xf5\xd9%T^\xe1\xa6\xec\x0d\xd5\xb2\xddE\xac\
U\xa3Nm.\xa9M2{\xba\x83\xa7\x9eSq\x0d\
\xc4e\xc2M\x02\x5c>\xa4\x88X.V\xbc\x0a2\x93\
\x044\xba\x19\x11\x19h\x1d\x82\xb45\xdd\xe5\xd1\x1a\xc1\
\xcf#\xb0\xd1\xf7A\xfa\x86\xa7:OB\xbfE\xdf\x8d\
p\xa7\xb0\x9a\xbb\x1e\xf4\xb8^,j\x9c2\xa5\x9d\xb5\
\x93\x1d\xf33\xe7xd6\xa5n\x8f\xae\xb2\xa3\xb0\xee\
]\xfd.\xc2\xca\x5c\x16\x9f\xf9\xb3\xc36Y\xda\x22\x9b\
M\x0f\xbb\xf8\xd5q\xacq\xc5o\x13\x16\x01X;\x1f\
\xdf\xad\xb2\xdc\x9a\xb4\x07\x8d\x9c%\xe2\xefo\xe5\xa3\xd9\
\x8fdd\xebO\xfc\xb9\xff\x17\xdf\x10\xf5\x9e\
\x00\x01\xd4\xf5\
\x89\
PNG\x0d\x0a\x1a\x0a\x00\x00\x00\x0dIHDR\x00\
\x00\x07\xd0\x00\x00\x07\xd0\x08\x06\x00\x00\x00\x9a8\xc4y\
\x00\x00\x10\x00IDATx\x01\xec\xdd{l\x9e\xd7\
}'\xf8\xf3\xd2\xa4\xcd\xd8\xa4cEf\xa5(I]\
\xa9pl\x94\xcd\x88\xbb\x01\xed\xc4\x09$6\x8e\xdbT\
\x22\x10%T\x13Q\x02$\xfe\xe3BE\x124-\xda\
Hm\x038M\x9aJA\x91\xa2\xadA\x14\xc8?u\
\x19$\x7f\x98(\x0a\xd0\xc8\xb2\x96Z\xcdz\x8bY\xec\
`\xb0\x9b\xed\xce\x04\xd8\xddb\xa7\xbbh3MzK\
\xda:n\xea\xb8\xe1\xea\x91L\xeb\xc2\xdb{y.\xe7\
\x9c\xe73\x08\xf5\xbe|.\xe7\xfc\xbe\x9f\xf3\xa2C\xf3\
\xa7\xe7h(\xf8\x7f\xf5\x09\xfc\xe4\xde\x9f\x0c3{\xd6\
\xc2;\xee_\x0b\x07w\xad\x85\x07\xef]\x0bo\xb9g\
-L\x8c\xae\x85\xb1\xe1\xb5\xab\x85\xf8\x0a\x81\x01\x03\x9f\
\x01\x9f\x01\x9f\x01\x9f\x01\x9f\x01\x9f\x01\x9f\x01\x9f\x01\x9f\
\x01\x9f\x01\x9f\x81\xf2?\x03L\x99\xfa\x0c\xf8\x0c\xf8\x0c\
\xf8\x0c\xf8\x0c\xf8\x0c\xf8\x0c\xf8\x0c\xf8\x0c\xf8\x0c\xf8\x0c\
\xa4\xf4\x19x\xdd\x1dk\xe1Mw\xaf\x85\xb7\xdd\xb7\x16\
\x0e]\xed/^m$\xfa_=\x02\x897\xd0\xebA\
\xeai\x96\xb7\xbfa-\xec}\xdd\xe6\xff\x07h\xf5\x1b\
\xffC\xf8\x1f\xbf\x19\xc2\xff\xf2w!\xfc\xd9\xb7B\xf8\
\xf3\x7f\x0a\xe1/\xbf\x13\xc2\xdf~7\x84\x17_\xe9i\
\x1a\x17\x13 @\x80\x00\x01\x02\x04\x08\x10 @\x80\x00\
\x81\xf6\x08HJ\x80\x00\x01\x02\x04\x08\x10 @\x80\x00\
\x81\x96\x09\xfc\xcb\xbf\x85\xf0\xf5\x97B\xf8\xcf\xdf\x0e\xe1\
\x7f\xba\xda_\xdc\xaa\xf9\xff\xe6\xabMv\x0d\xf6R?\
\x1c\x1a\xe8\xfdr\x16\x1f\xc4]wnl\x94\xff\xaf\xff\
\x10\xc27\xfe\xa5\xbbQ]E\x80\x00\x01\x02\x04\x08\x10\
 @\x80\x00\x01\x02\x04\x08\xe4/ !\x01\x02\x04\x08\
\x10 @\x80\x00\x01\x02\x04\xaa\x12\xf8\xab\xabM\xf6\x9b\
\x1b\xecC\x9d\xb5\xf0Cck\xe1\x897\xfeiUS\
\xe6>\xae\x06z\xb7+\x5c|\xc8\xf6\x8c\xdeh\x98\x17\
\x1f\xc4o\xbd\xdc\xed\xddY^'\x14\x01\x02\x04\x08\x10\
 @\x80\x00\x01\x02\x04\x08\x10 \x90\xbf\x80\x84\x04\x08\
\x10 @\x80\x00\x01\x02\x04\x08$$\xf0\xfd\xab\xed\xcc\
\xff\xf7\xc5\x10.\xff\xf5\xbb\xafV}\xf5\x9b\xb0\x16\x8a\
\xed\xe0\xa7w\x17\xef\xaf\x1e\xf2\xbf\x9d\x044\xd0\xb7\x13\
*\xfevF\xe7\xea\x87\xaa\xd8\x12\xa1\xf8\x90}\xf3\xbb\
\xdb]\xed\x5cZ\x02\xaa%@\x80\x00\x01\x02\x04\x08\x10\
 @\x80\x00\x01\x02\x04\xf2\x17\x90\x90\x00\x01\x02\x04\x08\
\x10 @\x80\x00\x81b;\xf8\xff\xf4\xf7\x85C\xd1D\
_\x0bo\xb8k-\xfc\xd8\x9e\xe2}q\xcc\xd7m\x02\
\x1a\xe87\x83<\xbe\xf7\xfba|\xa4\xf8\xb0\x5c\xff*\
\xfevF\xf1\xee\xe6k\xbc'\x10\x85\x80\x22\x08\x10 \
@\x80\x00\x01\x02\x04\x08\x10 @\x80\x00\x81\xfc\x05$\
$@\x80\x00\x01\x02\x04\x08\x10 P\x81\xc0?\xfck\
\x08\xff\xfe\x9b\xc5\xc0k\xe1\x9ea\xcd\xf4B\xe2\xa6/\
\x0d\xf4\x02c\xbdi\xfe'\xdf\xe8\x84\x7f\xfe^q\xc4\
\x17\x01\x02U\x0a\x18\x9b\x00\x01\x02\x04\x08\x10 @\x80\
\x00\x01\x02\x04\x08\x10\xc8_@B\x02\x04\x08\x10 @\
\x80\x00\x81\xf8\x05\xbe\xf3\xca\x8df\xfa\xf5\x9ei\xfc5\
W\x5ca{\x1b\xe8\x07\xc6\x8ag\xcb\xaf\x7fi\x9aW\
\xfc13<\x81\xbc\x04\xa4!@\x80\x00\x01\x02\x04\x08\
\x10 @\x80\x00\x01\x02\x04\xf2\x17\x90\x90\x00\x01\x02\x04\
\x08\x10 \xd0:\x81\xeb=\xd3\xeb\xfd\xd3\xb7\xde[\xbc\
\xb6\x8e\xa0\x08\xdc\xbe\x06\xfa\xdd\xc3\xc5b\xaf\x85\xff\xfa\
b\x91\xdf\x17\x01\x02\x04\xda& /\x01\x02\x04\x08\x10\
 @\x80\x00\x01\x02\x04\x08\x10 \x90\xbf\x80\x84\x04\x08\
\x10 @\x80\x00\x81\xc1\x04\xfe\xef\x7f*\xee_\x0b\xaf\
\xbf\xb3\xe8\xad\x16\xef[\xf3\xd5\x8e\x06\xfa\x8f\xedY\x0b\
wt\x8a\xc5]\x0b/\xbd\xd2\x9a\xc5\x15\x94\x00\x01\x02\
\xf9\x09HD\x80\x00\x01\x02\x04\x08\x10 @\x80\x00\x01\
\x02\x04\x08\xe4/ !\x01\x02\x04\x08\x10 \x10\x8d\xc0\
?\xbe\x5c\x94\xb2\x16\xee\x1cZ\x0bO\xbc\xf1O\x8bo\
r\xff\xca\xbb\x81~\xf8j\xe3\xbcs\xb5q\xfe\xef\xbf\
\x19\xc2\xbf\x15\xfd\xf3\xdc\x97S>\x02\x04\x08\x10\x88Z\
@q\x04\x08\x10 @\x80\x00\x01\x02\x04\x08\x10 @\
\x80@\xfe\x02\x12\x12 @\x80\x00\x81\x1c\x05^\xfe~\
\x08\x97\xff\xfa\xdda\xf8j#\xfd}o\xfew9F\
\x5c\xcf\x94g\x03\xbd\xf8\xdb\x0f\xc5\x13\xe7/\x5cm\x9c\
\xafi\x9c\xaf/\xb6W\x02\x04\x08\x10 0\x88\x80{\
\x09\x10 @\x80\x00\x01\x02\x04\x08\x10 @\x80\x00\x81\
\xfc\x05$$@\x80\x00\x01\x02\xdb\x0a\xbcr\xb5\x91\xfe\
G\x7f\xf5g\xd7\x9eH\xdf\xf6\xc2tO\xe6\xd7@\x1f\
\x19Z\xbb\xf6\xb7\x1f<q\x9e\xee\xa7R\xe5\x04\x08\x10\
 @\xa0|\x01#\x12 @\x80\x00\x01\x02\x04\x08\x10\
 @\x80\x00\x01\x02\xf9\x0bHH\x80\x00\x01\x02u\x09\
\x14O\xa4\x87\xb0\x16\xc6F\xb2{\x9a9\x9f\x06\xfa\xee\
\xbb\x8a\xc5Y\x0b\xdf\xfb~]\x1f\x0b\xf3\x10 @\x80\
\x00\x01\x02\x04j\x120\x0d\x01\x02\x04\x08\x10 @\x80\
\x00\x01\x02\x04\x08\x10 \x90\xbf\x80\x84\x04\x08\x10HP\
\xe0\xc5\xef\x15E\xaf\x85\xfdcE\xaf\xb6x\x9f\xfcW\
\xfa\x0d\xf4\xff\xfe\x0d\xc5b\xac\x85\xbf\xff\xd7\xe4\x17C\
\x00\x02\x04\x08\x10 @\x80@\x96\x02B\x11 @\x80\
\x00\x01\x02\x04\x08\x10 @\x80\x00\x01\x02\xf9\x0bHH\
\x80@\xbb\x05\xfe\xe2\xc5\x22\xffZx\xd7D\xd1\xbb-\
\xde'\xfb\x95v\x03\xbd\xd8\xae\xfd\x7f\xfb\x87d\xf1\x15\
N\x80\x00\x01\x02\x04\x08\x10 \x10\xbf\x80\x0a\x09\x10 \
@\x80\x00\x01\x02\x04\x08\x10 @\x80\x00\x81\xfc\x05$\
$@\xa0$\x81\xff\xf0\xb7!\xdc=\x9ct\x13=\xcd\
\x06\xfa\xde\xd7\x15\xe8\xb6k/\xe9sl\x18\x02\x04\x08\
\x10 @\x80\x00\x81l\x05\x04#@\x80\x00\x01\x02\x04\
\x08\x10 @\x80\x00\x01\x02\x04\xf2\x17\x90\x90@\x5c\x02\
/\xbdR\xd4\xb3\x16\xderO\xd1\xd3-\xde'\xf5\x95\
V\x03\xfd\x897\xfe\xe9U\xdd\xb5\xf0\x8d\x7f\xb9\xfa\xe2\
\x7f\x04\x08\x10 @\x80\x00\x01\x02\x04\x08\xe4- \x1d\
\x01\x02\x04\x08\x10 @\x80\x00\x01\x02\x04\x08\x10 \x90\
\xbf\x80\x84\xd9\x0a\xfc\xe5wB\x18\xea$\xd7DO\xa7\
\x81\xfe\xe6\xbb\xd7\xc2\xe5\xbf~w\xb6\x1f \xc1\x08\x10\
 @\x80\x00\x01\x02\x04\x08\x10\xc8K@\x1a\x02\x04\x08\
\x10 @\x80\x00\x01\x02\x04\x08\x10 @ \x7f\x01\x09\
\xb7\x17\xf8\xfe\xb5\xfe\xf9Z(z\xbd\xdb_\x19\xcd\xd9\
4\x1a\xe8wt\xd6\xc2_\xbd\x14\x0d\x9aB\x08\x10 \
@\x80\x00\x01\x02\x04\x08\x10 \x90\xbb\x80|\x04\x08\x10\
 @\x80\x00\x01\x02\x04\x08\x10 @\x80@\xfe\x02\xb5\
%,z\xbdE\xcf\xb7\xb6\x09\xfb\x9f(\xee\x06\xfa\xf4\
\xee\xe2\xaf$\xac\x85\x7f+^\xfa\x0f\xe9N\x02\x04\x08\
\x10 @\x80\x00\x01\x02\x04\x08\x10h\x95\x80\xb0\x04\x08\
\x10 @\x80\x00\x01\x02\x04\x08\x10 @\x80@l\x02\
\xd7{\xbek\xe1\xf0\x9e\xb2\x9a\xbf\x95$\x8c\xb7\x81\xfe\
\x03\xa3k\xe1?\xfd}%\xa1\x0dJ\x80\x00\x01\x02\x04\
\x08\x10 @\x80\x00\x01\x02\x04\xe2\x15P\x19\x01\x02\x04\
\x08\x10 @\x80\x00\x01\x02\x04\x08\x10\xc8X\xe0\x85o\
\x86\xf0\xf0\xeb\xa3m\xa2\xd7\xd7@\xefe\x8d\xef\x1cZ\
\x0b\x7f\xf3\xdd^\xeep-\x01\x02\x04\x08\x10 @\x80\
\x00\x01\x02\x04\x08\x10 \x10\x83\x80\x1a\x08\x10 @\x80\
\x00\x01\x02\x04\x08\x10 @\x80\xc0N\x02\xff\xe7?\x86\
\xf0\x86\xbb\xa2l\xa2\xc7\xd7@\xef\x84\xb5\xf0\xf2\xf7w\
\x22\xad\xfd\xbc\x09\x09\x10 @\x80\x00\x01\x02\x04\x08\x10\
 @\x80\x00\x81\xfc\x05$$@\x80\x00\x01\x02\x04\x08\
\x10 @\x80\x00\x81\x9a\x04\xfe\xe1_C(\x1e\xac\xae\
i\xban\xa7\x89\xad\x81\xbev\xb5}\xdem\xed\xae\xeb\
^\xc0\x95\x04\x08\x10 @\x80\x00\x01\x02\x04\x08\x10 \
@\x80@\xfe\x02\x12\x12 @\x80\x00\x01\x02\x04\x08\x10\
 @ -\x81\xeb\x0fVG\xf5$z\x1c\x0d\xf4w\
M\x14(\xc5WZ\x0b\xaa\xda\x9a\x04LC\x80\x00\x01\
\x02\x04\x08\x10 @\x80\x00\x01\x02\x04\x08\xe4/ !\
\x01\x02\x04\x08\x10 @\x80\x00\x01\x02-\x16X\x0b\xff\
nW\x14\xfd\xe2\xe6\x1b\xe8o\xbbo-\xfc\x87\xbfm\
\xf1gA\xf4\xec\x05\x04$@\x80\x00\x01\x02\x04\x08\x10\
 @\x80\x00\x01\x02\x04\xf2\x17\x90\x90\x00\x01\x02\x04\x08\
\x10 @\x80\x00\x81\xc1\x04\xfe\x8fo\x85\xb0\x7f\xac\xf1\
&z\xb3\x0d\xf4\x07\xef]\x0b\xff\xf9\xdb\x83A\xba\x9b\
\x00\x81J\x05\x0cN\x80\x00\x01\x02\x04\x08\x10 @\x80\
\x00\x01\x02\x04\x08\xe4/ !\x01\x02\x04\x08\x10 @\
\x80\x00\x81(\x04\xfe\xe2\xc5\xc6\x9b\xe8\xcd5\xd0\x1f\xb8\
g-\xfc\xf9?E\xb1\x0e\x8a @ [\x01\xc1\x08\
\x10 @\x80\x00\x01\x02\x04\x08\x10 @\x80\x00\x81\xfc\
\x05$$@\x80\x00\x01\x02\x04\x08\x10\xc8I\xa0h\xa2\
\xbf\xe9\xee\xc6\x9eDo\xa6\x81\xbe\xefj\xe0\xff\xef;\
9-\xa3,\x04\x08\x10\xa8@\xc0\x90\x04\x08\x10 @\
\x80\x00\x01\x02\x04\x08\x10 @\x80@\xfe\x02\x12\x12 \
@\x80\x00\x01\x02\x04\x08l\x10\xf8\xfaK!\xbc\xf9j\
Oy\xc3\x89\xea\x0f\xd4\xdf@/\x82\xfe\xb7\xab\x81\xab\
\xcff\x06\x02\x04\x08\x10hR\xc0\xdc\x04\x08\x10 @\
\x80\x00\x01\x02\x04\x08\x10 @\x80@\xfe\x02\x12\x12 \
@\x80\x00\x01\x02\x04\xaa\x12\xf8\xab\xab=\xe5\xa2\xb7\x5c\
\xd5\xf8[\x8c[o\x03\xfd\x87\xc7\xd7B\x11t\x8bb\
\x1c&@\x80\x00\x01\x02\xb1\x08\xa8\x83\x00\x01\x02\x04\x08\
\x10 @\x80\x00\x01\x02\x04\x08\x10\xc8_@B\x02\x04\
\x08\x10 @ r\x81\xa2\xb7\x5cs\x13\xbd\xbe\x06\xfa\
\xe4}k\xe1\xff\xf9\xe7\xc8W@y\x04\x08\x10 @\
 \x0b\x01!\x08\x10 @\x80\x00\x01\x02\x04\x08\x10 \
@\x80\x00\x81\xfc\x05$$@\x80\x00\x01\x02\xed\x10(\
\x9a\xe8\xc5\x83\xda5\xa5\xad\xa7\x81\xfe\xd8\xc4Z\xf8\xda\
\xb7k\x8ad\x1a\x02\x04\x08\x10 @ m\x01\xd5\x13\
 @\x80\x00\x01\x02\x04\x08\x10 @\x80\x00\x01\x02\xf9\
\x0bHH\x80\x00\x01\x02\x04z\x10(\x1e\xd4\x9e\xda\xb5\
\xd6\xc3\x1d}_ZO\x03\xfd\x7f\xfe\xdb\xbe\x0bt#\
\x01\x02\x04\x08\x10 @ )\x01\xc5\x12 @\x80\x00\
\x01\x02\x04\x08\x10 @\x80\x00\x01\x02\xf9\x0bHH\x80\
\x00\x01\x02\xf5\x0b\xfc\xef\xdf\x0a\xe1\xf1\xbd\xdf\xafz\xe2\
:\x1a\xe8\xb5\xfcM\x80\xaa\xa1\x8cO\x80\x00\x01\x02\x04\
\x08\x10h\x83\x80\x8c\x04\x08\x10 @\x80\x00\x01\x02\x04\
\x08\x10 @\x80@\xfe\x02\x12\x12 @ Y\x81?\
\xf9F\xa7\xea\xda\xabm\xa0\xdf9\xa4y^\xf5\x0a\x1a\
\x9f\x00\x01\x02\x04\x08\x10 @`]\xc0+\x01\x02\x04\
\x08\x10 @\x80\x00\x01\x02\x04\x08\x10 \x90\xbf\x80\x84\
\x04\x08\xb4]\xa0\xd3\xa9\xb4\x07]]\x03}bt-\
\xbc\x5c\xf9\x13\xf4m\xffx\xc8O\x80\x00\x01\x02\x04\x08\
\x10 \x90\x8d\x80 \x04\x08\x10 @\x80\x00\x01\x02\x04\
\x08\x10 @\x80@\xfe\x02\x12\x12 0\xb0\xc0\xda\xd5\
\xfe\xf9=\xc3W\xff\x18x\xa4M\x07\xa8\xa6\x81>y\
\xdfZ\xf8\xdb\xefn:\xa1\x83\x04\x08\x10 @\x80\x00\
\x01\x02\x04\x08d( \x12\x01\x02\x04\x08\x10 @\x80\
\x00\x01\x02\x04\x08\x10 \x90\xbf\x80\x84\x04b\x11\xf8\xce\
+!\xbc\xe5\x9eJ\x9a\xe8\xd54\xd0\xbf\xf6\xedX\xe8\
\xd4A\x80\x00\x01\x02\x04\x08\x10 @\x80\x00\x81\x1d\x05\
\x5c@\x80\x00\x01\x02\x04\x08\x10 @\x80\x00\x01\x02\x04\
\x08\xe4/ af\x02\x7f\xf9\x9d\x10\xde\xb3\xb7\xf4&\
z\x15\x0d\xf4\xd2\x8b\xccl)\xc5!@\x80\x00\x01\x02\
\x04\x08\x10 @\x80@\x99\x02\xc6\x22@\x80\x00\x01\x02\
\x04\x08\x10 @\x80\x00\x01\x02\x04\xf2\x17\x90p3\x81\
+\xdf\xd8\xec\xe8@\xc7\xcam\xa0W\xb8\xd7\xfc@)\
\xddL\x80\x00\x01\x02\x04\x08\x10 @\x80\x00\x01\x02\x91\
\x0a(\x8b\x00\x01\x02\x04\x08\x10 @\x80\x00\x01\x02\x04\
\x08\x10\xc8_\xa0\xc2\x84c\xc3\xa5>\xe0]^\x03\xfd\
\xc1\xf1\xb5P\xec5_avC\x13 @\x80\x00\x01\
\x02\x04\x08\x10 @\x80\x00\x81\xa8\x04\x14C\x80\x00\x01\
\x02\x04\x08\x10 @\x80\x00\x01\x02\x04\x084+\xf0\xe2\
+!<toiM\xf4M\x1b\xe8}%\xfc\xf3\x7f\
\xee\xeb67\x11 @\x80\x00\x01\x02\x04\x08\x10 @\
\x80\x00\x01\x02\xcd\x08\x98\x95\x00\x01\x02\x04\x08\x10 @\
\x80\x00\x01\x02\x04\x08d!\xf0\x7f\xfdSi1\xcaj\
\xa0\x97\xd6\xd1/!\x99!\x08\x10 @\x80\x00\x01\x02\
\x04\x08\x10 @\x80\x00\x81\xfc\x05$$@\x80\x00\x01\
\x02\x04\x08\x10 @\x80\x00\x01\x027\x04\x86\x87J\xe9\
Y\x0f\xde@\x7f\xd3\xdd\xa5\x14r#Y\xdb\xdf\xc9O\
\x80\x00\x01\x02\x04\x08\x10 @\x80\x00\x01\x02\x04\x08\xe4\
/ !\x01\x02\x04\x08\x10 @\x80\x00\x01\x02\x04\x08\
\x94*\xf0\xca\xf7C806p\xefz\xf0\x06\xfa\xd7\
_*5\x97\xc1\x12\x17P>\x01\x02\x04\x08\x10 @\
\x80\x00\x01\x02\x04\x08\x10 \x90\xbf\x80\x84\x04\x08\x10 \
@\x80\x00\x01\x02\x04\x08\x10\x88Q\xe0\xbf\xbe8pU\
\x835\xd0G\xef\x18\xb8\x83?p\x02\x03\x10(Q\xc0\
P\x04\x08\x10 @\x80\x00\x01\x02\x04\x08\x10 @\x80\
@\xfe\x02\x12\x12 @\x80\x00\x01\x02\x04\x08\x10 \x90\
\xb1\xc0\x80[\xb9\xf7\xdf@\x7f\xf4\xfe\xb5\xf0\xdd\x7f\xcb\
XV4\x02\xc9\x09(\x98\x00\x01\x02\x04\x08\x10 @\
\x80\x00\x01\x02\x04\x08\x10\xc8_@B\x02\x04\x08\x10 \
@\x80\x00\x01\x02\x04\xb6\x13(\xb6r\x9f\xbc\xaf\xef\x07\
\xc1\xfbo\xa0\xff\xc7\xbf\xdb\xae,\xe7\x08\x10 \xd0\xa3\
\x80\xcb\x09\x10 @\x80\x00\x01\x02\x04\x08\x10 @\x80\
\x00\x81\xfc\x05$$@\x80\x00\x01\x02\x04\x08\x10 P\
\x83\xc0\xd7\xbe\xdd\xf7$\xfd5\xd0\xdftw\xdf\x1d\xfb\
\xbe+u#\x01\x02\x04b\x16P\x1b\x01\x02\x04\x08\x10\
 @\x80\x00\x01\x02\x04\x08\x10 \x90\xbf\x80\x84\x04\x08\
\x10 @\x80\x00\x01\x02\xe9\x08\xfc\xc0h_=\xed\xfe\
\x1a\xe8_\x7f)\x1d\x18\x95\x12 @\x80\xc0\x8e\x02.\
 @\x80\x00\x01\x02\x04\x08\x10 @\x80\x00\x01\x02\x04\
\xf2\x17\x90\x90\x00\x01\x02\x04\x08\x10 \xd0*\x81\xbf\xf9\
n_q{o\xa0\x8f\x0c\xf5\xd5\xa9\xef\xab:7\x11\
 @\x80\x00\x81\x9d\x05\x5cA\x80\x00\x01\x02\x04\x08\x10\
 @\x80\x00\x01\x02\x04\x08\xe4/ !\x01\x02\x04\x08\
\x10 @\xa0w\x81\xbb\x87{\xeem\xf7\xde@\xff\xde\
\xf7{/\xcc\x1d\x04\x08\x10 @\x80\xc0\x16\x02\x0e\x13\
 @\x80\x00\x01\x02\x04\x08\x10 @\x80\x00\x01\x02\xf9\
\x0bHH\x80\x00\x01\x02\x04\x084\x22\xf0\xd2+=O\
\xdb[\x03\xfdNO\x9f\xf7,\xec\x06\x02\x04\x08\x10 \
\x90\xb3\x80l\x04\x08\x10 @\x80\x00\x01\x02\x04\x08\x10\
 @\x80@\xfe\x02\x12\x12 @\x80\x00\x81\x94\x05z\
\xecq\xf7\xd6@\x7f\xd9\xd3\xe7)\x7f6\xd4N\x80\x00\
\x01\x02\x04\x08\xdc*\xe0;\x02\x04\x08\x10 @\x80\x00\
\x01\x02\x04\x08\x10 @ \x7f\x01\x09\x09\x10 @\xa0\
\xe5\x02=\xf6\xb8\xbbo\xa0\xdf\xd3\xfb\xfe\xf0-_\x0a\
\xf1\x09\x10 @\x80\x00\x01\x02U\x0a\x18\x9b\x00\x01\x02\
\x04\x08\x10 @\x80\x00\x01\x02\x04\x08\x10\xc8_@B\
\x02\x04\x08\x10(C\xa0\x87^w\xf7\x0d\xf4\xef\xf4\xbe\
?|\x19Y\x8cA\x80\x00\x01\x02\x04\x08\x10 \x90\xa3\
\x80L\x04\x08\x10 @\x80\x00\x01\x02\x04\x08\x10 @\
\x80@\xfe\x02\x12\x12 @ \x12\x81\x1ez\xdd\xdd5\
\xd0{\xe8\xc8GB\xa0\x0c\x02\x04\x08\x10 @\x80\x00\
\x01\x02\xd5\x09\x18\x99\x00\x01\x02\x04\x08\x10 @\x80\x00\
\x01\x02\x04\x08\x10\xc8_@B\x02\x04\xf2\x12\x18\xebn\
\xc7\xf5\xee\x1a\xe8=t\xe4\xf3R\x94\x86\x00\x01\x02\x04\
\x08\x10 @\x80@~\x02\x12\x11 @\x80\x00\x01\x02\
\x04\x08\x10 @\x80\x00\x01\x02\xf9\x0bHH\x80\xc0m\
\x02/v\xb7\xe3\xfa\xce\x0d\xf4]w\xae\xdd6\xb4o\
\x09\x10 @\x80\x00\x01\x02\x04\x08\x10 \xd0\x94\x80y\
\x09\x10 @\x80\x00\x01\x02\x04\x08\x10 @\x80\x00\x81\
\xfc\x05$$P\x8d\xc0\x9b\xee\xde\xb1\xf7\xbds\x03\xfd\
[/WS\x9cQ\x09\x10 @\x80\x00\x01\x02\x04\x08\
\x10 \xd0:\x01\x81\x09\x10 @\x80\x00\x01\x02\x04\x08\
\x10 @\x80\x00\x81\xfc\x05$\x8cV\xe0\xeb/\xedX\
\xda\xf6\x0d\xf4\x1f\xbdo\xc7\x0e\xfc\x8e3\xb8\x80\x00\x01\
\x02\x04\x08\x10 @\x80\x00\x01\x02\x04\xf2\x10\x90\x82\x00\
\x01\x02\x04\x08\x10 @\x80\x00\x01\x02\x04\x08\x10\xc8_\
 \xf7\x84;\xf4\xc0\xb7o\xa0\x7f\xed\xdb\xb9\xf3\xc8G\
\x80\x00\x01\x02\x04\x08\x10 0\xc6\x1b\xa0\x00\x00\x10\x00\
IDAT@\x80\x00\x01\x02-\x11\x10\x93\x00\x01\x02\
\x04\x08\x10 @\x80\x00\x01\x02\x04\x08\x10\xc8_`\xc7\
\x84;\xf4\xc0\xb7o\xa0{\xfe|G_\x17\x10 @\
\x80\x00\x01\x02\x04\x08\x10 @\x80\x00\x81\x1a\x04LA\
\x80\x00\x01\x02\x04\x08\x10 @\x80\x00\x01\x02\x04\x08\x94\
!\xb0C\x0f|\xeb\x06\xfa\xf8\xc8\x0e\xb7\x96Q\x9d1\
\x08\x10 @\x80\x00\x01\x02\x04\x08\x10 @\x80\x00\x81\
\xfc\x05$$@\x80\x00\x01\x02\x04\x08\x10 @\x80\x00\
\x01\x02\x11\x09\xec\x1f\xdb\xb2\x17\xbeu\x03\xfd\x9f\xbf\x17\
Q\x82HKQ\x16\x01\x02\x04\x08\x10 @\x80\x00\x01\
\x02\x04\x08\x10 \x90\xbf\x80\x84\x04\x08\x10 @\x80\x00\
\x01\x02\x04\x08\x10 \x90\x97\xc0_\xbc\xb8e\x9e\xcd\x1b\
\xe8?\xb1\xefs[\xde\xe1D6\x02\x82\x10 @\x80\
\x00\x01\x02\x04\x08\x10 @\x80\x00\x01\x02\xf9\x0bHH\
\x80\x00\x01\x02\x04\x08\x10 @\x80\x00\x01\x02\xdd\x0bl\
\xde@\xff\x8f\x7f\xf7\x89\xee\x87p%\x81F\x04LJ\
\x80\x00\x01\x02\x04\x08\x10 @\x80\x00\x01\x02\x04\x08\xe4\
/ !\x01\x02\x04\x08\x10 @\x80\x00\x01\x02\x04\xaa\
\x11\xd8\xf7\xbaM\xb7q\xdf\xbc\x81\xfe\xed\x97\xab)\xc2\
\xa8\x04\x08\xbc*\xe0\x85\x00\x01\x02\x04\x08\x10 @\x80\
\x00\x01\x02\x04\x08\x10\xc8_@B\x02\x04\x08\x10 @\
\x80\x00\x01\x02\x04\xa2\x15\xf8o\xff\xb2ii\x1b\x1b\xe8\
\xb6o\xdf\x14\xcaA\x02\x04n\x12\xf0\x96\x00\x01\x02\x04\
\x08\x10 @\x80\x00\x01\x02\x04\x08\x10\xc8_@B\x02\
\x04\x08\x10 @\x80\x00\x01\x02-\x14\xd8\xd8@\xff\xea\
?\xd8\xbe\xbd\x85\x1f\x04\x91\x09\xb4I@V\x02\x04\x08\
\x10 @\x80\x00\x01\x02\x04\x08\x10 @ \x7f\x01\x09\
\x09\x10 @\x80\x00\x01\x02\x04\x08\xec(\xf0\xa6\xbb7\
l\xe3\xbe\xb1\x81\xfe7\xdf\xddq\x1c\x17\x10 @\x80\
@c\x02&&@\x80\x00\x01\x02\x04\x08\x10 @\x80\
\x00\x01\x02\x04\xf2\x17\x90\x90\x00\x01\x02\x04\x08\x10 @\
\xa0\x0e\x81\xaf\xbf\xb4a\x96\x8d\x0d\xf4\x0d\x978@\x80\
\x00\x01\x02\x04\xca\x120\x0e\x01\x02\x04\x08\x10 @\x80\
\x00\x01\x02\x04\x08\x10 \x90\xbf\x80\x84\x04\x08\x10 @\
\x80\x00\x81t\x05nm\xa0\xffwo\xd8\xf0\x88z\xba\
\xd1TN\x80\x00\x01\x02\x04J\x160\x1c\x01\x02\x04\x08\
\x10 @\x80\x00\x01\x02\x04\x08\x10 \x90\xbf\x80\x84\x04\
\x08\x10 @\x80@\xbb\x04\x1e\xbd\xff\x96\x1e\xf9\xad\x0d\
\xf4\xaf}\xbb]\x18\xd2\x12 @\x80\x00\x81\x16\x09\x88\
J\x80\x00\x01\x02\x04\x08\x10 @\x80\x00\x01\x02\x04\x08\
\xe4/ !\x01\x02\x04\x08\x10 \xd0\xa3\xc0\x7f\xb9\xb5\
G~k\x03\xfd\xe5\xef\xf78\x9a\xcb\x09\x10 @\x80\
\x00\x01\x02\xb5\x08\x98\x84\x00\x01\x02\x04\x08\x10 @\x80\
\x00\x01\x02\x04\x08\x10\xc8_@B\x02\x04\x08\x10 P\
\xbf\xc0w^\xb9e\xce[\x1b\xe8\xb7\x9c\xf2\x0d\x01\x02\
\x04\x08\x10 @\x80@9\x02F!@\x80\x00\x01\x02\
\x04\x08\x10 @\x80\x00\x01\x02\x04\xf2\x17\x90\x90\x00\x01\
\x02\x04r\x10\xb8\xd1@\xbfmo\xf7\x1c\xc2\xc9@\x80\
\x00\x01\x02\x04\x08\x10 P\x82\x80!\x08\x10 @\x80\
\x00\x01\x02\x04\x08\x10 @\x80\x00\x81\xfc\x05$$@\
\x80@\x9b\x05\xde\xb3wm=\xfe\x8d\x06\xfa\xd7\xfeq\
\xfd\x98W\x02\x04\x08\x10 @\x80\x00\x01\x02\xd9\x08\x08\
B\x80\x00\x01\x02\x04\x08\x10 @\x80\x00\x01\x02\x04\x08\
\xe4/ !\x01\x02\x04\x06\x12\xf8/\xdf~\xed\xf6\x1b\
\x0d\xf4\x17\xbf\xf7\xdaAo\x08\x10 @\x80\x00\x01\x02\
\x04\x08\x10\x88B@\x11\x04\x08\x10 @\x80\x00\x01\x02\
\x04\x08\x10 @\x80@\xfe\x02\x12\x12 \xd0\xb4\xc0\xdf\
|\xf7\xb5\x0an4\xd0_;\xe4\x0d\x01\x02\x04\x08\x10\
 @\x80\x00\x01\x02\x04\xca\x100\x06\x01\x02\x04\x08\x10\
 @\x80\x00\x01\x02\x04\x08\x10 \x90\xbf\x80\x84\x04\xf2\
\x12\xd0@\xcfk=\xa5!@\x80\x00\x01\x02\x04\x08\x10\
 @\xa0,\x01\xe3\x10 @\x80\x00\x01\x02\x04\x08\x10\
 @\x80\x00\x01\x02\xf9\x0bHH\xe06\x81\xeb\x0d\xf4\
w\xff\xc0\xdam\xc7}K\x80\x00\x01\x02\x04\x08\x10 \
@\x80\x00\x01\x02\x09\x0b(\x9d\x00\x01\x02\x04\x08\x10 \
@\x80\x00\x01\x02\x04\x08\x10\xc8_@\xc2\x12\x05~b\
\xdf\xe7\x8a\xd1\xae7\xd0\xbf\xfeR\xf1\xde\x17\x01\x02\x04\
\x08\x10 @\x80\x00\x01\x02\x04\x08\x10\x88A@\x0d\x04\
\x08\x10 @\x80\x00\x01\x02\x04\x08\x10 @\x80@\xfe\
\x02q%\xfc\x8b\x17?Q\x14t\xbd\x81\xfe\xcd\xef\x16\
\xef}\x11 @\x80\x00\x01\x02\x04\x08\x10 @\x80\x00\
\x01\x02\x03\x0b\x18\x80\x00\x01\x02\x04\x08\x10 @\x80\x00\
\x01\x02\x04\x08\x10HN\xe0\xaf\xae?t~\xbd\x81\xfe\
\xd2+;\xd7\xef\x0a\x02\x04\x08\x10 @\x80\x00\x01\x02\
\x04\x08\x10 @ \x7f\x01\x09\x09\x10 @\x80\x00\x01\
\x02\x04\x08\x10 @\x80@\x1b\x05^\xed\x99_o\xa0\
\xb7\x00@D\x02\x04\x08\x10 @\x80\x00\x01\x02\x04\x08\
\x10 @ \x7f\x01\x09\x09\x10 @\x80\x00\x01\x02\x04\
\x08\x10 @\x80\xc0 \x02\x1a\xe8\x83\xe8\xd5w\xaf\x99\
\x08\x10 @\x80\x00\x01\x02\x04\x08\x10 @\x80\x00\x81\
\xfc\x05$$@\x80\x00\x01\x02\x04\x08\x10 @\x80\x00\
\x81\x86\x054\xd0\x1b^\x80vL/%\x01\x02\x04\x08\
\x10 @\x80\x00\x01\x02\x04\x08\x10 \x90\xbf\x80\x84\x04\
\x08\x10 @\x80\x00\x01\x02\x04\x08\x10H_@\x03=\
\xfd5\x94\xa0j\x01\xe3\x13 @\x80\x00\x01\x02\x04\x08\
\x10 @\x80\x00\x01\x02\xf9\x0bHH\x80\x00\x01\x02\x04\
\x08\x10 @\x80\x00\x81\xab\x02C\xe1={\xd7\xae\xbe\
\xfa\x1f\x01\x02\x99\x0a\x88E\x80\x00\x01\x02\x04\x08\x10 \
@\x80\x00\x01\x02\x04\x08\xe4/ !\x01\x02\x04\x08\x10\
 @\x80\x00\x01\x02%\x08\xfc\xc4\xbe\xcf\x0d\x85o\xbd\
\x5c\xc2H\x86 @\x80@%\x02\x06%@\x80\x00\x01\
\x02\x04\x08\x10 @\x80\x00\x01\x02\x04\xf2\x17\x90\x90\x00\
\x01\x02\x04\x08\x10 @\x80@\x1c\x02\xdf~\xf9\x13C\
\xe1;\xaf\xc4Q\x8c*\x08\x10 \x90\x9d\x80@\x04\x08\
\x10 @\x80\x00\x01\x02\x04\x08\x10 @\x80@\xfe\x02\
\x12\x12 @\x80\x00\x01\x02\x04\x08d#\xf0\xad\x97\xc3\
PxQ\x03=\x9b\x05\x15\x84\x00\x01\x02e\x0a\x18\x8b\
\x00\x01\x02\x04\x08\x10 @\x80\x00\x01\x02\x04\x08\x10\xc8\
_@B\x02\x04\x08\x10 @\x80\x00\x81\x1b\x02W{\
\xe7C\xe1\x95\xef\xdf8\xe0\x1d\x01\x02\x04\x08\x10\xc8D\
@\x0c\x02\x04\x08\x10 @\x80\x00\x01\x02\x04\x08\x10 \
@ \x7f\x01\x09\x09\x10 @\x80\x00\x01\x02\xa5\x0a\x5c\
\xed\x9d\x0f\x85\x975\xd0KE5\x18\x01\x02\x04\x08\x10\
\x18\x5c\xc0\x08\x04\x08\x10 @\x80\x00\x01\x02\x04\x08\x10\
 @\x80@\xfe\x02\x12\x12 @\x80\x00\x01\x02\xb1\x09\
\x5c\xed\x9dk\xa0\xc7\xb6(\xea!@\x80\x00\x01\x02\xc9\
\x0b\x08@\x80\x00\x01\x02\x04\x08\x10 @\x80\x00\x01\x02\
\x04\x08\xe4/ !\x01\x02\x04\x08\x10\xc8P\xe0Z\x03\
\xfd{\x9e@\xcfpiE\x22@\x80\x00\x01\x02\x04\xfa\
\x15p\x1f\x01\x02\x04\x08\x10 @\x80\x00\x01\x02\x04\x08\
\x10 \x90\xbf\x80\x84\x04\x08\x10 @`3\x81\xab\xbd\
\xf3\xa1p\xf5\x8f\xcd\xce9F\x80\x00\x01\x02\x04\x08\x10\
 \x90\x9e\x80\x8a\x09\x10 @\x80\x00\x01\x02\x04\x08\x10\
 @\x80\x00\x81\xfc\x05$$@\x80\x00\x81\x8a\x04\xae\
\xf6\xce\x87*\x1a\xda\xb0\x04\x08\x10 @\x80\x00\x01\x02\
\x04z\x15p=\x01\x02\x04\x08\x10 @\x80\x00\x01\x02\
\x04\x08\x10 \x90\xbf\x80\x84\x04\x08\x10\x88Z@\x03=\
\xea\xe5Q\x1c\x01\x02\x04\x08\x10 @\x80@:\x02*\
%@\x80\x00\x01\x02\x04\x08\x10 @\x80\x00\x01\x02\x04\
\xf2\x17\x90\x90\x00\x81\xdc\x054\xd0s_a\xf9\x08\x10\
 @\x80\x00\x01\x02\x04\x08t#\xe0\x1a\x02\x04\x08\x10\
 @\x80\x00\x01\x02\x04\x08\x10 @ \x7f\x01\x09\x09\
\x10\xd8Q@\x03}G\x22\x17\x10 @\x80\x00\x01\x02\
\x04\x08\x10 \x10\xbb\x80\xfa\x08\x10 @\x80\x00\x01\x02\
\x04\x08\x10 @\x80\x00\x81\xfc\x05$$P\x87\x80\x06\
z\x1d\xca\xe6 @\x80\x00\x01\x02\x04\x08\x10 @\x80\
\xc0\xd6\x02\xce\x10 @\x80\x00\x01\x02\x04\x08\x10 @\
\x80\x00\x01\x02\xf9\x0bH\x98\x88\x80\x06z\x22\x0b\xa5L\
\x02\x04\x08\x10 @\x80\x00\x01\x02\x04\x08\xc4)\xa0*\
\x02\x04\x08\x10 @\x80\x00\x01\x02\x04\x08\x10 @ \
\x7f\x81\xf6$\xd4@o\xcfZKJ\x80\x00\x01\x02\x04\
\x08\x10 @\x80\x00\x01\x02\xb7\x0b\xf8\x9e\x00\x01\x02\x04\
\x08\x10 @\x80\x00\x01\x02\x04\x08\x10\xc8_\xa0\x87\x84\
\x1a\xe8=`\xb9\x94\x00\x01\x02\x04\x08\x10 @\x80\x00\
\x01\x02\x04\x08\xc4$\xa0\x16\x02\x04\x08\x10 @\x80\x00\
\x01\x02\x04\x08\x10 @\xa0\x5c\x81\x18\x1b\xe8\xe5&4\
\x1a\x01\x02\x04\x08\x10 @\x80\x00\x01\x02\x04\x08\x10 \
\x10\xa3\x80\x9a\x08\x10 @\x80\x00\x01\x02\x04\x08\x10 \
@\x80@t\x02\x1a\xe8\xa5/\x89\x01\x09\x10 @\x80\
\x00\x01\x02\x04\x08\x10 @\x80\x00\x81\xfc\x05$$@\
\x80\x00\x01\x02\x04\x08\x10 @\x80\x00\x81\x1c\x054\xd0\
s\x5c\xd5A2\xb9\x97\x00\x01\x02\x04\x08\x10 @\x80\
\x00\x01\x02\x04\x08\x10\xc8_@B\x02\x04\x08\x10 @\
\x80\x00\x01\x02\x04\x08\x10\xd8T@\x03}S\x16\x07S\
\x15P7\x01\x02\x04\x08\x10 @\x80\x00\x01\x02\x04\x08\
\x10 \x90\xbf\x80\x84\x04\x08\x10 @\x80\x00\x01\x02\x04\
\x08\x10\xa8J@\x03\xbd*Y\xe3\x12\xe8]\xc0\x1d\x04\
\x08\x10 @\x80\x00\x01\x02\x04\x08\x10 @\x80@\xfe\
\x02\x12\x12 @\x80\x00\x01\x02\x04\x08\x10 \x10\xb1\x80\
\x06z\xc4\x8b\xa34\x02i\x09\xa8\x96\x00\x01\x02\x04\x08\
\x10 @\x80\x00\x01\x02\x04\x08\x10\xc8_@B\x02\x04\
\x08\x10 @\x80\x00\x01\x02y\x0bh\xa0\xe7\xbd\xbe\xd2\
\x11 \xd0\xad\x80\xeb\x08\x10 @\x80\x00\x01\x02\x04\x08\
\x10 @\x80\x00\x81\xfc\x05$$@\x80\x00\x01\x02\x04\
\x08\x10 \xb0\x83\x80\x06\xfa\x0e@N\x13 @ \x05\
\x015\x12 @\x80\x00\x01\x02\x04\x08\x10 @\x80\x00\
\x01\x02\xf9\x0bHH\x80\x00\x01\x02\x04\x08\x10 P\xbd\
\x80\x06z\xf5\xc6f @\x80\x00\x81\xed\x05\x9c%@\
\x80\x00\x01\x02\x04\x08\x10 @\x80\x00\x01\x02\x04\xf2\x17\
\x90\x90\x00\x01\x02\x04\x08\x10 \x90\x84\x80\x06z\x12\xcb\
\xa4H\x02\x04\x08\x10\x88W@e\x04\x08\x10 @\x80\
\x00\x01\x02\x04\x08\x10 @\x80@\xfe\x02\x12\x12 @\
\x80\x00\x01\x02m\x11\xd0@o\xcbJ\xcbI\x80\x00\x01\
\x02\x046\x13p\x8c\x00\x01\x02\x04\x08\x10 @\x80\x00\
\x01\x02\x04\x08\x10\xc8_@B\x02\x04\x08\x10 @\xa0\
k\x01\x0d\xf4\xae\xa9\x5cH\x80\x00\x01\x02\x04\x08\xc4&\
\xa0\x1e\x02\x04\x08\x10 @\x80\x00\x01\x02\x04\x08\x10 \
@ \x7f\x01\x09\x09\x10 @\x80@\x9d\x02\x1a\xe8u\
j\x9b\x8b\x00\x01\x02\x04\x08\x10 pC\xc0;\x02\x04\
\x08\x10 @\x80\x00\x01\x02\x04\x08\x10 @ \x7f\x01\
\x09\x09\x10 @ 1\x01\x0d\xf4\xc4\x16L\xb9\x04\x08\
\x10 @\x80\x00\x818\x04TA\x80\x00\x01\x02\x04\x08\
\x10 @\x80\x00\x01\x02\x04\x08\xe4/ !\x01\x02\x04\
\xda'\xa0\x81\xde\xbe5\x97\x98\x00\x01\x02\x04\x08\x10 \
@\x80\x00\x01\x02\x04\x08\x10 @\x80\x00\x01\x02\x04\x08\
\x10 \x90\xbf\x80\x84\x04\x08\x10\xe8C@\x03\xbd\x0f4\
\xb7\x10 @\x80\x00\x01\x02\x04\x08\x10hR\xc0\xdc\x04\
\x08\x10 @\x80\x00\x01\x02\x04\x08\x10 @\x80@\xfe\
\x02\x12\x12 \xd0\x8c\x80\x06z3\xeef%@\x80\x00\
\x01\x02\x04\x08\x10 \xd0V\x01\xb9\x09\x10 @\x80\x00\
\x01\x02\x04\x08\x10 @\x80\x00\x81\xfc\x05$$\x90\xac\
\x80\x06z\xb2K\xa7p\x02\x04\x08\x10 @\x80\x00\x01\
\x02\x04\xea\x170#\x01\x02\x04\x08\x10 @\x80\x00\x01\
\x02\x04\x08\x10 \x90\xbf\x80\x84m\x16\xd0@o\xf3\xea\
\xcbN\x80\x00\x01\x02\x04\x08\x10 @\x80@\xbb\x04\xa4\
%@\x80\x00\x01\x02\x04\x08\x10 @\x80\x00\x01\x02\x04\
\xf2\x17\x90p \x01\x0d\xf4\x81\xf8\xdcL\x80\x00\x01\x02\
\x04\x08\x10 @\x80\x00\x01\x02u\x09\x98\x87\x00\x01\x02\
\x04\x08\x10 @\x80\x00\x01\x02\x04\x08\x10\xc8_\xa0\xe9\
\x84\x1a\xe8M\xaf\x80\xf9\x09\x10 @\x80\x00\x01\x02\x04\
\x08\x10 @\xa0\x0d\x022\x12 @\x80\x00\x01\x02\x04\
\x08\x10 @\x80\x00\x01\x02\x09\x08\x0c\xd8@O \xa1\
\x12\x09\x10 @\x80\x00\x01\x02\x04\x08\x10 @\x80\x00\
\x81\x01\x05\xdcN\x80\x00\x01\x02\x04\x08\x10 @\x80\x00\
\x01\x02\x04\xda!\xd0\xee\x06z;\xd6XJ\x02\x04\x08\
\x10 @\x80\x00\x01\x02\x04\x08\x10 \xd0n\x01\xe9\x09\
\x10 @\x80\x00\x01\x02\x04\x08\x10 @\x80@\x97\x02\
\x1a\xe8]B\xc5x\x99\x9a\x08\x10 @\x80\x00\x01\x02\
\x04\x08\x10 @\x80\x00\x81\xfc\x05$$@\x80\x00\x01\
\x02\x04\x08\x10 @\x80\x00\x81\xfa\x044\xd0\xeb\xb36\
\xd3\xad\x02\xbe#@\x80\x00\x01\x02\x04\x08\x10 @\x80\
\x00\x01\x02\x04\xf2\x17\x90\x90\x00\x01\x02\x04\x08\x10 @\
\x80\x00\x01\x02I\x09h\xa0'\xb5\x5c\x8a\x8dG@%\
\x04\x08\x10 @\x80\x00\x01\x02\x04\x08\x10 @\x80@\
\xfe\x02\x12\x12 @\x80\x00\x01\x02\x04\x08\x10 \xd06\
\x01\x0d\xf4\xb6\xad\xb8\xbc\x04\x0a\x01_\x04\x08\x10 @\
\x80\x00\x01\x02\x04\x08\x10 @\x80@\xfe\x02\x12\x12 \
@\x80\x00\x01\x02\x04\x08\x10 \xd0\xb3\x80\x06z\xcfd\
n @\xa0i\x01\xf3\x13 @\x80\x00\x01\x02\x04\x08\
\x10 @\x80\x00\x01\x02\xf9\x0bHH\x80\x00\x01\x02\x04\
\x08\x10 @\xa0\x09\x01\x0d\xf4&\xd4\xcdI\x80@\x9b\
\x05d'@\x80\x00\x01\x02\x04\x08\x10 @\x80\x00\x01\
\x02\x04\xf2\x17\x90\x90\x00\x01\x02\x04\x08\x10 @ Q\
\x01\x0d\xf4D\x17N\xd9\x04\x08\x10hF\xc0\xac\x04\x08\
\x10 @\x80\x00\x01\x02\x04\x08\x10 @\x80@\xfe\x02\
\x12\x12 @\x80\x00\x01\x02\x04\xda+\xa0\x81\xde\xde\xb5\
\x97\x9c\x00\x01\x02\xed\x13\x90\x98\x00\x01\x02\x04\x08\x10 \
@\x80\x00\x01\x02\x04\x08\x10\xc8_@B\x02\x04\x08\x10\
 @\x80\xc0\x00\x02\x1a\xe8\x03\xe0\xb9\x95\x00\x01\x02\x04\
\x08\xd4)`.\x02\x04\x08\x10 @\x80\x00\x01\x02\x04\
\x08\x10 @ \x7f\x01\x09\x09\x10 @\x80\x00\x81f\
\x054\xd0\x9b\xf57;\x01\x02\x04\x08\x10h\x8b\x80\x9c\
\x04\x08\x10 @\x80\x00\x01\x02\x04\x08\x10 @\x80@\
\xfe\x02\x12\x12 @\x80\x00\x81\xe4\x054\xd0\x93_B\
\x01\x08\x10 @\x80\x00\x81\xea\x05\xcc@\x80\x00\x01\x02\
\x04\x08\x10 @\x80\x00\x01\x02\x04\x08\xe4/ !\x01\
\x02\x04\x08\x10\x08A\x03\xdd\xa7\x80\x00\x01\x02\x04\x08\x10\
 \x90\xbb\x80|\x04\x08\x10 @\x80\x00\x01\x02\x04\x08\
\x10 @\x80@\xfe\x02\x12\x12 @\x80@)\x02\x1a\
\xe8\xa50\x1a\x84\x00\x01\x02\x04\x08\x10 @\xa0*\x01\
\xe3\x12 @\x80\x00\x01\x02\x04\x08\x10 @\x80\x00\x01\
\x02\xf9\x0bHH\x80\x00\x81X\x044\xd0cY\x09u\
\x10 @\x80\x00\x01\x02\x04\x08\xe4( \x13\x01\x02\x04\
\x08\x10 @\x80\x00\x01\x02\x04\x08\x10 \x90\xbf\x80\x84\
\x04\x08d$\xa0\x81\x9e\xd1b\x8aB\x80\x00\x01\x02\x04\
\x08\x10 @\xa0\x5c\x01\xa3\x11 @\x80\x00\x01\x02\x04\
\x08\x10 @\x80\x00\x01\x02\xf9\x0bHH\x80\xc0\xcd\x02\
\x1a\xe87kxO\x80\x00\x01\x02\x04\x08\x10 @\x80\
@>\x02\x92\x10 @\x80\x00\x01\x02\x04\x08\x10 @\
\x80\x00\x01\x02\xf9\x0bHH\xa0d\x01\x0d\xf4\x92A\x0d\
G\x80\x00\x01\x02\x04\x08\x10 @\x80\x00\x812\x04\x8c\
A\x80\x00\x01\x02\x04\x08\x10 @\x80\x00\x01\x02\x04\x08\
\xe4/ a|\x02\x1a\xe8\xf1\xad\x89\x8a\x08\x10 @\
\x80\x00\x01\x02\x04\x08\x10 \x90\xba\x80\xfa\x09\x10 @\
\x80\x00\x01\x02\x04\x08\x10 @\x80\x00\x81\xfc\x05\xb2L\
\xa8\x81\x9e\xe5\xb2\x0aE\x80\x00\x01\x02\x04\x08\x10 @\
\x80\x00\x01\x02\xfd\x0b\xb8\x93\x00\x01\x02\x04\x08\x10 @\
\x80\x00\x01\x02\x04\x08\x10\xc8_`\xf3\x84\x1a\xe8\x9b\xbb\
8J\x80\x00\x01\x02\x04\x08\x10 @\x80\x00\x01\x02\x04\
\xd2\x14P5\x01\x02\x04\x08\x10 @\x80\x00\x01\x02\x04\
\x08\x10 \xd0\xb7@2\x0d\xf4\xbe\x13\xba\x91\x00\x01\x02\
\x04\x08\x10 @\x80\x00\x01\x02\x04\x08\x10HF@\xa1\
\x04\x08\x10 @\x80\x00\x01\x02\x04\x08\x10 @\xa0I\
\x01\x0d\xf4z\xf4\xcdB\x80\x00\x01\x02\x04\x08\x10 @\
\x80\x00\x01\x02\x04\x08\xe4/ !\x01\x02\x04\x08\x10 \
@\x80\x00\x01\x02\x04\x08$.\xa0\x81\x9e\xf8\x02\xd6S\
\xbeY\x08\x10\xb8+;,\x00\x00\x10\x00IDAT\
 @\x80\x00\x01\x02\x04\x08\x10 @\x80\x00\x81\xfc\x05\
$$@\x80\x00\x01\x02\x04\x08\x10 @\x80\x00\x01\x0d\
t\x9f\x81\xfc\x05$$@\x80\x00\x01\x02\x04\x08\x10 \
@\x80\x00\x01\x02\x04\xf2\x17\x90\x90\x00\x01\x02\x04\x08\x10\
 @\x80\x00\x01\x02%\x08h\xa0\x97\x80h\x08\x02U\
\x0a\x18\x9b\x00\x01\x02\x04\x08\x10 @\x80\x00\x01\x02\x04\
\x08\x10\xc8_@B\x02\x04\x08\x10 @\x80\x00\x01\x02\
\x04\xe2\x10\xd0@\x8fc\x1dTA W\x01\xb9\x08\x10\
 @\x80\x00\x01\x02\x04\x08\x10 @\x80\x00\x81\xfc\x05\
$$@\x80\x00\x01\x02\x04\x08\x10 \x90\x8d\x80\x06z\
6K)\x08\x01\x02\xe5\x0b\x18\x91\x00\x01\x02\x04\x08\x10\
 @\x80\x00\x01\x02\x04\x08\x10\xc8_@B\x02\x04\x08\
\x10 @\x80\x00\x01\x027\x044\xd0oXxG\x80\
\x00\x81\xbc\x04\xa4!@\x80\x00\x01\x02\x04\x08\x10 @\
\x80\x00\x01\x02\x04\xf2\x17\x90\x90\x00\x01\x02\x04\x08\x10 \
@\xa0T\x01\x0d\xf4R9\x0dF\x80\x00\x01\x02e\x09\
\x18\x87\x00\x01\x02\x04\x08\x10 @\x80\x00\x01\x02\x04\x08\
\x10\xc8_@B\x02\x04\x08\x10 @\x80@l\x02\x1a\
\xe8\xb1\xad\x88z\x08\x10 @ \x07\x01\x19\x08\x10 \
@\x80\x00\x01\x02\x04\x08\x10 @\x80\x00\x81\xfc\x05$\
$@\x80\x00\x01\x02\x042\x14\xd0@\xcfpQE\x22\
@\x80\x00\x01\x02\x83\x09\xb8\x9b\x00\x01\x02\x04\x08\x10 \
@\x80\x00\x01\x02\x04\x08\x10\xc8_@B\x02\x04\x08\x10\
 @`3\x01\x0d\xf4\xcdT\x1c#@\x80\x00\x01\x02\
\x04\xd2\x15P9\x01\x02\x04\x08\x10 @\x80\x00\x01\x02\
\x04\x08\x10 \x90\xbf\x80\x84\x04\x08\x10 @\xa0\x22\x01\
\x0d\xf4\x8a`\x0dK\x80\x00\x01\x02\x04\x08\x10\xe8G\xc0\
=\x04\x08\x10 @\x80\x00\x01\x02\x04\x08\x10 @\x80\
@\xfe\x02\x12\x12 @\x80@\xbc\x02\x1a\xe8\xf1\xae\x8d\
\xca\x08\x10 @\x80\x00\x01\x02\xa9\x09\xa8\x97\x00\x01\x02\
\x04\x08\x10 @\x80\x00\x01\x02\x04\x08\x10\xc8_@B\
\x02\x04\x08d-\xa0\x81\x9e\xf5\xf2\x0aG\x80\x00\x01\x02\
\x04\x08\x10 \xd0\xbd\x80+\x09\x10 @\x80\x00\x01\x02\
\x04\x08\x10 @\x80\x00\x81\xfc\x05$$@\x80\xc0\xf6\
\x02\x1a\xe8\xdb\xfb8K\x80\x00\x01\x02\x04\x08\x10 @\
 \x0d\x01U\x12 @\x80\x00\x01\x02\x04\x08\x10 @\
\x80\x00\x01\x02\xf9\x0bHH\x80@\xe5\x02\x1a\xe8\x95\x13\
\x9b\x80\x00\x01\x02\x04\x08\x10 @\x80\x00\x81\x9d\x04\x9c\
'@\x80\x00\x01\x02\x04\x08\x10 @\x80\x00\x01\x02\x04\
\xf2\x17\x90\x90@\x0a\x02\x1a\xe8)\xac\x92\x1a\x09\x10 \
@\x80\x00\x01\x02\x04\x08\x10\x88Y@m\x04\x08\x10 \
@\x80\x00\x01\x02\x04\x08\x10 @\x80@\xfe\x02\x12\xb6\
D@\x03\xbd%\x0b-&\x01\x02\x04\x08\x10 @\x80\
\x00\x01\x02\x046\x17p\x94\x00\x01\x02\x04\x08\x10 @\
\x80\x00\x01\x02\x04\x08\x10\xc8_@\xc2n\x054\xd0\xbb\
\x95r\x1d\x01\x02\x04\x08\x10 @\x80\x00\x01\x02\x04\x08\
\xc4'\xa0\x22\x02\x04\x08\x10 @\x80\x00\x01\x02\x04\x08\
\x10 @ \x7f\x81\x1a\x13j\xa0\xd7\x88m*\x02\x04\
\x08\x10 @\x80\x00\x01\x02\x04\x08\x10 p\xb3\x80\xf7\
\x04\x08\x10 @\x80\x00\x01\x02\x04\x08\x10 @\x80@\
\x5c\x02U4\xd0\xe3J\xa8\x1a\x02\x04\x08\x10 @\x80\
\x00\x01\x02\x04\x08\x10 @\xa0\x0a\x01c\x12 @\x80\
\x00\x01\x02\x04\x08\x10 @\x80\x00\x81\xec\x044\xd07\
,\xa9\x03\x04\x08\x10 @\x80\x00\x01\x02\x04\x08\x10 \
@\x80@\xfe\x02\x12\x12 @\x80\x00\x01\x02\x04\x08\x10\
 @\x80\x00\x81\x8d\x02\x1a\xe8\x1bM\xd2>\xa2z\x02\
\x04\x08\x10 @\x80\x00\x01\x02\x04\x08\x10 @ \x7f\
\x01\x09\x09\x10 @\x80\x00\x01\x02\x04\x08\x10 @\xa0\
\x12\x01\x0d\xf4JX\x0d\xda\xaf\x80\xfb\x08\x10 @\x80\
\x00\x01\x02\x04\x08\x10 @\x80\x00\x81\xfc\x05$$@\
\x80\x00\x01\x02\x04\x08\x10 @\x80@\xac\x02\x1a\xe8\xb1\
\xae\x8c\xbaR\x14P3\x01\x02\x04\x08\x10 @\x80\x00\
\x01\x02\x04\x08\x10 \x90\xbf\x80\x84\x04\x08\x10 @\x80\
\x00\x01\x02\x04\x08d,\xa0\x81\x9e\xf1\xe2\x8aF\xa07\
\x01W\x13 @\x80\x00\x01\x02\x04\x08\x10 @\x80\x00\
\x01\x02\xf9\x0bHH\x80\x00\x01\x02\x04\x08\x10 @\x80\
\xc0v\x02\x1a\xe8\xdb\xe98G\x80@:\x02*%@\
\x80\x00\x01\x02\x04\x08\x10 @\x80\x00\x01\x02\x04\xf2\x17\
\x90\x90\x00\x01\x02\x04\x08\x10 @\x80@\xc5\x02\x1a\xe8\
\x15\x03\x1b\x9e\x00\x01\x02\xdd\x08\xb8\x86\x00\x01\x02\x04\x08\
\x10 @\x80\x00\x01\x02\x04\x08\x10\xc8_@B\x02\x04\
\x08\x10 @\x80\x00\x81\xf8\x054\xd0\xe3_#\x15\x12\
 @ v\x01\xf5\x11 @\x80\x00\x01\x02\x04\x08\x10\
 @\x80\x00\x01\x02\xf9\x0bHH\x80\x00\x01\x02\x04\x08\
\x10h\x85\x80\x06z+\x96YH\x02\x04\x08\x10\xd8Z\
\xc0\x19\x02\x04\x08\x10 @\x80\x00\x01\x02\x04\x08\x10 \
@ \x7f\x01\x09\x09\x10 @\x80\x00\x01\x02\xdd\x09h\
\xa0w\xe7\xe4*\x02\x04\x08\x10 \x10\xa7\x80\xaa\x08\x10\
 @\x80\x00\x01\x02\x04\x08\x10 @\x80\x00\x81\xfc\x05\
$$@\x80\x00\x01\x02\x04j\x13\xd0@\xaf\x8d\xdaD\
\x04\x08\x10 @\x80\xc0\xed\x02\xbe'@\x80\x00\x01\x02\
\x04\x08\x10 @\x80\x00\x01\x02\x04\xf2\x17\x90\x90\x00\x01\
\x02\x04\x08\xa4$\xa0\x81\x9e\xd2j\xa9\x95\x00\x01\x02\x04\
\x08\x10\x88I@-\x04\x08\x10 @\x80\x00\x01\x02\x04\
\x08\x10 @\x80@\xfe\x02\x12\x12 @\x80@\xcb\x04\
4\xd0[\xb6\xe0\xe2\x12 @\x80\x00\x01\x02\x04\xae\x0b\
\xf8\x93\x00\x01\x02\x04\x08\x10 @\x80\x00\x01\x02\x04\x08\
\x10\xc8_@B\x02\x04\x08\x10\xe8U@\x03\xbdW1\
\xd7\x13 @\x80\x00\x01\x02\x04\x084/\xa0\x02\x02\x04\
\x08\x10 @\x80\x00\x01\x02\x04\x08\x10 @ \x7f\x01\
\x09\x09\x10 \xd0\x80\x80\x06z\x03\xe8\xa6$@\x80\x00\
\x01\x02\x04\x08\x10h\xb7\x80\xf4\x04\x08\x10 @\x80\x00\
\x01\x02\x04\x08\x10 @\x80@\xfe\x02\x12\x12 \x90\xa6\
\x80\x06z\x9a\xeb\xa6j\x02\x04\x08\x10 @\x80\x00\x01\
\x02M\x09\x98\x97\x00\x01\x02\x04\x08\x10 @\x80\x00\x01\
\x02\x04\x08\x10\xc8_@B\x02\xad\x15\xd0@o\xed\xd2\
\x0bN\x80\x00\x01\x02\x04\x08\x10 @\xa0\x8d\x022\x13\
 @\x80\x00\x01\x02\x04\x08\x10 @\x80\x00\x01\x02\xf9\
\x0bHH\xa0\x7f\x01\x0d\xf4\xfe\xed\xdcI\x80\x00\x01\x02\
\x04\x08\x10 @\x80\x00\x81z\x05\xccF\x80\x00\x01\x02\
\x04\x08\x10 @\x80\x00\x01\x02\x04\x08\xe4/ a\xa3\
\x02\x1a\xe8\x8d\xf2\x9b\x9c\x00\x01\x02\x04\x08\x10 @\x80\
\x00\x01\x02\xed\x11\x90\x94\x00\x01\x02\x04\x08\x10 @\x80\
\x00\x01\x02\x04\x08\x10\xc8_ \xf5\x84\x1a\xe8\xa9\xaf\xa0\
\xfa\x09\x10 @\x80\x00\x01\x02\x04\x08\x10 @\xa0\x0e\
\x01s\x10 @\x80\x00\x01\x02\x04\x08\x10 @\x80\x00\
\x01\x02\xf9\x0b\x04\x0d\xf4\x16,\xb2\x88\x04\x08\x10 @\
\x80\x00\x01\x02\x04\x08\x10 \xd0v\x01\xf9\x09\x10 @\
\x80\x00\x01\x02\x04\x08\x10 @\x80\x00\x81n\x04\xd2n\
\xa0w\x93\xd05\x04\x08\x10 @\x80\x00\x01\x02\x04\x08\
\x10 @\x80@\xda\x02\xaa'@\x80\x00\x01\x02\x04\x08\
\x10 @\x80\x00\x01\x025\x09h\xa0\xd7\x04\xbd\xd94\
\x8e\x11 @\x80\x00\x01\x02\x04\x08\x10 @\x80\x00\x01\
\x02\xf9\x0bHH\x80\x00\x01\x02\x04\x08\x10 @\x80\x00\
\x01\x02\xe9\x08h\xa0\xa7\xb3V\xb1U\xaa\x1e\x02\x04\x08\
\x10 @\x80\x00\x01\x02\x04\x08\x10 @ \x7f\x01\x09\
\x09\x10 @\x80\x00\x01\x02\x04\x08\x10 \xd0*\x01\x0d\
\xf4V-\xb7\xb07\x04\xbc#@\x80\x00\x01\x02\x04\x08\
\x10 @\x80\x00\x01\x02\x04\xf2\x17\x90\x90\x00\x01\x02\x04\
\x08\x10 @\x80\x00\x01\x02\xbd\x09h\xa0\xf7\xe6\xe5j\
\x02q\x08\xa8\x82\x00\x01\x02\x04\x08\x10 @\x80\x00\x01\
\x02\x04\x08\x10\xc8_@B\x02\x04\x08\x10 @\x80\x00\
\x01\x02\x04j\x17\xd0@\xaf\x9d\xdc\x84\x04\x08\x10 @\
\x80\x00\x01\x02\x04\x08\x10 @\x80\x00\x01\x02\x04\xf2\x17\
\x90\x90\x00\x01\x02\x04\x08\x10 @\x80@\x8a\x02\x1a\xe8\
)\xae\x9a\x9a\x09\x10hR\xc0\xdc\x04\x08\x10 @\x80\
\x00\x01\x02\x04\x08\x10 @\x80@\xfe\x02\x12\x12 @\
\x80\x00\x01\x02\x04\x08\xb4T@\x03\xbd\xa5\x0b/6\x01\
\x02m\x15\x90\x9b\x00\x01\x02\x04\x08\x10 @\x80\x00\x01\
\x02\x04\x08\x10\xc8_@B\x02\x04\x08\x10 @\x80\x00\
\x81~\x054\xd0\xfb\x95s\x1f\x01\x02\x04\x08\xd4/`\
F\x02\x04\x08\x10 @\x80\x00\x01\x02\x04\x08\x10 @\
 \x7f\x01\x09\x09\x10 @\x80\x00\x01\x02\x0d\x0ah\xa0\
7\x88oj\x02\x04\x08\x10h\x97\x80\xb4\x04\x08\x10 \
@\x80\x00\x01\x02\x04\x08\x10 @\x80@\xfe\x02\x12\x12\
 @\x80\x00\x01\x02i\x0bh\xa0\xa7\xbd~\xaa'@\
\x80\x00\x01\x02u\x09\x98\x87\x00\x01\x02\x04\x08\x10 @\
\x80\x00\x01\x02\x04\x08\x10\xc8_@B\x02\x04\x08\x10 \
\xd0z\x01\x0d\xf4\xd6\x7f\x04\x00\x10 @\x80\x00\x816\
\x08\xc8H\x80\x00\x01\x02\x04\x08\x10 @\x80\x00\x01\x02\
\x04\x08\xe4/ !\x01\x02\x04\x08\x10\x18\x5c@\x03}\
pC#\x10 @\x80\x00\x01\x02\x04\xaa\x150:\x01\
\x02\x04\x08\x10 @\x80\x00\x01\x02\x04\x08\x10 \x90\xbf\
\x80\x84\x04\x08\x10 \x10\x85\x80\x06z\x14\xcb\xa0\x08\x02\
\x04\x08\x10 @\x80@\xbe\x02\x92\x11 @\x80\x00\x01\
\x02\x04\x08\x10 @\x80\x00\x01\x02\xf9\x0bHH\x80\x00\
\x81\x5c\x044\xd0sYI9\x08\x10 @\x80\x00\x01\
\x02\x04\xaa\x100&\x01\x02\x04\x08\x10 @\x80\x00\x01\
\x02\x04\x08\x10 \x90\xbf\x80\x84\x04\x08\x10xM@\x03\
\xfd5\x0ao\x08\x10 @\x80\x00\x01\x02\x04\x08\xe4&\
 \x0f\x01\x02\x04\x08\x10 @\x80\x00\x01\x02\x04\x08\x10\
 \x90\xbf\x80\x84\x04\x08\x94)\xa0\x81^\xa6\xa6\xb1\x08\
\x10 @\x80\x00\x01\x02\x04\x08\x10(O\xc0H\x04\x08\
\x10 @\x80\x00\x01\x02\x04\x08\x10 @\x80@\xfe\x02\
\x12\x12\x88L@\x03=\xb2\x05Q\x0e\x01\x02\x04\x08\x10\
 @\x80\x00\x01\x02y\x08HA\x80\x00\x01\x02\x04\x08\
\x10 @\x80\x00\x01\x02\x04\x08\xe4/ a~\x02\x1a\
\xe8\xf9\xad\xa9D\x04\x08\x10 @\x80\x00\x01\x02\x04\x08\
\x10\x18T\xc0\xfd\x04\x08\x10 @\x80\x00\x01\x02\x04\x08\
\x10 @\x80@\xfe\x02\x12n\x22\xa0\x81\xbe\x09\x8aC\
\x04\x08\x10 @\x80\x00\x01\x02\x04\x08\x10 \x90\xb2\x80\
\xda\x09\x10 @\x80\x00\x01\x02\x04\x08\x10 @\x80\x00\
\x81\xfc\x05\xaaI\xa8\x81^\x8d\xabQ\x09\x10 @\x80\
\x00\x01\x02\x04\x08\x10 @\x80@\x7f\x02\xee\x22@\x80\
\x00\x01\x02\x04\x08\x10 @\x80\x00\x01\x02\x04\x1a\x13\xa8\
\xad\x81\xdeXB\x13\x13 @\x80\x00\x01\x02\x04\x08\x10\
 @\x80\x00\x01\x02\xb5\x09\x98\x88\x00\x01\x02\x04\x08\x10\
 @\x80\x00\x01\x02\x04\x08\xa4,\xa0\x81\xde\xdd\xea\xb9\
\x8a\x00\x01\x02\x04\x08\x10 @\x80\x00\x01\x02\x04\x08\x10\
\xc8_@B\x02\x04\x08\x10 @\x80\x00\x01\x02\x04\x08\
\x10h\xb9\x80\x06z+>\x00B\x12 @\x80\x00\x01\
\x02\x04\x08\x10 @\x80\x00\x01\x02\xf9\x0bHH\x80\x00\
\x01\x02\x04\x08\x10 @\x80\x00\x01\x02\x83\x0ah\xa0\x0f\
*\xe8\xfe\xea\x05\xcc@\x80\x00\x01\x02\x04\x08\x10 @\
\x80\x00\x01\x02\x04\x08\xe4/ !\x01\x02\x04\x08\x10 \
@\x80\x00\x01\x02\x04\x22\x10\xd0@\x8f`\x11\x94\x90\xb7\
\x80t\x04\x08\x10 @\x80\x00\x01\x02\x04\x08\x10 @\
\x80@\xfe\x02\x12\x12 @\x80\x00\x01\x02\x04\x08\x10 \
\x90\x87\x80\x06z\x1e\xeb(\x05\x81\xaa\x04\x8cK\x80\x00\
\x01\x02\x04\x08\x10 @\x80\x00\x01\x02\x04\x08\xe4/ \
!\x01\x02\x04\x08\x10 @\x80\x00\x01\x02\xaf\x0ah\xa0\
\xbf\x0a\xe1\x85\x00\x81\x1c\x05d\x22@\x80\x00\x01\x02\x04\
\x08\x10 @\x80\x00\x01\x02\x04\xf2\x17\x90\x90\x00\x01\x02\
\x04\x08\x10 @\x80@y\x02\x1a\xe8\xe5Y\x1a\x89\x00\
\x01\x02\xe5\x0a\x18\x8d\x00\x01\x02\x04\x08\x10 @\x80\x00\
\x01\x02\x04\x08\x10\xc8_@B\x02\x04\x08\x10 @\x80\
\x00\x81\xa8\x044\xd0\xa3Z\x0e\xc5\x10 @ \x1f\x01\
I\x08\x10 @\x80\x00\x01\x02\x04\x08\x10 @\x80\x00\
\x81\xfc\x05$$@\x80\x00\x01\x02\x04\x08\xe4&\xa0\x81\
\x9e\xdb\x8a\xcaC\x80\x00\x01\x02e\x08\x18\x83\x00\x01\x02\
\x04\x08\x10 @\x80\x00\x01\x02\x04\x08\x10\xc8_@B\
\x02\x04\x08\x10 @\x80\xc0\x06\x01\x0d\xf4\x0d$\x0e\x10\
 @\x80\x00\x81\xd4\x05\xd4O\x80\x00\x01\x02\x04\x08\x10\
 @\x80\x00\x01\x02\x04\x08\xe4/ !\x01\x02\x04\x08\
\x10 P\x85\x80\x06z\x15\xaa\xc6$@\x80\x00\x01\x02\
\x04\xfa\x17p'\x01\x02\x04\x08\x10 @\x80\x00\x01\x02\
\x04\x08\x10 \x90\xbf\x80\x84\x04\x08\x10 @ R\x01\
\x0d\xf4H\x17FY\x04\x08\x10 @\x80@\x9a\x02\xaa\
&@\x80\x00\x01\x02\x04\x08\x10 @\x80\x00\x01\x02\x04\
\xf2\x17\x90\x90\x00\x01\x02\x04\xf2\x15\xd0@\xcfwm%\
#@\x80\x00\x01\x02\x04\x08\xf4*\xe0z\x02\x04\x08\x10\
 @\x80\x00\x01\x02\x04\x08\x10 @ \x7f\x01\x09\x09\
\x10 @`\x1b\x01\x0d\xf4mp\x9c\x22@\x80\x00\x01\
\x02\x04\x08\x10HI\xa0\xdd\xb5\xee\xd9\xb3\xa7\xdd\x00\xd2\
\x13 @\x80\x00\x01\x02\x04\x08\x10 @\x80@K\x04\
\xc4$@\x80@\xb5\x02\x1a\xe8\xd5\xfa\x1a\x9d\x00\x01\x02\
\x04\x08\x10 @\x80@w\x02\x03\x5c555\x15\xbe\
\xf6\xb5\xaf\x85\xc9\xc9\xc9\x01Fq+\x01\x02\x04\x08\x10\
 @\x80\x00\x01\x02\x04\x08\x10 P\xb9\x80\x09\x08\x10\
\x88^@\x03=\xfa%R \x01\x02\x04\x08\x10 @\
\x80\x00\x81\xed\x05\x16\x16\x16\xc2\xee\xdd\xbb\xc3\xa5K\x97\
\xc2\x81\x03\x07\xb6\xbf\xb8\xa2\xb3\x86%@\x80\x00\x01\x02\
\x04\x08\x10 @\x80\x00\x01\x02\x04\xf2\x17\x90\x90@\x1b\
\x044\xd0\xdb\xb0\xca2\x12 @\x80\x00\x01\x02\x04\x08\
d+022\x12N\x9e<y-\xdf\xbe}\xfb\xc2\
\xe5\xcb\x97C\xf1z\xed\x80?\xba\x15p\x1d\x01\x02\x04\
\x08\x10 @\x80\x00\x01\x02\x04\x08\x10 \x90\xbf\x80\x84\
\x04\xba\x12\xd0@\xef\x8a\xc9E\x04\x08\x10 @\x80\x00\
\x01\x02\x04\xe2\x148z\xf4h\x98\x98\x98x\xad\xb8\xe2\
\x09\xf4\xe2I\xf4\xe2\x89\xf4\xd7\x0ez\x93\xb9\x80x\x04\
\x08\x10 @\x80\x00\x01\x02\x04\x08\x10 @\x80@\xfe\
\x02\x12\xd6%\xa0\x81^\x97\xb4y\x08\x10 @\x80\x00\
\x01\x02\x04\x08T Pl\xdf~\xfb\xb0\xc5\xbf\x85\xbe\
\xba\xba\x1a\xc6\xc7\xc7o?\xe5{\x02\xf1\x09\xa8\x88\x00\
\x01\x02\x04\x08\x10 @\x80\x00\x01\x02\x04\x08\x10\xc8_\
 \xa1\x84\x1a\xe8\x09-\x96R\x09\x10 @\x80\x00\x01\
\x02\x04\x08\xdc,P<y~\xe4\xc8\x91\x9b\x0f\xbd\xf6\
~zz:\xac\xac\xac\x84\xd1\xd1\xd1\xd7\x8eyC\x80\
@\xf9\x02F$@\x80\x00\x01\x02\x04\x08\x10 @\x80\
\x00\x01\x02\x04\xf2\x12\xd8\xac\x81\x9eWBi\x08\x10 \
@\x80\x00\x01\x02\x04\x08d*p\xea\xd4\xa9022\
\xb2e\xba\x99\x99\x99\xb0\xbc\xbc\x1c\x86\x87\x87\xb7\xbc\xc6\
\x09\x02\x04Z- <\x01\x02\x04j\x13x\xfc\xf1\xc7\
k\x9b\xcbD\x04\x08\x10 @\x80\x00\x01\x02\x04\x06\x11\
\xc8\xb0\x81>\x08\x87{\x09\x10 @\x80\x00\x01\x02\x04\
\x08\xa4#p\xe2\xc4\x89\x1d\x8b\x9d\x9d\x9d\x0dKKK\
\x9a\xe8;J\xb9\x80\x00\x81\xf4\x04TL\x80@\x0a\x02\
w\xdduW\xb8t\xe9R\xf8\xd2\x97\xbe\x14:\x9dN\
\x0a%\xab\x91\x00\x01\x02\x04\x08\x10 @\xa0\xe5\x02\x1a\
\xe8\xb1}\x00\xd4C\x80\x00\x01\x02\x04\x08\x10 @\xa0\
\x0b\x81\xfd\xfb\xf7\x87G\x1ey\xa4\x8b+C\x98\x9f\x9f\
\xbf\xd6D\x1f\x1a\xf2\xe3\x7fW`.\x22@\x80@\x1d\
\x02\xe6 \xd0\x02\x81\xb1\xb1\xb1\xf0\xdcs\xcf\x85'\x9e\
x\x22\xec\xd9\xb3'\x1c>|\xb8\x05\xa9E$@\x80\
\x00\x01\x02\x04\x08\x10H]\xc0o\xd0R_\xc1\xc8\xea\
W\x0e\x01\x02\x04\x08\x10 @\x80@=\x02g\xce\x9c\
\xe9\xe9)\xae\xa2\x89\xbe\xb8\xb8XOqf!@\x80\
\x00\x81\xec\x05\x04$\xb0\x93@\xd1<\x7f\xfe\xf9\xe7\xaf\
5\xcf\xd7\xaf\xedf\xf7\x9c\xf5k\xbd\x12 @\x80\x00\
\x01\x02\x04\x08\x10hJ@\x03\xbd)y\xf3\xc6(\xa0\
&\x02\x04\x08\x10 @\x80@\x12\x02\x9dN'\x9c>\
}\xba\xe7Z\xcf\x9e=\x1b.^\xbc\xd8\xf3}n \
@\x80\x00\x01\x02\x99\x09\x88S\xb1\xc0z\xf3\xfc\xb1\xc7\
\x1e\xbbe\xa6c\xc7\x8e\xf5\xf4\x17\x00o\xb9\xd97\x04\
\x08\x10 @\x80\x00\x01\x02\x04j\x12\xd0@\xaf\x09\xda\
4\x04\xaa\x170\x03\x01\x02\x04\x08\x10 \xd0\x16\x81b\
\xadO({\x00\x00\x10\x00IDAT\xfb\xd3b\x0b\
\xf7~\xf2\x9e;w.\x9c?\x7f\xbe\x9f[\xddC\x80\
\x00\x01\x02\x04\x08D!\x10w\x11[5\xcf\x8b\xaam\
\xe3^(\xf8\x22@\x80\x00\x01\x02\x04\x08\x10\x88]@\
\x03=\xf6\x15R\x1f\x81\xb6\x08\xc8I\x80\x00\x01\x02\x04\
\x08t-\xb0\xb0\xb0\xd0\xf5\xb5\x9b]x\xe1\xc2\x85P\
<\x8d\xbe\xd99\xc7\x08\x10 @\x80\x00\x01\x02\xfd\x0a\
l\xd7<_\x1f\xf3\xc4\x89\x13\xebo\xbd\x12 @\x80\
\x00\x01\x02\x04\x08\x10\x88R@\x03=\xcaeQ\x14\x01\
\x02\xa9\x09\xa8\x97\x00\x01\x02\x04\x08\xd4%P\xfcbz\
nnn\xe0\xe9\x16\x17\x17\xc3\xfc\xfc\xfc\xc0\xe3\x18\x80\
\x00\x01\x02\x04\x08\x10 P\x08\x14?\xa3\x14\xff\xe6\xf9\
\xed\xdb\xb6\x17\xe7n\xfe:v\xecX\xd2\xdb\xb8\xdf\x9c\
\xc5{\x02\x04\x08\x10 @\x80\x00\x81<\x054\xd0\xf3\
\x5cW\xa9\x08\x10 \xd0\x8b\x80k\x09\x10 @ !\
\x81\xe3\xc7\x8f\x87\xe2\x17\xd4\x83\x96<44\x14\x96\x96\
\x96\xc2\xec\xec\xec\xa0C\xb9\x9f\x00\x01\x02\x04\x08\x10h\
\xb9@\xf1\xb3I7\xcd\xf3\x82\xc96\xee\x85Bc_\
&&@\x80\x00\x01\x02\x04\x08\x10\xe8B@\x03\xbd\x0b\
$\x97\x10 @\x80@\xcc\x02j#@\x80@\xbb\x04\
\x16\x16\x16J\x0b<<<\x1c\x96\x97\x97\xc3\xcc\xccL\
ic\x1a\x88\x00\x01\x02\x04\x08\x10h\x97\xc0\xae]\xbb\
B\xb7\xcd\xf3u\x99\x13\xb6q_\xa7\xf0\xda\x93\x80\x8b\
\x09\x10 @\x80\x00\x01\x02\xf5\x08h\xa0\xd7\xe3l\x16\
\x02\x04\x08\x10 \xb0\xb9\x80\xa3\x04\x08\x10\xe8A`\xff\
\xfe\xfd\xe1\xd0\xa1C=\xdc\xb1\xf3\xa5\xa3\xa3\xa3ae\
e%LOO\xef|\xb1+\x08\x10 @\x80\x00\x01\
\x027\x09\x14\xcd\xf3+W\xae\x84\x9d\xb6m\xbf\xe9\x96\
kom\xe3~\x8d\xc1\x1fm\x13\x90\x97\x00\x01\x02\x04\
\x08\x10HF@\x03=\x99\xa5R(\x01\x02\x04\x08\x10\
\x88O@E\x04\x08\xd4+\xf0\xe1\x0f\x7f8t:\x9d\
\xd2'\x1d\x1f\x1f\x0f\xab\xab\xabarr\xb2\xf4\xb1\x0d\
H\x80\x00\x01\x02\x04\x08\xe4)\xb0\xde<\x9f\x9a\x9a\xea\
9\xa0m\xdc{&s\x03\x81\xc6\x05\x14@\x80\x00\x01\
\x02\x04\xda$\xa0\x81\xde\xa6\xd5\x96\x95\x00\x01\x02\x04\x08\
\x10\xb8Y\xc0{\x02\xc9\x09T\xb9\xdd\xe9\xee\xdd\xbb\xc3\
\xa5K\x97\xc2\x81\x03\x07\x92sQ0\x01\x02\x04\x08\x10\
 P\xaf\xc0 \xcd\xf3\xf5J\xab\xfc\xb9f}\x0e\xaf\
\x04\x08\x10xU\xc0\x0b\x01\x02\x04\x08\x10\xe8I@\x03\
\xbd'.\x17\x13 @\x80\x00\x01\x02\x04b\x11PG\
\xdb\x04\x8a\xa7\xbb\x0e\x1e<Xi\xec}\xfb\xf6\x85\xcb\
\x97/\x87\xe2\xb5\xd2\x89\x0cN\x80\x00\x01\x02\x04\x08$\
+PF\xf3\xbc\x08_l\xe3>22R\xbc\xf5E\
\x80\x00\x01\x02\xdb\x0a8I\x80\x00\x01\x02u\x0bh\xa0\
\xd7-n>\x02\x04\x08\x10 @\x80\x00\x81\x10\x18\xf4\
,\xb0\xb0\xb0\xd0\xf3=\xfd\xdcP<\x81^<\x89^\
<\x91\xde\xcf\xfd\xee!@\x80\x00\x01\x02\x04\xf2\x15(\
\xaby^\x08\x15\xdb\xb8?\xfe\xf8\xe3\xc5[_\x04\x08\
\x10 \x90\xb3\x80l\x04\x08\x10HP@\x03=\xc1E\
S2\x01\x02\x04\x08\x10 @\x80@\xb3\x02u\xcf^\
<\x9du\xf2\xe4\xc9\xda\xa6\x9d\x9c\x9c\x0c\xab\xab\xaba\
||\xbc\xb69MD\x80\x00\x01\x02\x04\x08\xc4-P\
f\xf3|=i\xf1\x14\xfa\xfa{\xaf\x04\x08\x10 @\
 F\x015\x11 \xd0N\x01\x0d\xf4v\xae\xbb\xd4\x04\
\x08\x10 @\x80\x00\x01\x02\x09\x09\x1c=z4LL\
L\x94UqW\xe3LOO\x87\x95\x95\x950::\
\xda\xd5\xf5.\x22@\x80\x00\x01\x02\x04\xf2\x15(\x9e\x16\
\xbfr\xe5J(\xfeI\x992S\x16\x0d\xf4\xe2/\x0a\
\x969\xa6\xb1\x08\x10 @\x80\x00\x81\xd7\x04\xbc!@\
\xa0O\x01\x0d\xf4>\xe1\xdcF\x80\x00\x01\x02\x04\x08\x10\
 @\xa0.\x81\xba\xb6o\xbf=\xcf\xcc\xccLX^\
^\x0e\xc3\xc3\xc3\xb7\x9fj\xf0{S\x13 @\x80\x00\
\x01\x02u\x0a\x14\xcd\xf3\x17^x\xa1\xf4\xe6y\x91\xa1\
\x18\xdb6\xee\x85\x84/\x02\x04\x08\x10 @`\xa3\x80\
#\x04\x9a\x13\xd0@o\xce\xde\xcc\x04\x08\x10 @\x80\
\x00\x01\x02\x04v\x14(\x9e<?r\xe4\xc8\x8e\xd7U\
u\xc1\xec\xeclXZZ\x0aCC\xfe\xd3\xa1\x14c\
\x83\x10 @\x80\x00\x81\x84\x04\x8a\x06w\xd1<\x7f\xe8\
\xa1\x87*\xab\xbax\x0a\xbd\xb2\xc1\x0dL\x80\x00\x01\x02\
\x04\x08\x10hJ\xc0\xbcI\x0b\xf8-X\xd2\xcb\xa7x\
\x02\x04\x08\x10 @\x80\x00\x81\xdc\x05N\x9d:\x15\x9a\
\xde\xdat~~>,..\xe6N-_\x17\x02.\
!@\x80\x00\x81\xf6\x08\xd4\xd1</4\x8b\x06z\xd3\
?\xeb\x14u\xf8\x22@\x80\x00\x01\x02\x04\x08\x10\xb8!\
\xd0\xf6w\x1a\xe8m\xff\x04\xc8O\x80\x00\x01\x02\x04\x08\
\x10 \x10\xb5@S\xdb\xb7\xdf\x8er\xf6\xec\xd9p\xf1\
\xe2\xc5\xdb\x0f\xfb\x9e@J\x02j%@\x80\x00\x81.\
\x05\xeaj\x9e\x17\xe5\x14s\xd9\xc6\xbd\x90\xf0E\x80\x00\
\x01\x02\x04\x08\x10 P\x92\xc0\xc0\xc3h\xa0\x0fLh\
\x00\x02\x04\x08\x10 @\x80\x00\x01\x02\xd5\x08LMM\
\x85\x83\x07\x0fV3x\x1f\xa3\x9e;w.\x9c?\x7f\
\xbe\x8f;\xddB\x80\xc0\xe0\x02F @\x80@=\x02\
EC\xbb\xeam\xdboOr\xec\xd8\xb1\xdb\x0f\xf9\x9e\
\x00\x01\x02\x04\x08\x10 @\x80@c\x02\xcd6\xd0\x1b\
\x8bmb\x02\x04\x08\x10 @\x80\x00\x01\x02\xf1\x0b\x9c\
8q\x22\xba\x22/\x5c\xb8\x10\x8a\xa7\xd1\xa3+LA\
\x04\x08\xc4-\xa0:\x02\x04\x92\x10h\xa2y^\xc0\x14\
\x0dt\xdb\xb8\x17\x12\xbe\x08\x10 @\x80\x00\x01\x02\x04\
b\x10\xd0@\x1f`\x15\xdcJ\x80\x00\x01\x02\x04\x08\x10\
 @\xa0*\x81N\xa7\x13>\xf4\xa1\x0fU5\xfc@\
\xe3...\x86\xf9\xf9\xf9\x81\xc6p3\x01\x02\x04R\
\x12P+\x816\x08<\xf0\xc0\x03\xa1\xee'\xcf\xd7]\
\x8b\xc6\xbdm\xdc\xd75\xbc\x12 @\x80\x00\x01\x02\x04\
\x084-\xa0\x81\xde\xf4\x0a47\xbf\x99\x09\x10 @\
\x80\x00\x01\x02\x04\x22\x168|\xf8p\xd8\xbf\x7f\x7f\x94\
\x15\x0e\x0d\x0d\x85\xa5\xa5\xa50;;\x1be}\x8a\x22\
@\x80\x00\x81[\x04|C`G\x81&\x9b\xe7\xeb\xc5\
\x15O\xa1\xaf\xbf\xf7J\x80\x00\x01\x02\x04\x08\x10 @\
\xa0I\x01\x0d\xf4&\xf5\xcd=\x80\x80[\x09\x10 @\
\x80\x00\x01\x02y\x0b,,,D\x1dpxx8,\
//\x87\x99\x99\x99\xa8\xebT\x1c\x01\x02\x04\x08\xa4.\
\xa0\xfe\xaa\x05\xd6\x9b\xe7\xc5k\xd5sm7~\xd1@\
\xb7\x8d\xfbvB\xce\x11 @\x80\x00\x01\x02\x04\x08\xd4\
%\xa0\x81^\x97\xb4y\x08\xdc,\xe0=\x01\x02\x04\x08\
\x10 @`\x1b\x81\xb1\xb1\xb1077\xb7\xcd\x15q\
\x9c\x1a\x1d\x1d\x0d+++azz:\x8e\x82TA\
\x80\x00\x01\x02\x04b\x13\x88\xbc\x9e\xa2i^l\xdb^\
\xbc6]\xaam\xdc\x9b^\x01\xf3\x13 @\x80\x00\x01\
\x02\x04\x08\xac\x0bh\xa0\xafKx%@\xa0k\x01\x17\
\x12 @\x80\x00\x01\x02\xd5\x0a\x1c?~<\x14M\xf4\
jg)g\xf4\xf1\xf1\xf1\xb0\xba\xba\xaa\x89^\x0e\xa7\
Q\x08\x10 @\x80@m\x02E\xd3|\xa7\xe6ym\
\xc5\xbc:\xd1\x89\x13'^}\xe7\x85\x00\x01\x02\x04\x08\
\x10 @\x80@s\x02\x1a\xe8\xcd\xd9\x9b\x99\x00\x81f\
\x04\xccJ\x80\x00\x01\x02\x04\xa2\x17\x88}\xfb\xf6\xdb\x01\
w\xef\xde}\xad\x89>99y\xfb)\xdf\x13 @\
\x80\x00\x01\x02\x11\x0a\xc4\xd8</\x98>\xf8\xc1\x0f\x86\
\x12\xb7q/\x86\xf4E\x80\x00\x01\x02\x04\x08\x10 @\
\xa0g\x01\x0d\xf4\x9e\xc9\xdc@\x80\x00\x81&\x05\xccM\
\x80\x00\x01\x02\xb9\x0b\xec\xdf\xbf?\x1c:t(\xb9\x98\
E\x13\xfd\xd2\xa5K\xe1\xc0\x81\x03\xc9\xd5\xae`\x02\x04\
\x08\x10 \xd0&\x81X\x9b\xe7\xc5\x1a\x14;\xdb<\xfe\
\xf8\xe3\xc5[_\x01\x01\x01\x02\x04\x08\x10 @\x80@\
S\x02\x1a\xe8M\xc9\x9b\x97\x00\x01\x02m\x14\x90\x99\x00\
\x01\x02\x04v\x148s\xe6L\xe8t:;^\x17\xe3\
\x05\xfb\xf6\xed\x0b\x97/_\x0e\xc5k\x8c\xf5\xa9\x89\x00\
\x01\x02\x04\x08\xb4]\xe0\xa1\x87\x1e\x0a\xb1m\xdb~\xfb\
\x9a\xd8\xc6\xfdv\x91D\xbfW6\x01\x02\x04\x08\x10 \
@ a\x01\x0d\xf4\x84\x17O\xe9\x04\x08\x10 P\xaf\
\x80\xd9\x08\x10 P\xb5@\xa7\xd3\x09\xa7O\x9f\xaez\
\x9aJ\xc7/\x9e@/\x9eD/\x9eH\xaft\x22\x83\
\x13 @\x80\x00\x01\x02=\x09\xa4\xd0</\x02\xd9\xc6\
\xbdP\xf0\xd5\xb4\x80\xf9\x09\x10 @\x80\x00\x81v\x0b\
h\xa0\xb7{\xfd\xa5'@\x80\x00\x81\xf6\x08HJ\x80\
@\x02\x02\x8f>\xfah(\xb6pO\xa0\xd4mK\x9c\
\x9c\x9c\x0c\xab\xab\xab\xa1\xd8\x86u\xdb\x0b\x9d$@\x80\
\x00\x01\x02\x04j\x11Xo\x9e\xef\xd9\xb3\xa7\x96\xf9\x06\
\x99\xa4\xf8\xf9\xc16\xee\x83\x08\xba\x97@@@\x80\x00\
\x01\x02\x04\x08\x0c(\xa0\x81> \xa0\xdb\x09\x10 @\
\x80\x00\x81:\x04\xccA\xa0\x1d\x029mY:==\
\x1dVVV\xc2\xe8\xe8h;\x16OJ\x02\x04\x08\x10\
 \x10\xa9@J\xcd\xf3u\xc2\x9c~&Z\xcf\xe4\x95\
\x00\x81n\x05\x5cG\x80\x00\x01\x02\x04\x9a\x17\xd0@o\
~\x0dT@\x80\x00\x01\x02\x04\x08\xe4. \x1f\x81.\
\x04FFF\xc2\xc9\x93'\xbb\xb82\x9dKfff\
\xc2\xf2\xf2r\x18\x1e\x1eN\xa7h\x95\x12 @\x80\x00\
\x81\x8c\x04Rl\x9e\x17\xfc\xb6q/\x14|\x11 \x90\
\xa4\x80\xa2\x09\x10 @ \x0b\x01\x0d\xf4,\x96Q\x08\
\x02\x04\x08\x10 @\x80@u\x02F\xaeG\xe0\xe8\xd1\
\xa3abb\xa2\x9e\xc9j\x9cevv6,--\
\x85\xa1!\xff\xe9Q#\xbb\xa9\x08\x10 @\x80@H\
\xb5y^,\x9dm\xdc\x0b\x05_\x04\x08\x10\xa8_\xc0\
\x8c\x04\x08\x10 p]\xc0o\xb1\xae;\xf8\x93\x00\x01\
\x02\x04\x08\x10 @ O\x81dR-,,$S\
k\xaf\x85\xce\xcf\xcf\x87\xc5\xc5\xc5^os=\x01\x02\
\x04\x08\x10 \xd0\xa7@\xca\xcd\xf3\xf5\xc8\xb6q_\x97\
\xf0J\x80\x00\x01\x02]\x0a\xb8\x8c\x00\x01\x02\xa5\x09h\
\xa0\x97Fi \x02\x04\x08\x10 @\x80\x00\x01\x02\xfd\
\x09\x14O\x9e\x1f9rd\x93\x9b\xf39t\xf6\xec\xd9\
p\xf1\xe2\xc5|\x02IB\x80\x00\x01\x02\x04\x22\x15\x98\
\x9a\x9a\x0a/\xbc\xf0B\xd8\xb3gO\xa4\x15vW\x96\
m\xdc\xbbsr\x15\x01\x02\x04\x08\xe4\x22 \x07\x01\x02\
1\x09h\xa0\xc7\xb4\x1aj!@\x80\x00\x01\x02\x04\x08\
\x10h\xa5\xc0\xa9S\xa7B\xf1o\xa0g\x17\xfe\xb6@\
\xe7\xce\x9d\x0b\xe7\xcf\x9f\xbf\xed\xa8o\x09\x10 @\x80\
\x00\x81\xb2\x04\x8a\xe6\xf9\x95+W\x92o\x9e\x17\x1e\xb6\
q/\x14|\x11 @\x80\x00\x81D\x04\x94I 3\
\x01\x0d\xf4\xcc\x16T\x1c\x02\x04\x08\x10 @\x80\x00\x81\
\xf4\x04\x16\x16\x16\xd2+\xba\xcf\x8a/\x5c\xb8\x10\x8a\xa7\
\xd1\xfb\xbc\xbd\xd6\xdbLF\x80\x00\x01\x02\x04R\x12X\
o\x9e\xef\xda\xb5+\xa5\xb2\xb7\xad\xd56\xee\xdb\xf28\
I\x80\x00\x01\x02\x04\x08\x94$`\x18\x02\xb7\x0bh\xa0\
\xdf.\xe2{\x02\x04\x08\x10 @\x80\x00\x01\x025\x0a\
\x14\xbf\xec>x\xf0`\x8d36?U\xf1\xef\xa1\x17\
\xff.z\xf3\x95d]\x81p\x04\x08\x10 \xd0\x22\x81\
\xe2\xe7\x89\xe2\xc9\xf3\x9c\x9a\xe7\xc5\xf2\xd9\xc6\xbdP\xf0\
E\x80\x00\x01\x02\x04\x08\x10\xd8V\xc0\xc9\x0a\x044\xd0\
+@5$\x01\x02\x04\x08\x10 @\x80\x00\x81n\x05\
\xda\xf4\xf4\xf9\xba\xc9\xd0\xd0PXZZ\x0a\xb3\xb3\xb3\
\xeb\x87\xbc\x12\xb8M\xc0\xb7\x04\x08\x10 \xd0\xad@\xae\
\xcd\xf3\x22\xbfm\xdc\x0b\x05_\x04\x08\x10 @\x80\x00\
\x81\x9c\x05\xe2\xcc\xa6\x81\x1e\xe7\xba\xa8\x8a\x00\x01\x02\x04\
\x08\x10 @\xa0\x05\x02\x9dN'\x9c<y\xb2\x05I\
7F\x1c\x1e\x1e\x0e\xcb\xcb\xcbafff\xe3IG\
\x08\xa4.\xa0~\x02\x04\x08\xd4$\x90s\xf3|\x9d\xd0\
6\xee\xeb\x12^\x09\x10 @\x80\x00\x01\x02\x04\xea\x12\
\xe8\xba\x81^WA\xe6!@\x80\x00\x01\x02\x04\x08\x10\
 \xd0\x16\x81\xc3\x87\x0f\x87\x89\x89\x89\xb6\xc4\xdd\x90s\
tt4\xac\xac\xac\x84\xe9\xe9\xe9\x0d\xe7\x1c @\xa0\
9\x013\x13 \x90\x86@\x1b\x9a\xe7\xc5J\xd8\xc6\xbd\
P\xf0E\x80\x00\x01\x02\x04\x08\x10 P\xa7@[\x1a\
\xe8u\x9a\x9a\x8b\x00\x01\x02\x04\x08\x10 @\x80@W\
\x02m\xdc\xbe\xfdv\x98bk\xd6\xd5\xd5\xd5099\
y\xfb)\xdf\x13 @\xa0\x1f\x01\xf7\x10h\x85\xc0c\
\x8f=\x16\xae\x5c\xb9\x12v\xed\xda\x95}\xde\xe2g\x85\
\xa3G\x8ff\x9fS@\x02\x04\x08\x10 @\x80\x00\x81\
x\x044\xd0\xe3Y\x8bm*q\x8a\x00\x01\x02\x04\x08\
\x10 @ 7\x81\xb1\xb1\xb1077\x97[\xac\xbe\
\xf2\xec\xde\xbd;\x5c\xbat)\x1c8p\xa0\xaf\xfb\xdd\
D\x80\x00\x81|\x04$!\xb0\xb3@\xd1<\x7f\xfe\xf9\
\xe7[\xd1<_\xd7\xb0\x8d\xfb\xba\x84W\x02\x04\x08\x10\
 @\x80\x00\x81:\x044\xd0\xebPn\xfb\x1c\xf2\x13\
 @\x80\x00\x01\x02\x04\x08l\x108~\xfcx(\x9a\
\xe8\x1bN\xb4\xf4\xc0\xbe}\xfb\xc2\xe5\xcb\x97C\xf1\xda\
R\x02\xb1\x09\x10 \x90\xbe\x80\x04\x95\x0b\xac7\xcf\xdb\
\xf63\xc4\x91#G\xc2\xc8\xc8H\xe5\xbe& @\x80\
\x00\x01\x02\x04\x08\x10 P\x08h\xa0\x17\x0a\xbe\x08l\
#\xe0\x14\x01\x02\x04\x08\x10 @\xa0\x0a\x01\xdb\xb7o\
T-\x9e@/\x9eD/\x9eH\xdfx\xd6\x11\x02\x04\
\x08\x10 P\xad@\xec\xa3\xb7\xb5y^\xac\x8bm\xdc\
\x0b\x05_\x04\x08\x10 @\x80\x00\x01\x02u\x09h\xa0\
\xd7%m\x1e\x02\xcd\x08\x98\x95\x00\x01\x02\x04\x08\x10\x88\
P`\xff\xfe\xfd\xe1\xd0\xa1C\x11V\xd6|I\x93\x93\
\x93auu5\x14\xbf(o\xbe\x1a\x15\x10 @\x80\
\x00\x818\x04\xbah\x9e\xc7Qh\x85U\xd8\xc6\xbdB\
\x5cC\x13 @\x80\x00\x01\x02\x04\x08\xdc\x22\xa0\x81~\
\x0b\x87o\x08\x10\x88K@5\x04\x08\x10 @ O\
\x813g\xce\x84N\xa7\x93g\xb8\x12RMOO\x87\
\x95\x95\x950::Z\xc2h\x86 @\x80\x00\x01\x02\
i\x0b\xb4\xa3y\xbe\xf3\x1a\xd9\xc6}g#W\x10 \
@\x80\x00\x01\x02\x04\x08\x94#\xa0\x81^\x8e\xa3Q\x08\
\x10 \xb0Q\xc0\x11\x02\x04\x08\x10 \xb0\x89@\xa7\xd3\
\x09\xa7O\x9f\xde\xe4\x8cC7\x0b\xcc\xcc\xcc\x84\xe5\xe5\
\xe50<<|\xf3a\xef\x09\x10 @\x80@\xab\x04\
4\xcfo,w\xb1;\xcd\xd1\xa3Go\x1c\x88\xe9\x9d\
Z\x08\x10 @\x80\x00\x01\x02\x04\xb2\x12\xd0@\xcfj\
9\x85!@\x80@y\x02F\x22@\x80\x00\x81j\x04\
\x0e\x1f>\x1c\x8a-\xdc\xab\x19=\xafQggg\xc3\
\xd2\xd2R\x18\x1a\xf2\x9f-y\xad\xac4\x04\x08\x10 \
\xd0\x8d\xc0\x13O<\x11\x9e\x7f\xfe\xf9066\xd6\xcd\
\xe5\xad\xb8\xc66\xee\xd5,\xb3Q\x09\x10 @\x80\x00\
\x01\x02\x04n\x15\xf0\x9b\xa8[=|G\x80\x00\x01\x02\
y\x08HA\x80\x00\x81h\x05\xfc\xe2\xb7\xb7\xa5\x99\x9f\
\x9f\x0f\x8b\x8b\x8b\xbd\xdd\xe4j\x02\x04\x08\x10 \x90\xb8\
@\xd1<\x7f\xee\xb9\xe74\xcfo[G\xdb\xb8\xdf\x06\
\xe2\xdbB\xc0\x17\x01\x02\x04\x08\x10 @\xa0t\x01\x0d\
\xf4\xd2I\x0dH\x80\x00\x01\x02\x04\x06\x15p?\x01\x02\
\xb9\x0a\x8c\x8c\x8c\x84\x0f~\xf0\x83\xb9\xc6\xab,\xd7\xd9\
\xb3g\xc3\xc5\x8b\x17+\x1b\xdf\xc0\x04\x08\x10 @ \
&\x81\xf5\xe6\xf9]w\xdd\x15SYQ\xd4b\x1b\xf7\
(\x96A\x11\xa5\x0a\x18\x8c\x00\x01\x02\x04\x08\x10\x88Q\
@\x03=\xc6UQ\x13\x01\x02\x04\x08\x10HY@\xed\
\x04\x08l)p\xf4\xe8\xd1011\xb1\xe5y'\xb6\
\x168w\xee\x9c&\xfa\xd6<\xce\x10 @\x80@&\
\x02\x9a\xe7;/\xa4\xdd|v6r\x05\x81\xda\x04L\
D\x80\x00\x01\x02\x042\x15\xd0@\xcfta\xc5\x22@\
\x80\x00\x01\x02\x04\xfa\x13p\x17\x81*\x05\x16\x16\x16\xaa\
\x1c>\xfb\xb1\x8b&\xfa\xf9\xf3\xe7\xb3\xcf) \x01\x02\
\x04\x08\xb4S@\xf3\xbc\xbbu\xb7\x8d{wN\xae\x22\
@`g\x01W\x10 @\x80\x00\x81\xad\x044\xd0\xb7\
\x92q\x9c\x00\x01\x02\x04\x08\x10 \x90\x9e\x80\x8a#\x16\
(\x9e</~\xe1\x1bq\x89I\x94v\xe1\xc2\x85P\
l\xe9\x9eD\xb1\x8a$@\x80\x00\x01\x02]\x0ah\x9e\
w\x09u\xf52\xdb\xb8_E\xf0?\x02\x04\x08\x84\xc0\
\x80\x00\x01\x02\x04*\x14\xd0@\xaf\x10\xd7\xd0\x04\x08\x10\
 @\x80\x00\x01\x02\xbd\x08\xe4}\xed\xa9S\xa7\xc2\xc8\
\xc8H\xde!kJ\xb7\xb8\xb8\x18\xe6\xe7\xbe\xb1\x94H\
\x00\x00\x10\x00IDAT\xe7k\x9a\xcd4\x04\x08\x10\
 @\xa0Z\x01\xcd\xf3\xde}m\xe3\xde\xbb\x99;\x08\
\x10 \x10\x97\x80j\x08\x10 \x10\xb7\x80\x06z\xdc\xeb\
\xa3:\x02\x04\x08\x10 @\x80\x00\x81T\x04v\xa8\xd3\
\xf6\xed;\x00\xf5pzhh(,--\x85\xd9\xd9\
\xd9\x1e\xeer)\x01\x02\x04\x08\x10\x88O\xe0\x03\x1f\xf8\
@x\xee\xb9\xe7\xc2]w\xdd\x15_q\x11WT\xec\
\xeaS<\x89\x1eq\x89J#@\x80\x00\x81\x9c\x05d\
#@ {\x01\x0d\xf4\xec\x97X@\x02\x04\x08\x10 \
@\x80\x00\x81\xa6\x05\xa6\xa6\xa6\xc2\xc1\x83\x07\x9b.c\
\xdb\xf9S;9<<\x1c\x96\x97\x97\xc3\xcc\xccLj\
\xa5\xab\x97\x00\x01\x02\x04\x08\x5c\x13(\x9a\xe7\xcf>\xfb\
\xac\xe6\xf95\x8d\xde\xfe(\x9a\xe7G\x8f\x1e\xed\xed&\
W\x13 @\x80\x00\x01\x02\xd7\x04\xfcA\x80\xc0\xce\x02\
\x1a\xe8;\x1b\xb9\x82\x00\x01\x02\x04\x08\x10 @\x80\xc0\
@\x02\x9e>\x1f\x88o\xcb\x9bGGG\xc3\xca\xcaJ\
\x98\x9e\x9e\xde\xf2\x1a'\x08\x10 @\x80@\x8c\x02\xeb\
\xcd\xf3\xe2/\x84\xc5X_\x0a5\x1d;v,\x852\
\xd5H\x80\x00\x01\x02\x04\x08\x94+`4\x02\xb5\x08h\
\xa0\xd7\xc2l\x12\x02\x04\x08\x10 @\x80\x00\x81\xb6\x0a\
\x14\xff\xee\xf9\xc9\x93'\xdb\x1a\xbf\xf2\xdc\xc5\x13h\xab\
\xab\xabarr\xb2\xf2\xb9\xaa\x9b\xc0\xc8\x04\x08\x10 \
\xd0&\x01\xcd\xf3rV\xdb6\xee\xe58\x1a\x85\x00\x01\
\x02\x04\x08\x10\xa8S\xc0\x5c\xa9\x08h\xa0\xa7\xb2R\xea\
$@\x80\x00\x01\x02\x04\x08\x10HR\xe0\xf1\xc7\x1f\x0f\
\x13\x13\x13I\xd6\x9eJ\xd1\xbbw\xef\x0e\x97.]\x0a\
\x07\x0e\x1cH\xa5\xe4\xbc\xea\x94\x86\x00\x01\x02\x04\xba\x16\
\xd0<\xef\x9aj\xc7\x0b\x8b\xbfDg\x1b\xf7\x1d\x99\x5c\
@\x80\x00\x01\x02\x04\x08\x10(O\xa0E#i\xa0\xb7\
h\xb1E%@\x80\x00\x01\x02\x04\x08\x10\xa8_\xe0\xc4\
\x89\x13\xf5O\xda\xc2\x19\xf7\xed\xdb\x17._\xbe\x1c\x8a\
\xd7\x16\xc6\x17y\x00\x01\xb7\x12 @\xa0.\x01\xcd\xf3\
\xf2\xa5m\xe3^\xbe\xa9\x11\x09\x10 @\x80\x00\x01\x02\
\xb9\x0a\xf4\x92K\x03\xbd\x17-\xd7\x12 @\x80\x00\x01\
\x02\x04\x08\x10\xe8A`ll,\xcc\xcd\xcd\xf5p\x87\
K\x07\x11(\x9e@/\x9eD/\x9eH\x1fd\x1c\xf7\
\x12HH@\xa9\x04\x08$\x22\xa0y^\xcdB\xd9\xc6\
\xbd\x1aW\xa3\x12 @\x80\x00\x01\x02\x04\xda.\x10a\
\x03\xbd\xedK\x22?\x01\x02\x04\x08\x10 @\x80@.\
\x02\xc7\x8f\x1f\x0fE\x13=\x97<)\xe4\x98\x9c\x9c\x0c\
\xab\xab\xab\xa1\xd8\xd65\x85z\xd5H\xa0\xdd\x02\xd2\x13\
h\x87\xc0\xe9\xd3\xa7\xc3\xb3\xcf>\x1b\x86\x87\x87\xdb\x11\
\xb8\xc6\x94\xc5\xff\x7fo\x1b\xf7\x1a\xc1ME\x80\x00\x01\
\x02\x04\x08\x10h\x89\x80\x06z\xd9\x0bm<\x02\x04\x08\
\x10 @\x80\x00\x01\x02\xaf\x0a,,,\xbc\xfa\xceK\
\x9d\x02\xd3\xd3\xd3aee%\x8c\x8e\x8e\xd69\xad\xb9\
\x08\x10h\x9b\x80\xbc\x04\xba\x10(\x9a\xe7\xcf<\xf3\x8c\
\xe6y\x17V\xfd^b\x1b\xf7~\xe5\xdcG\x80\x00\x01\
\x02\x04\x08\x10 \xb0\x95\x80\x06\xfaV2-=.6\
\x01\x02\x04\x08\x10 @\x80@9\x02\xfb\xf7\xef\x0f\x87\
\x0e\x1d*g0\xa3\xf4,033\x13\x96\x97\x975\
,z\x96s\x03\x01\x02m\x11\x90\xb3z\x81\xf5\xe6y\
\xa7\xd3\xa9~\xb2\x16\xcf`\x1b\xf7\x16/\xbe\xe8\x04\x08\
\x10 @\x80\x00\x81\x8a\x044\xd0+\x825l#\x02\
&%@\x80\x00\x01\x02\x04\x08D#p\xe6\xcc\x99\xd0\
\xe9\xf8\x85y\x93\x0b2;;\x1b\x96\x96\x96\xc2\xd0\x90\
\xff\xecir\x1d\xccM\x80\x00\x81\x0a\x04\xa2\x1fR\xf3\
\xbc\xbe%\xb2\x8d{}\xd6f\x22@\x80\x00\x01\x02\x04\
\x08\xb4E\xc0o\x92\xda\xb2\xd2r& \xa0D\x02\x04\
\x08\x10 @ \x17\x81N\xa7\x13\x8a_\x9c\xe7\x92'\
\xe5\x1c\xf3\xf3\xf3aqq1\xe5\x08j'@\x80\x00\
\x81\xc4\x04\x8a\x9f\x01\x8am\xdb;\x9d\xad\xfe\x22]b\
\x81\x12(\xd76\xee\x09,\x92\x12\x09\x10 @\x80\x00\
\x01\x02\x09\x09h\xa0'\xb4XJ%\x10\xb5\x80\xe2\x08\
\x10 @\x80\x00\x81\xd7\x04\x0e\x1f>\x1c\x8a-\xdc_\
;\xe0M\xa3\x02g\xcf\x9e\x0d\x17/^l\xb4\x06\x93\
\x13 @\x80@;\x04Z\xd1<\x8fp)m\xe3\x1e\
\xe1\xa2(\x89\x00\x01\x02\x04\x08\x10 \x90\xb0\x80\x06z\
\xc2\x8b\xa7t\x02\x04\xca\x130\x12\x01\x02\x04\x08\x10(\
S`aa\xa1\xcc\xe1\x8cU\x82\xc0\xb9s\xe7\xc2\xf9\
\xf3\xe7K\x18\xc9\x10\x04\x08\x10 @`s\x01\xcd\xf3\
\xcd]\xea8\xda\xcb6\xeeu\xd4c\x0e\x02\x04\x08\x10\
 @\x80\x00\x81\xb4\x054\xd0\xd3^?\xd5\x13 @\
\xa0\x10\xf0E\x80\x00\x01\x02\x11\x09\x8c\x8c\x8c\x84\xb9\xb9\
\xb9\x88*R\xca\xba\xc0\x85\x0b\x17B\xf14\xfa\xfa\xf7\
^\x09\x10 @\x80@Y\x02\x1f\xfd\xe8G\x83m\xdb\
\xcb\xd2\xeco\x9c\x13'N\xf4wcZw\xa9\x96\x00\
\x01\x02\x04\x08\x10 @\xa0\x06\x01\x0d\xf4\x1a\x90MA\
\x80\x00\x01\x02\xdb\x098G\x80\x00\x81\xbc\x04\x8e\x1e=\
\x1a\xc6\xc6\xc6\xf2\x0a\x95Q\x9a\xc5\xc5\xc50??\x9f\
Q\x22Q\x08\x10 @\xa0i\x81\xa2y\xfe\xf4\xd3O\
\x87N\xa7\xd3t)\xad\x9e\xdf6\xee),\xbf\x1a\x09\
\x10 @\x80\x00\x01\x02i\x08h\xa0\xa7\xb1N\xaa$\
@\x80\x00\x81X\x05\xd4E\x80\x00\x81\xdb\x04\x16\x16\x16\
n;\xe2\xdb\x98\x04\x86\x86\x86\xc2\xd2\xd2R\x98\x9d\x9d\
\x8d\xa9,\xb5\x10 @\x80@\xa2\x02\xeb\xcd\xf3D\xcb\
\xcf\xaa\xecb\x17\xa0\xe2/2f\x15J\x98\xb8\x04T\
C\x80\x00\x01\x02\x04\x08\xb4F@\x03\xbd5K-(\
\x01\x02\x04\x08\x10\xd8(\xe0\x08\x01\x02\xe5\x0aLLL\
\x84\xe2\xe9\xa7rG5Z\xd9\x02\xc3\xc3\xc3ayy\
9\xcc\xcc\xcc\x94=\xb4\xf1\x08\x10 @\xa0E\x02\x9a\
\xe7\xf1-\xb6m\xdc\xe3[\x13\x15\xc5#\xa0\x12\x02\x04\
\x08\x10 @\xa0{\x01\x0d\xf4\xee\xad\x5cI\x80\x00\x01\
\x02\x04\x08\xc4%\xa0\x1a\x02\xd1\x09\x9c:u*\x14O\
?EW\x98\x826\x08\x8c\x8e\x8e\x86\x95\x95\x950=\
=\xbd\xe1\x9c\x03\x04\x08\x10 @`'\x01\xcd\xf3\x9d\
\x84\x9a9_\xfcE\xc6\xf1\xf1\xf1f&7+\x01\x02\
U\x0a\x18\x9b\x00\x01\x02\x04\x08\xd4*\xa0\x81^+\xb7\
\xc9\x08\x10 @\x80\x00\x01\x02\xeb\x02^s\x14\xb0}\
{Z\xabZ\xfc\x82}uu5LNN\xa6U\xb8\
j\x09\x10 @\xa0Q\x01\xcd\xf3F\xf9\xb7\x9d\xbc\xf8\
\x8b\x8c\xb6q\xdf\x96\xc8I\x02\x04\x1a\x110)\x01\x02\
\x04\x08\xa4&\xa0\x81\x9e\xda\x8a\xa9\x97\x00\x01\x02\x04\x08\
\x10 \x10\x83\x80\x1a6\x08LMM\x85\x83\x07\x0fn\
8\xee@\xdc\x02\xbbw\xef\x0e\x97.]\xd2D\x8f{\
\x99TG\x80\x00\x81h\x044\xcf\xa3Y\x8a-\x0b\xb1\
\x8d\xfb\x964N\x10 @\xa0?\x01w\x11 @\xa0\
\x85\x02\x1a\xe8-\x5ct\x91\x09\x10 @\x80\x00\x01\x02\
m\x17\xa8\x22\xbf\xa7\xcf\xabP\xadg\xcc}\xfb\xf6]\
k\xa2\x1f8p\xa0\x9e\x09\xcdB\x80\x00\x01\x02I\x0a\
|\xf2\x93\x9f\x0cO?\xfdt\x92\xb5\xb7\xa9h\xdb\xb8\
\xb7i\xb5e%@\x80\xc0\xce\x02\xae @\x80@?\
\x02\x1a\xe8\xfd\xa8\xb9\x87\x00\x01\x02\x04\x08\x10 @\x80\
\xc0M\x02\xc5v\xa1'O\x9e\xbc\xe9H\xa5o\x0d^\
\x81@\xd1D\xbf|\xf9r(^+\x18\xde\x90\x04\x08\
\x10 \x90\xb8\xc0\xa7>\xf5\xa9\xf0\x99\xcf|&\xf1\x14\
\xed(\xbf\xf8\xb9\xcc6\xee\xedXk)\x09\x10 \xd0\
\x02\x01\x11\x09\x10hH@\x03\xbd!x\xd3\x12 @\
\x80\x00\x01\x02\x04\x08\xe4#P\xfc\x92vbb\x22\x9f\
@\x95&\x89w\xf0\xe2\x09\xf4b;\xf7b[\xf7x\
\xabT\x19\x01\x02\x04\x08\xd4-P4\xcf\x9fz\xea\xa9\
\xba\xa75\xdf\x00\x02\xb6q\x1f\x00\xcf\xad\x04\x08\x10 \
@\xa04\x01\x03\x11HW@\x03=\xdd\xb5S9\x01\
\x02\x04\x08\x10 @\x80@$\x02~I\x1b\xc9B\x94\
P\xc6\xe4\xe4dX]]\x0d\xe3\xe3\xe3\x9b\x8f\xe6(\
\x01\x02\x04\x08\xb4J@\xf3<\xcd\xe5\xb6\x8d{\x9a\xeb\
\xa6j\x02\x04\x08\x10 \x10\x95\x80bZ-\xa0\x81\xde\
\xea\xe5\x17\x9e\x00\x01\x02\x04\x08\x10 @`P\x81\xb1\
\xb1\xb1P<\x81>\xe88\xee\x8fG`zz:\xac\
\xac\xac\x84\xd1\xd1\xd1x\x8a*\xa9\x12\xc3\x10 @\x80\
@\xf7\x02\x9a\xe7\xdd[\xc5v\xa5m\xdcc[\x11\xf5\
\x10 @\x80\x00\x01\x02u\x0b\x98o0\x01\x0d\xf4\xc1\
\xfc\xdcM\x80\x00\x01\x02\x04\x08\x10 \xd0r\x81\xe3\xc7\
\x8f\x87\xa2\x89\xder\x86\xec\xe2\xcf\xcc\xcc\x84\xe5\xe5\xe5\
0<<\x9c]\xb6\x84\x03)\x9d\x00\x01\x02\xb5\x09h\
\x9e\xd7F]\xd9Dv\x08\xaa\x8c\xd6\xc0\x04\x08\x10 \
@\x80\x00\x81\xaa\x05\x1a\x1f_\x03\xbd\xf1%P\x00\x01\
\x02\x04\x08\x10 @\x80@\xca\x02\x0b\x0b\x0b)\x97\xaf\
\xf6m\x04fgg\xc3\xd2\xd2R\x18\x1a\xf2\x9fM\xdb\
09\xd5\xb5\x80\x0b\x09\x10HE@\xf3<\x95\x95\xda\
\xbeN\xdb\xb8o\xef\xe3,\x01\x02\x04\x08\x10 @\x80\
\xc0\xd6\x02\x83\xfd&h\xebq\x9d!@\x80\x00\x01\x02\
\x04\x08\x10 \x90\xbd\xc0\xfe\xfd\xfb\xc3\xa1C\x87\xb2\xcf\
\xd9\xe6\x80\xf3\xf3\xf3aqq\xb1\xcd\x04\xb2\x13\xb8.\
\xe0O\x02-\x11\xf8\xccg>\x13\x9ez\xea\xa9\x96\xa4\
\xcd;f\xb1\x8d\xfb\xdc\xdc\x5c\xde!\xa5#@\x80\x00\
\x01\x02\x04\x08\x10\xa8D\xa0\xd5\x0d\xf4JD\x0dJ\x80\
\x00\x01\x02\x04\x08\x10 \xd0\x1a\x813g\xce\x84N\xa7\
\xd3\x9a\xbcm\x0dz\xf6\xec\xd9p\xf1\xe2\xc5\xb6\xc6\x97\
\x9b@\x16\x02B\x10\xe8F\xe0\xe9\xa7\x9f\x0e\x9f\xfc\xe4\
'\xbb\xb9\xd45\x89\x08\xd8\xc6=\x91\x85R&\x01\x02\
\x04\x08\x10 @ 2\x01\x0d\xf4\xc8\x16\xa4\x87r\x5c\
J\x80\x00\x01\x02\x04\x08\x10 \xd0\xa0@\xa7\xd3\x09\xa7\
O\x9fn\xb0\x02S\xd7)p\xee\xdc\xb9p\xfe\xfc\xf9\
:\xa74\x17\x01\x02\x04\xd6\x05\xbc\xd6 P4\xcf?\
\xfa\xd1\x8f\xd60\x93)\xea\x14x\xcf{\xde\x13\xc6\xc7\
\xc7\xeb\x9c\xd2\x5c\x04\x08\x10 @\x80\x00\x01\x02\x19\x08\
h\xa0g\xb0\x88iFP5\x01\x02\x04\x08\x10 @\
 m\x81\xc3\x87\x0f\x87b\x0b\xf7\xb4S\xa8\xbe\x17\x81\
\x0b\x17.\x84\xe2i\xf4^\xeeq-\x01\x02\x04\x08\xc4\
/\xa0y\x1e\xff\x1a\xf5[\xa1m\xdc\xfb\x95s\x1f\x01\
\x02\x04\x08\x10 @\xa0\xdd\x02\x1a\xe8\xed^\x7f\xe9\xfb\
\x15p\x1f\x01\x02\x04\x08\x10 \xd0z\x81\x85\x85\x85\xd6\
\x1b\xb4\x11`qq1\xcc\xcf\xcf\xb71\xba\xcc\x04\x08\
\x10\xc8R`\xc7\xe6y\x96\xa9\xdb\x15\xca6\xee\xedZ\
oi\x09\x10 @\x80\x00\x01\x02e\x08h\xa0\x97\xa1\
h\x0c\x02\x89\x09(\x97\x00\x01\x02\x04\x08\x10\x18L`\
ll,\xcc\xcd\xcd\x0d6\x88\xbb\x93\x14\x18\x1a\x1a\x0a\
KKKavv6\xc9\xfa\x15M\x80\x00\x01\x027\
\x04\xda\xd0<\xbf\x91\xb6\xbd\xefl\xe3\xde\xde\xb5\x97\x9c\
\x00\x01\x02\x04\x08\x10 \xd0\xaf\x80\x06z\xbfr\xee#\
@\xa0)\x01\xf3\x12 @\x80\x00\x81\xc6\x05\x8a\xe6i\
\xd1Do\xbc\x10\x054\x220<<\x1c\x96\x97\x97\xc3\
\xcc\xccL#\xf3\x9b\x94\x00\x01\x02\x04\x06\x17\xd0<\x1f\
\xdc\xb0\x86\x11J\x99\xc26\xee\xa50\x1a\x84\x00\x01\x02\
\x04\x08\x10 \xd0*\x01\x0d\xf4V-\xb7\xb0\x04\x084\
/\xa0\x02\x02\x04\x08\x10\xc8A\xc0V\xa09\xac\xe2`\
\x19FGG\xc3\xca\xcaJ\x98\x9e\x9e\x1el w\x13\
 @\x80@\xad\x02\x9dN'h\x9e\xd7J\x1e\xc5d\
\xcd\xfc\xec\x16EtE\x10 @\x80\x00\x01\x02\x04\x08\
\xf4!\xa0\x81\xde\x07\x9a[\x08\x10 \xd0Z\x01\xc1\x09\
\x10 @ LLL\x84#G\x8e\x90 \x10\xc6\xc7\
\xc7\xc3\xea\xeaj\x98\x9c\x9c\xa4A\x80\x00\x01\x02\x09\x08\
t:\x9d\xf0\xcc3\xcf\x84\x8f~\xf4\xa3\x09T\xab\xc4\
2\x05l\xe3\xde\x87\xa6[\x08\x10 @\x80\x00\x01\x02\
-\x16\xd0@o\xf1\xe2\x8bN\x80\x00\x81\xb6\x09\xc8K\
\x80\x00\x812\x04N\x9d:\x15\x8a\xad@\xcb\x18\xcb\x18\
\xe9\x0b\xec\xde\xbd;\x5c\xbat)\x1c8p \xfd0\
\x12\x10 @ c\x81N\xe7z\xf3\xfc\xf4\xe9\xd3\x19\
\xa7\x14m+\x81\xe2g\xb7\xb9\xb9\xb9\xadN;\x9e\xa1\
\x80H\x04\x08\x10 @\x80\x00\x81A\x044\xd0\x07\xd1\
s/\x01\x02\x04\x08\x10\xa8O\xc0L\x04\x08D\x22\xb0\
\xb0\xb0\x10I%\xca\x88E`\xdf\xbe}\xe1\xf2\xe5\xcb\
\xa1x\x8d\xa5&u\x10 @\x80\xc0\x0d\x81NG\xf3\
\xfc\x86F{\xdf\xd9\xc6\xbd\xbdk\x9f`r%\x13 \
@\x80\x00\x01\x02\x0d\x0bh\xa07\xbc\x00\xa6'@\x80\
\x00\x01\x02\xed\x10\x90\x92@\x1e\x02SSS\xe1\xe0\xc1\
\x83y\x84\x91\xa2T\x81\xe2\x09\xf4\xe2I\xf4\xe2\x89\xf4\
R\x076\x18\x01\x02\x04\x08\x0c$\xd0\xe9h\x9e\x0f\x04\
\x98\xd1\xcd\xb6q\xcfh1E\x89\x5c@y\x04\x08\x10\
 @ }\x01\x0d\xf4\xf4\xd7P\x02\x02\x04\x08\x10 \
@\xa0j\x01\xe3\x13xU\xc0\xd3\xe7\xafBx\xd9T\
`rr2\xac\xae\xae\x86\xf1\xf1\xf1M\xcf;H\x80\
\x00\x01\x02\xf5\x0at:\x9a\xe7\xf5\x8a\xc7=\x9bm\xdc\
\xe3^\x1f\xd5\x11\x88F@!\x04\x08\x10 @\xe0\xaa\
\x80\x06\xfaU\x04\xff#@\x80\x00\x01\x02\x04\x08\xe4,\
 [9\x02\xc5/]O\x9e<Y\xce`F\xc9V\
`zz:\xac\xac\xac\x84\xd1\xd1\xd1l3\x0aF\x80\
\x00\x81\x14\x04:\x1d\xcd\xf3\x14\xd6\xa9\xee\x1am\xe3^\
\xb7\xb8\xf9\x08\x10\xa8[\xc0|\x04\x08\x10 P\x8e\x80\
\x06z9\x8eF!@\x80\x00\x01\x02\x04\x08\x10\xa8F\
 \x9aQ\x8f\x1e=\x1a&&&\xa2\xa9G!\xf1\x0a\
\xcc\xcc\xcc\x84\xe5\xe5\xe50<<\x1co\x91*#@\
\x80@\xc6\x02\xc5\xff\xfd}\xe6\x99g\xc2\xe9\xd3\xa73\
N)Z?\x02\xc56\xee{\xf6\xec\xe9\xe7V\xf7\x10\
 @\x80@\xf5\x02f @\x80@4\x02\x1a\xe8\xd1\
,\x85B\x08\x10 @\x80\x00\x01\x02\x04b\x16\xe8o\
\xfb\xf6\x98\x13\xa9\xadJ\x81\xd9\xd9\xd9\xb0\xb4\xb4\x14\x86\
\x86\xfc'W\x95\xce\xc6&@\x80\xc0\xed\x02E\xf3\xfc\
\xd9g\x9f\xd5<\xbf\x1d\xc6\xf7\xd7\x04\x8a\x1d\x85>\xf0\
\x81\x0f\x5c{\xef\x0f\x02\x04\x08\x10 P\xae\x80\xd1\x08\
\x10\xc8I\xc0osrZMY\x08\x10 @\x80\x00\
\x01\x02\x04*\x11(\x9e<?r\xe4H%cG=\
\xa8\xe2\x06\x12\x98\x9f\x9f\x0f\x8b\x8b\x8b\x03\x8d\xe1f\x02\
\x04\x08\x10\xe8^`\xbdy\xaeA\xda\xbdY\x1b\xaf<\
v\xecX\x1bc\xcbL\x80\x00\x01\x02\x04\xb6\x17p\x96\
\x00\x81[\x044\xd0o\xe1\xf0\x0d\x01\x02\x04\x08\x10 \
@\x80\x00\x81\x8d\x02sss\xa1xbi\xe3\x19G\
b\x16\x88\xa1\xb6\xb3g\xcf\x86\x8b\x17/\xc6P\x8a\x1a\
\x08\x10 \x90\xb5\x80\xe6y\xd6\xcb[j8\xdb\xb8\x97\
\xcai0\x02\x04\x08\x10 \x10\x85\x80\x22\x08\x94-\xa0\
\x81^\xb6\xa8\xf1\x08\x10 @\x80\x00\x01\x02\x04\xb2\x13\
8q\xe2Dv\x99\x04\xaaO\xe0\xdc\xb9s\xe1S\x9f\
\xfaT\xaf\x13\xba\x9e\x00\x01\x02\x04\xba\x14\xd0<\xef\x12\
\xcae\xd7\x04\x8a\xbf\x14i\x97\x82k\x14\xfe @\x80\
\x00\x01\x02\x04\xe2\x10PE\x84\x02\x1a\xe8\x11.\x8a\x92\
\x08\x10 @\x80\x00\x01\x02\x04\xe2\x11\xd8\xbf\x7f\x7f8\
t\xe8P<\x05\xa9$I\x81\xa7\x9ez*\x9c?\x7f\
>\xc9\xda\xfb+\xda]\x04\x08\x10\xa8G@\xf3\xbc\x1e\
\xe7\xdcf9v\xecXn\x91\xe4!@\x80\x00\x01\x02\
\x04\x084$\x90\xe7\xb4\x1a\xe8y\xae\xabT\x04\x08\x10\
 @\x80\x00\x01\x02%\x09\x9c9s&t:\x9d\x92\
F3L\x9b\x05.\x5c\xb8\x10\x8a-\xdd\xdbl\x90L\
v\x85\x12 \x90\x84\x80\xe6y\x12\xcb\x14e\x91\xb6q\
\x8frY\x14E\x80\x00\x01\x02\x04\x08\x10\xa8_`\x8b\
\x195\xd0\xb7\x80q\x98\x00\x01\x02\x04\x08\x10 @\x80\
@\xa7\xd3\x09\xa7O\x9f\x06A\xa04\x81\xc5\xc5\xc50\
??_\xdax\x06\x22\xb0\x99\x80c\x04\xda p\xd7\
]w\x85g\x9f}6\xd8\x8a\xbb\x0d\xab]~F\xdb\
\xb8\x97ojD\x02\x04\x08\x10 @\x80@N\x02\xa9\
4\xd0s2\x97\x85\x00\x01\x02\x04\x08\x10 @ \x11\
\x81\xc3\x87\x0f\x87b\x0b\xf7D\xcaUf\x02\x02CC\
Caii)\xcc\xce\xce&P\xad\x12\x094\x22`\
R\x02;\x0a\x14\xcd\xf3\xe7\x9e{N\xf3|G)\x17\
l'`\x1b\xf7\xedt\x9c#@\x80\x00\x01\x02\x04\x08\
\xb4[@\x03\xbd\x96\xf57\x09\x01\x02\x04\x08\x10 @\
\x80@\x8a\x02\x0b\x0b\x0b)q@\x0f\xb6\x00\x00\x10\x00\
IDAT\x96\xad\xe6\xc8\x05\x8a-\x87\x97\x97\x97\xc3\
\xcc\xccL\xe4\x95*\x8f\x00\x81\xde\x05\xdcQ\xb5\xc0z\
\xf3\xfc\x89'\x9e\xa8z*\xe3g.`\x1b\xf7\xcc\x17\
X<\x02\x04\x08\x10 @\x80\xc0\x00\x02\x1a\xe8\x03\xe0\
\xb5\xe6VA\x09\x10 @\x80\x00\x01\x02-\x14\x18\x1b\
\x1b\x0bsss-L.r\x1d\x02\xa3\xa3\xa3ae\
e%LOO\xd71\x9d9\x08\x10 \xd0\x9d@\xe4\
Wi\x9eG\xbe@\x89\x95g\x1b\xf7\xc4\x16L\xb9\x04\
\x08\x10 @\x80\x00\x81\x1a\x054\xd0k\xc46U3\
\x02f%@\x80\x00\x01\x02\x04\x08\xf4#p\xfc\xf8\xf1\
P4\xd1\xfb\xb9\xd7=\x04\xba\x11\x18\x1f\x1f\x0f\xab\xab\
\xabarr\xb2\x9b\xcb]C\x80\x00\x81V\x0bt\xd3\
<o5\x90\xf0}\x09\xd8\xc6\xbd/67\x11 @\
\x80\x00\x01\x02\x04\xb2\x17\xd0@\xcf~\x89\x05L\x5c@\
\xf9\x04\x08\x10 @\x80@C\x02\xb6oo\x08\xbee\
\xd3\xee\xde\xbd;\x5c\xbat)\x1c8p\xa0e\xc9\xc5\
%@\x80@\xf7\x02-i\x9ew\x0f\xe2\xca\xd2\x04l\
\xe3^\x1a\xa5\x81\x08\x10 @\x80\x00\x01\x02Y\x09h\
\xa0g\xb5\x9c\xc2\x10\x88M@=\x04\x08\x10 @ \
M\x81\x89\x89\x89p\xe8\xd0\xa14\x8bWur\x02\xfb\
\xf6\xed\x0b\x97/_\x0e\xc5kr\xc5+\x98\x00\x01\x02\
\x15\x0bh\x9eW\x0c\x5c\xda\xf0i\x0ed\x1b\xf74\xd7\
M\xd5\x04\x08\x10 @\x80\x00\x81\xaa\x054\xd0\xab\x16\
6>\x01\x02\xe9\x0a\xa8\x9c\x00\x01\x02\x04Z+p\xea\
\xd4\xa9\xd0\xe9tZ\x9b_\xf0\xfa\x05\x8a'\xd0\x8b'\
\xd1\x8b'\xd2\xeb\x9f\xdd\x8c\x04\x08\x10\x88S\xa0\xf8\xa7\
T\x9e{\xee\xb9\xf0\xc4\x13O\xc4Y\xa0\xaa\xb2\x10\xb8\
\xb6\x8d{\x16I\x84 @\x80\x00\x01\x02\x04\x08\x10(\
K@\x03\xbd,I\xe3\x10 @ 2\x01\xe5\x10 \
@\x80@\xff\x02\xb6o\xef\xdf\xce\x9d\xfd\x0bLNN\
\x86\xd5\xd5\xd50>>\xde\xff \xee$@\x80@&\
\x02E\xf3\xfc\xf9\xe7\x9f\xd7<\xcfd=c\x8e\x91\xc3\
6\xee1\xfb\xaa\x8d\x00\x01\x02\x04\x08\x10 \x90\xa2\x80\
\x06z\x8a\xab\xa6f\x02\x04\x08\xe4/ !\x01\x02\x04\
\x1a\x13\x98\x9a\x9a\x0a\x07\x0f\x1ell~\x13\xb7[`\
zz:\xac\xac\xac\x84\xd1\xd1\xd1vCHO\x80@\
\xab\x05\xd6\x9b\xe7\x8f=\xf6X\xab\x1d\x84\xafG\xc06\
\xee\xf58o3\x8bS\x04\x08\x10 @\x80\x00\x81\xe8\
\x044\xd0\xa3[\x12\x05\x11 @\x80@\xfa\x02\x12\x10\
 \x90\xb2\x80\xa7\xcfS^\xbd<j\x9f\x99\x99\x09\xcb\
\xcb\xcbaxx8\x8f@R\x10 @\xa0\x07\x01\xcd\
\xf3\x1e\xb0\x5cZ\x9a\xc0\x89\x13'J\x1b\xcb@m\x13\
\x90\x97\x00\x01\x02\x04\x08\x10\xc8Q@\x03=\xc7U\x95\
\x89\x00\x01\x02\x04\x08\x0c\x22\xe0^\x02-\x16(\x9e@\
:y\xf2d\x8b\x05D\x8fE`vv6,--\
\x85\xa1!\xff\xc9\x16\xcb\x9a\xa8\x83\x00\x81\xea\x054\xcf\
\xab76\xc3\xe6\x02\x87\x0e\x1d\x0a{\xf6\xec\xd9\xfc\xa4\
\xa3\x04r\x16\x90\x8d\x00\x01\x02\x04\x08\x10\xd8T\xc0o\
c6eq\x90\x00\x01\x02\x04\x08\x10HU@\xdd\x04\
\x06\x118z\xf4h\x98\x98\x98\x18d\x08\xf7\x12(M\
`~~>,..\x966\x9e\x81\x08\x10 \x10\xb3\
\x80\xe6y\xcc\xab\x93\x7fm\x9dN'|\xe0\x03\x1f\xc8\
?\xa8\x84\x042\x13\x10\x87\x00\x01\x02\x04\x08T%\xa0\
\x81^\x95\xacq\x09\x10 @\x80\x00\x01\x02\xbd\x0b\xb8\
\xa3a\x01\xdb\xb77\xbc\x00\xa6\xdf p\xf6\xec\xd9p\
\xf1\xe2\xc5\x0d\xc7\x1d @\x80@N\x02\x9a\xe79\xad\
f\xbaYl\xe3\x9e\xee\xda\xa9\x9c@\xa2\x02\xca&@\
\x80\x00\x81\x88\x054\xd0#^\x1c\xa5\x11 @\x80\x00\
\x01\x02\x04\xd2\x12H\xbb\xda\xe2\xc9\xf3#G\x8e\xa4\x1d\
B\xf5Y\x0a\x9c;w.\x9c?\x7f>\xcblB\x11\
 @`\xd7\xae]\xe1\xf9\xe7\x9f\x0f\x8f=\xf6\x18\x0c\
\x02\x8d\x0a\xd8\xc6\xbdQ~\x93\x13 \x90\x9c\x80\x82\x09\
\x10 \x90\xb7\x80\x06z\xde\xeb+\x1d\x01\x02\x04\x08\x10\
 @\x80@\x97\x02\xa7N\x9d\x0a###]^\xed\
2\x02\xf5\x0a\x5c\xb8p!\x14O\xa3\xd7;\xab\xd9\x08\
\x10 P\xad@\xd1<\xbfr\xe5\x8a\xe6y\xb5\xccF\
\xefR\xa0\xd3\xb1\x8d{\x97T.#@\x80@\xfa\x02\
\x12\x10 @`\x07\x01\x0d\xf4\x1d\x80\x9c&@\x80\x00\
\x01\x02\x04\x08\x10h\x87@\xea\xdbv\xb6c\x95\xda\x9d\
rqq1\xcc\xcf\xcf\xb7\x1bAz\x02\x04\xb2\x11X\
o\x9eOMMe\x93I\x90\xf4\x05\xfc<\x98\xfe\x1a\
J@\x80\x00\x816\x08\xc8H\x80@\xf5\x02\x1a\xe8\xd5\
\x1b\x9b\x81\x00\x01\x02\x04\x08\x10 @ r\x81\xfd\xfb\
\xf7\x87G\x1ey$\xf2*\xb3.O\xb8.\x04\x86\x86\
\x86\xc2\xd2\xd2R\x98\x9d\x9d\xed\xe2j\x97\x10 @ \
^\x01\xcd\xf3x\xd7\xa6\xed\x95\xd9\xc6\xbd\xed\x9f\x00\xf9\
\x09\x10 @\xa0\x06\x01S\x10HB@\x03=\x89e\
R$\x01\x02\x04\x08\x10 @\x80@\x95\x02g\xce\x9c\
\x09\x9dN\xa7\xca)\x8c\x9d\xb5@}\xe1\x86\x87\x87\xc3\
\xf2\xf2r\x98\x99\x99\xa9oR3\x11 @\xa0D\x01\
\xcd\xf3\x121\x0dU\xba@\xa7c\x1b\xf7\xd2Q\x0dH\
\x80\x00\x01\x02\x04\xb2\x12\x10\xa6-\x02\x1a\xe8mYi\
9\x09\x10 @\x80\x00\x01\x02\x046\x15\xe8t:\xe1\
\xf4\xe9\xd3\x9b\x9es\x90@\x8c\x02\xa3\xa3\xa3aee\
%LOO\x97S\x9eQ\x08\x10 P\x93\x80\xe6y\
M\xd0\xa6\x19H\xc06\xee\x03\xf1\xb9\x99\x00\x01\x02\x04\
\x08\x10\x88Y@m]\x0bh\xa0wM\xe5B\x02\x04\
\x08\x10 @\x80\x00\x81\x1c\x05\x0e\x1f>\x1c\x8a-\xdc\
s\xcc&S\xbe\x02\xe3\xe3\xe3auu5LNN\
\xe6\x1b\xb2\xcbd.#@ \x0d\x01\xcd\xf34\xd6I\
\x95!\xd8\xc6\xdd\xa7\x80\x00\x01\x02\x04\x08\x10 \x10\xa7\
@\x9dUi\xa0\xd7\xa9m.\x02\x04\x08\x10 @\x80\
\x00\x81\xe8\x04\x16\x16\x16\xa2\xabIA\x04\xba\x11\xd8\xbd\
{w\xb8t\xe9R8p\xe0@7\x97\xbb&N\x01\
U\x11h\x85\xc0\x9e={\xc2\x95+W\xc2\xd4\xd4T\
+\xf2\x0a\x99\xb6@\xa7c\x1b\xf7\xb4WP\xf5\x04\x08\
\x10 @\x80\x00\x81\xc1\x05*h\xa0\x0f^\x94\x11\x08\
\x10 @\x80\x00\x01\x02\x04\x08\xd4!066\x16\xe6\
\xe6\xe6\xea\x98\xca\x1c\x04*\x11\xd8\xb7o_\xb8|\xf9\
r(^+\x99\xc0\xa0\x04\xb6\x15p\x92\xc0\xce\x02E\
\xf3\xfc\x85\x17^\xd0<\xdf\x99\xca\x15\x11\x09\xd8\xc6=\
\xa2\xc5P\x0a\x01\x02\x04\x08\x10 @\xa0\x01\x01\x0d\xf4\
\xdb\xd1}O\x80\x00\x01\x02\x04\x08\x10 \xd0\x1a\x81\xe3\
\xc7\x8f\x87\xa2\x89\xde\x9a\xc0\x82f)P<\x81^<\
\x89\xae\x89\x9e\xe5\xf2\x0aU\xa5\x80\xb1+\x17Xo\x9e\
?\xf4\xd0C\x95\xcfe\x02\x02e\x0a\xd8\xc6\xbdLM\
c\x11 @\x80\x00\x01\x02\x04\xd2\x13\xd0@Oo\xcd\
\xb6\xad\xd8I\x02\x04\x08\x10 @\x80\x00\x81\xee\x05l\
\xdf\xde\xbd\x95+\xe3\x16\x98\x9c\x9c\xbc\xb6\x9d{\xb1\xad\
{\xdc\x95\xaa\x8e\x00\x81\xb2\x04b\x1fG\xf3<\xf6\x15\
R\xdfv\x02\x9dN'\xcc\xcf\xcfow\x89s\x04\x08\
\x10 @\x80\x00\x01\x02\x19\x0bh\xa0g\xbc\xb8\x09F\
S2\x01\x02\x04\x08\x10 @\xa06\x81\xfd\xfb\xf7\x87\
\xe2\xe9\xa2\xda&4\x11\x81\x8a\x05\x8a&\xfa\xea\xeaj\
\x18\x1f\x1f\xafx&\xc3\x13 @`{\x81.\x9a\xe7\
\xdb\x0f\xe0,\x81\x08\x04l\xe3\x1e\xc1\x22(\x81\x00\x01\
\x02\x04\x08\x10 \xd0\x90\x80\x06zC\xf0\xa6\xcdQ@\
&\x02\x04\x08\x10 @ %\x81\x0f\x7f\xf8\xc3\xa1\xd3\
\xe9\xa4T\xb2Z\x09\xec(0==\x1dVVV\xc2\
\xe8\xe8\xe8\x8e\xd7\xba\x80\x00\x01\x02U\x08\xb4\xa3y^\
\x85\x9c1c\x13x\xe4\x91GB\xf1y\x8e\xad.\xf5\
\x10 @\x80\x00\x01\x02\x04\x08T/\xa0\x81^\xbd\xb1\
\x19\x08\xa4!\xa0J\x02\x04\x08\x10 \xd02\x01O\x15\
\xb5l\xc1[\x14wff&,//\x87\xe1\xe1\xe1\
\x16\xa5\x16\x95\x00\x81\x18\x04\x8af\xe3\x0b/\xbc\x10\xfc\
\x9b\xe71\xac\xc6658\xd5\x95@\xa7c\x1b\xf7\xae\
\xa0\x5cD\x80\x00\x01\x02\x04\x08\x10\xc8P@\x03=\xc3\
E\x15\x89@\x1b\x05d&@\x80\x00\x01\x02\xbd\x08L\
MM\x85\x83\x07\x0f\xf6r\x8bk\x09$%0;;\
\x1b\x96\x96\x96\xc2\xd0\x90\xff\xe4Kj\xe1\x14K a\
\x81\x07\x1ex h\x9e'\xbc\x80\x09\x95^g\xa9\xfe\
\xc2e\x9d\xda\xe6\x22@\x80\x00\x01\x02\x04\x08\xc4#\xe0\
\xb7)\xf1\xac\x85J\x08\x10h\xaf\x80\xe4\x04\x08\x10 \
P\xb3\xc0\xc2\xc2B\xcd3\x9a\x8e@\xfd\x02\xf3\xf3\xf3\
aqq\xb1\xfe\x89\xcdH\x80@\xeb\x044\xcf[\xb7\
\xe4\xad\x09\x5c\xc16\xee\xad\xb1\x13\x94\x00\x01\x02\x04\x08\
\x10 \x90\xb2\x80\x06z\xca\xab\xa7v\x02\x04\x08D!\
\xa0\x08\x02\x04\x08\xa4%022\x12N\x9e<\x99V\
\xd1\xaa%\xd0\xa7\xc0\xd9\xb3g\xc3\xc5\x8b\x17\xfb\xbc\xdb\
m\x04\x08\x10\xd8Y`\xbdy^\xbc\xee|\xb5+\x08\
\xa4%\xd0\xe9\xd8\xc6\xfd\xd6\x15\xf3\x1d\x01\x02\x04\x08\x10\
 @\xa0\x1d\x02\x1a\xe8\xedXg)\x09\x10 @`\
+\x01\xc7\x09\x10h\x9d\xc0\xd1\xa3G\xc3\xc4\xc4D\xeb\
r\x0b\xdc^\x81s\xe7\xce\x85\xf3\xe7\xcf\xb7\x17@r\
\x02\x04*\x13(\x9a\xe6\xc5\xb6\xed\xc5ke\x93\x18\x98\
@\xc3\x02\xb6qox\x01\xca\x9c\xdeX\x04\x08\x10 \
@\x80\x00\x81.\x054\xd0\xbb\x84r\x19\x01\x02\x04\x08\
\x10\x88Q@M\x04\x08\xf4.`\xfb\xf6\xde\xcd\xdc\x91\
\xbe\xc0\x85\x0b\x17B\xf14z\xfaI$ @ \x16\
\x81\xa2i\xaey\x1e\xcbj\xa8\xa3J\x01\xdb\xb8W\xa9\
k\xec^\x04\x5cK\x80\x00\x01\x02\x04\x08\xd4'\xa0\x81\
^\x9f\xb5\x99\x08\x10 @\x80\x00\x81[\x05|G\xa0\
v\x81\xe2\xc9\xf3#G\x8e\xd4>\xaf\x09\x09\xc4 \xb0\
\xb8\xb8\x18\xe6\xe7\xe7c(E\x0d\x04\x08$.\xa0y\
\x9e\xf8\x02*\xbf'\x81N\xc76\xee=\x81\xb9\x98\xc0\
\xe6\x02\x8e\x12 @\x80\x00\x81\xa4\x044\xd0\x93Z.\
\xc5\x12 @\x80\x00\x01\x02\xf1\x08\xa8$E\x81S\xa7\
N\x85\x91\x91\x91\x14KW3\x81\x81\x05\x86\x86\x86\xc2\
\xd2\xd2R\x98\x9d\x9d\x1dx,\x03\x10 \xd0^\x01\xcd\
\xf3\xf6\xae}\x9b\x93\xdb\xc6\xbd\xcd\xab/;\x81B\xc0\
\x17\x01\x02\x04\x08\xb4M@\x03\xbdm+./\x01\x02\
\x04\x08\x10 @\xa0\x10h\xe9\x97\xed\xdb[\xba\xf0b\
\xbf&0<<\x1c\x96\x97\x97\xc3\xcc\xcc\xcck\xc7\xbc\
!@\x80@\xb7\x02\x0f=\xf4P\xb0m{\xb7Z\xae\
\xcbI\xc06\xee9\xad\xa6,\x04Z( 2\x01\x02\
\x04\x08\xf4,\xa0\x81\xde3\x99\x1b\x08\x10 @\x80\x00\
\x01\x02\x04\x9a\x16\xe8g\xfe\x87\x1f~8\x1c<x\xb0\
\x9f[\xddC +\x81\xd1\xd1\xd1\xb0\xb2\xb2\x12\xa6\xa7\
\xa7\xb3\xca%\x0c\x01\x02\xd5\x0ah\x9eW\xebk\xf4\xb8\
\x05:\x1d\xdb\xb8\xc7\xbdB\xaa#@ g\x01\xd9\x08\
\x10 \xd0\x84\x80\x06z\x13\xea\xe6$@\x80\x00\x01\x02\
\x04\x08\x10\xa8] \xa2\xad7k\xcfnB\x02\xb7\x0b\
\x8c\x8f\x8f\x87\xd5\xd5\xd5099y\xfb)\xdf\x13 \
@`\x83\xc0z\xf3|\xcf\x9e=\x1b\xce9@\xa0-\
\x02~\x96l\xcbJ\xcbI\x80\x00\x81R\x05\x0cF\x80\
@\xa2\x02\x1a\xe8\x89.\x9c\xb2\x09\x10 @\x80\x00\x01\
\x02\x04\xba\x17\xe8t:\xe1\xf4\xe9\xd3\xdd\xdf\xe0\xcam\
\x04\x9c\xcaE`\xf7\xee\xdd\xe1\xd2\xa5K\xe1\xc0\x81\x03\
\xb9D\x92\x83\x00\x81\x0a\x044\xcf+@5d\x92\x02\
\xc56\xee\x0f>\xf8`\x92\xb5+\x9a\x00\x01\x02\x04\x08\
\xf4'\xe0.\x02\xed\x15\xd0@o\xef\xdaKN\x80\x00\
\x01\x02\x04\x08\x10h\x8d\xc0\xe1\xc3\x87\xc3\xfe\xfd\xfb[\
\x93W\xd0m\x04\x9c\xbaE`\xdf\xbe}\xe1\xf2\xe5\xcb\
\xa1x\xbd\xe5\x84o\x08\x10 pU@\xf3\xfc*\x82\
\xff\x11xU\xa0\xd3\xe9\x84\xb9\xb9\xb9W\xbf\xf3B\x80\
\x00\x01\x02\x04\x08D/\xa0@\x02\x03\x08h\xa0\x0f\x80\
\xe7V\x02\x04\x08\x10 @\x80\x00\x814\x04\x16\x16\x16\
\xd2(T\x95\x04v\x10\xa8\xe2t\xf1\x04z\xf1$z\
\xf1Dz\x15\xe3\x1b\x93\x00\x814\x054\xcf\xd3\x5c7\
UW+p\xec\xd8\xb1j'0:\x01\x02\x04\x08\x10\
 @\xe0U\x01/\xcd\x0ah\xa07\xebov\x02\x04\
\x08\x10 @\x80\x00\x81\x8a\x05\xc6\xc6\xc6<-T\xb1\
\xb1\xe1\xd3\x17(\xfe-\xf4\xe2\xdfD/\xfem\xf4\x0a\
\xd3\x18\x9a\x00\x81D\x044\xcf\x13Y(e\xd6.`\
\x1b\xf7\xda\xc9MH\x80\x00\x01\x02\x04\x08\xa4)\x90|\
\xd5\x1a\xe8\xc9/\xa1\x00\x04\x08\x10 @\x80\x00\x01\x02\
\xdb\x09\x1c?~<\x14M\xf4\xed\xaeq\x8e\x00\x81\x10\
\xa6\xa7\xa7\xc3\xca\xcaJ\x18\x1d\x1d\xc5\xb1\xa9\x80\x83\x04\
\xda!055\x15^x\xe1\x85\xb0g\xcf\x9ev\x04\
\x96\x92@\x0f\x02\x9dN\xc7_\xcc\xec\xc1\xcb\xa5\x04\x08\
\x10 @\x80\x00\x814\x05B\xd0@Ou\xe5\xd4M\
\x80\x00\x01\x02\x04\x08\x10 \xd0\x95\xc0\xc2\xc2BW\xd7\
\xb9\x88\x00\x81\x10fff\xc2\xf2\xf2r\x18\x1e\x1e\xc6\
\x91\x9b\x80<\x04\xba\x10\x98\xba\xda<\xbfr\xe5\x8a\xe6\
y\x17V.i\xaf\x80m\xdc\xdb\xbb\xf6\x92\x13 @\
\x80\x00\x01\x02\xed\x11H\xba\x81\xde\x9ee\x92\x94\x00\x01\
\x02\x04\x08\x10 @\xa0\x1f\x81\xfd\xfb\xf7\x87C\x87\x0e\
\xf5s\xab{\x08\xb4V`vv6,--\x85\xa1\
!\xff\xb9\xd8\xda\x0fA\x84\xc1\x95T\xbd\xc0z\xf3|\
\xd7\xae]\xd5Of\x06\x02\x09\x0b\xd8\xc6=\xe1\xc5S\
:\x01\x02\x04\x08\x10 @\xa0K\x01\xbf\x11\xe9\x12\xaa\
\x82\xcb\x0cI\x80\x00\x01\x02\x04\x08\x10 P\xb1\xc0\x99\
3gB\xa7\xd3\xa9x\x16\xc3\x13\xc8O`~~>\
,..\xe6\x17L\x22\x02\xcd\x08D?\xab\xe6y\xf4\
K\xa4\xc0\x88\x04:\x9d\x8em\xdc#Z\x0f\xa5\x10 \
@\x80\x00\x01\x02\x04\xaa\x10\xd0@\xafB\xb5\x15c\x0a\
I\x80\x00\x01\x02\x04\x08\x10\x88_\xe0\xc4\x89\x13\xf1\x17\
\xa9B\x02\x91\x0a\x9c={6\x5c\xbcx1\xd2\xea\x94\
E\x80@Y\x02S\xafn\xdb\xbe\xf5\x93\xe7e\xcdd\
\x1c\x02\xf9\x08\xd8\xc6=\x9f\xb5\x94\x84\x00\x01\x02\x04\x08\
\x10 \xb0\x99\x80\x06\xfaf*\x8e\xe5/ !\x01\x02\
\x04\x08\x10 \x90\xbd@\xd1\x10x\xe8\xa1\x87\xb2\xcf)\
 \x81*\x05\xce\x9d;\x17\xce\x9f?_\xe5\x14\xc6&\
@\xa0A\x81\xe2\xff\xaf,\xfe\xcd\xf3\xac\x9b\xe7\x0d\xfa\
\x9a:_\x01\xdb\xb8\xe7\xbb\xb6\x92\x11 @\x80\x00\x01\
\x02\x04\x0a\x01\x0d\xf4B\xc1\x17\x81\xc4\x04\x94K\x80\x00\
\x01\x02\x04\x08\xec,\xb0\xb0\xb0\xb0\xf3E\xae @`\
G\x81\x0b\x17.\x84\xb5\xb55_\x0c|\x062\xfc\x0c\
|\xf5\xab_\x0d\x9a\xe7;\xfe\x9f\xc1F/0y\x9c\
\x02\x9dN\xc76\xeeq.\x8d\xaa\x08\x10 @\x80\x00\
\x01\x02\xa5\x08h\xa0\x97\xc2h\x10\x02\x04z\x10p)\
\x01\x02\x04\x08\x10\xa8\x5c`dd$\x9c<y\xb2\xf2\
yL@\x80\x00\x01\x02\x04\x08\x10 \xb0\xa5@\xd6'\
\x8e\x1d;\x96u>\xe1\x08\x10 @\x80\x00\x01\x02m\
\x16\xd0@o\xf3\xea\xcbN\x80@\x1f\x02n!@\x80\
\x00\x81\x14\x04\x8e\x1e=\x1a&&&R(U\x8d\x04\
\x08\x10 @\x80\x00\x01\x02Q\x0al_\x94m\xdc\xb7\
\xf7q\x96\x00\x01\x02\x04\x08\x10 \x90\xb2\x80\x06z\xca\
\xab\xa7v\x02\x04\x08\xf4*\xe0z\x02\x04\x08\xb4D`\
aa\xa1%I\xc5$@\x80\x00\x01\x02\x04\x08\x10h\
B\xa0\xd3\xe9\xc4\xbd\x8d{\x13(\xe6$@\x80\x00\x01\
\x02\x04\x08d\x22\xa0\x81\x9e\xc9B\x8aA\x80\x00\x816\
\x08\xc8H\x80\x00\x81n\x04\x8a'\xcf\x8f\x1c9\xd2\xcd\
\xa5\xae!@\x80\x00\x01\x02\x04\x08\x10 \xd0\xb7\xc0\x89\
\x13'\xfa\xbe\xd7\x8d\xdb\x0b8K\x80\x00\x01\x02\x04\x08\
\x10hR@\x03\xbdI}s\x13 @\x80@\x9b\x04\
d%@\xa0&\x81S\xa7N\x85\x91\x91\x91\x9af3\
\x0d\x01\x02\x04\x08\x10 @\x80@[\x05\x0e\x1e<\x18\
\x1e~\xf8\xe1\xb6\xc6\x97{k\x01g\x08\x10 @\x80\
\x00\x81\xc4\x054\xd0\x13_@\xe5\x13 @\x80\x00\x81\
z\x04\xccB \x1d\x01\xdb\xb7\xa7\xb3V*%@\x80\
\x00\x01\x02\x04\x08\xa4.p\xec\xd8\xb1\xd4#\xa8\x9f\xc0\
m\x02\xbe%@\x80\x00\x01\x02\x044\xd0}\x06\x08\x10\
 @\x80\x00\x81\xfc\x05$l\x8d\xc0\xd4\xd4T(\x9e\
\x04jM`A\x09\x10 @\x80\x00\x01\x02\x04\x1a\x15\
\xb0\x8d{\xa3\xfc&'\xb0Q\xc0\x11\x02\x04\x08\x10 \
P\x82\x80\x06\xf5\x9d\x98*\x00\x00\x10\x00IDAT\
z\x09\x88\x86 @\x80\x00\x01\x02\x04\x08T)`\xec\
\xee\x05\xfc\x02\xb3{+W\x12 @\x80\x00\x01\x02\x04\
\x08\x0c.P\xfc\xe5M\xdb\xb8\x0f\xeeh\x04\x02\x04\xae\
\x0b\xf8\x93\x00\x01\x02\x04\xe2\x10\xd0@\x8fc\x1dTA\
\x80\x00\x01\x02\x04\x08\x10\xc8U\xa0\xb6\x5c\x9dN'|\
\xe8C\x1f\xaam>\x13\x11 @\x80\x00\x01\x02\x04\x08\
\x10(\x04l\xe3^(\xf8\x22@\x80@@@\x80\x00\
\x81l\x044\xd0\xb3YJA\x08\x10 @\x80\x00\x01\
\x02\xed\x168|\xf8p\xd8\xbf\x7f\x7f\xc9\x08\x86#@\
\x80\x00\x01\x02\x04\x08\x10 \xb0\xbd\x80]\x90\xb6\xf7q\
\x96\x00\x01\x02i\x08\xa8\x92\x00\x01\x027\x044\xd0o\
XxG\x80\x00\x01\x02\x04\x08\x10 \x90\xb0\xc0\xc2\xc2\
B\xc2\xd5WT\xbaa\x09\x10 @\x80\x00\x01\x02\x04\
*\x17\xb0\x8d{\xe5\xc4& @\x80\x00\x81\x9d\x04\x9c\
'@\xa0T\x01\x0d\xf4R9\x0dF\x80\x00\x01\x02\x04\
\x08\x10 \xd0\x84\xc0\xd8\xd8X\x98\x9b\x9bkbjs\
V(`h\x02\x04\x08\x10 @\x80@*\x02\xb6q\
Oe\xa5\xd4I\x80\x00\x01\x021\x0a\xa8\x89@l\x02\
\x1a\xe8\xb1\xad\x88z\x08\x10 @\x80\x00\x01\x02\x04z\
\x168~\xfcx(\x9a\xe8=\xdf\xe8\x06\x02\xd5\x09\x18\
\x99\x00\x01\x02\x04\x08\x10h\x91\x80m\xdc[\xb4\xd8\xa2\
\x12 @\x80\x00\x81[\x05|\x97\xa1\x80\x06z\x86\x8b\
*\x12\x01\x02\x04\x08\x10 @\xa0m\x02\xb6oo\xdb\
\x8a\xcb[\xbd\x80\x19\x08\x10 @\x80\x00\x81^\x04l\
\xe3\xde\x8b\x96k\x09\x10 @\x80\x00\x81x\x04T\xb2\
\x99\x80\x06\xfaf*\x8e\x11 @\x80\x00\x01\x02\x04\x08\
$#\xb0\x7f\xff\xfep\xe8\xd0\xa1d\xeaU(\x01\x02\
5\x08\x98\x82\x00\x01\x02\x04\x084 `\x1b\xf7\x06\xd0\
MI\x80\x00\x01\x02\x04\x08\xb4[\xa0\xa2\xf4\x1a\xe8\x15\
\xc1\x1a\x96\x00\x01\x02\x04\x08\x10 @\xa0\x1e\x813g\
\xce\x84N\xa7S\xcfdf!@\x80@\x0d\x02\xa6 \
@\x80\x00\x814\x05N\x9e<\x99f\xe1\xaa&@\x80\
\x00\x01\x02\x04\x08\x10\xb8E\xa0\xae\x06\xfa-\x93\xfa\x86\
\x00\x01\x02\x04\x08\x10 @\x80@\x19\x02\x9dN'\xd8\
\xbe\xbd\x0cIc\x10 @\xa04\x01\x03\x11 @\xa0\
\xb5\x02o{\xdb\xdb\xc2\xbb\xdf\xfd\xee\xd6\xe6\x17\x9c\x00\
\x01\x02\x04\x08\x10 \x90\x8b\x80\x06zW+\xe9\x22\x02\
\x04\x08\x10 @\x80\x00\x81\x18\x05\x9e|\xf2\xc9\xf0\xc0\
\x03\x0f\xc4X\x9a\x9a\x08\x10 @ I\x01E\x13 \
@`0\x81\xd5\xd5\xd5p\xf8\xf0\xe1\xc1\x06q7\x01\
\x02\x04\x08\x10 @\x80@\xa3\x02\x1a\xe8\x8d\xf2\xd74\
\xb9i\x08\x10 @\x80\x00\x01\x02\x99\x09t:\x9d\xf0\
s?\xf7s\xe1w\x7f\xf7w3K&\x0e\x01\x02\x04\
\x08\x10\x18@\xc0\xad\x04\x084.066\x16\xfe\xe4\
O\xfe$\xfc\xca\xaf\xfcJ\xb8\xe3\x8e;\x1a\xafG\x01\
\x04\x08\x10 @\x80\x00\x01\x02\xbd\x0bh\xa0\xf7n\xe6\
\x8e\x9a\x05LG\x80\x00\x01\x02\x04\x08\x10\xb8Y`\xd7\
\xae]\xe1\x8f\xfe\xe8\x8f\xc2o\xfe\xe6o\x86\xa1!?\
\xce\xdel\xe3=\x01\x02\x04\x08\x10HY@\xed\x04r\
\x11(\x1a\xe7\xbf\xf6k\xbfv\xad\x91\xbew\xef\xde\x5c\
b\xc9A\x80\x00\x01\x02\x04\x08\x10h\x8d\x80\xdf8\xb6\
f\xa9\x05mH\xc0\xb4\x04\x08\x10 @\x80@\x89\x02\
o\x7f\xfb\xdb\xc3\x9f\xfd\xd9\x9f\x85\x1f\xff\xf1\x1f/q\
TC\x11 @\x80\x00\x01\x02\x04\x06\x160\x00\x81\x0d\
\x02\xc5V\xee_\xfd\xeaWm\xe9\xbeA\xc6\x01\x02\x04\
\x08\x10 @\x80@\xdc\x02\x1a\xe8q\xaf\x8f\xea\x084\
,`z\x02\x04\x08\x10 \x10\x8f\xc0#\x8f<\x12\xfe\
\xf8\x8f\xff8\xbc\xe5-o\x89\xa7(\x95\x10 @\x80\
\x00\x01\x02\x04\xb2\x10\x10\xa2*\x81\xe2\x09\xf4\xaf|\xe5\
+avv\xb6\xaa)\x8cK\x80\x00\x01\x02\x04\x08\x10\
 P\xb2\x80\x06z\xc9\xa0\x86#@ \x22\x01\xa5\x10\
 @\x80@6\x02\xc5/\x1c\xaf\x5c\xb9\x12\xee\xbb\xef\
\xbel2\x09B\x80\x00\x01\x02\x04\x08\x10 P\x92@\
\xe4\xc3\xdcs\xcf=\xe1\x0f\xff\xf0\x0f\xc3\x89\x13'\x22\
\xafTy\x04\x08\x10 @\x80\x00\x01\x02\x85\x80\x06z\
\xa1\xe0\x8b\x00\x01\x02\x11\x0a(\x89\x00\x01\x02\x04\xae\x0b\
\x14\xbfh,~\xe1X\xfc\xe2\xf1\xfa\x11\x7f\x12 @\
\x80\x00\x01\x02\x04\x08\x10HK`xx8|\xf9\xcb\
_\x0eO>\xf9\xe4\x86\xc2\x1d @\x80\x00\x01\x02\x04\
\x08\x10\x88K@\x03=\xae\xf5P\x0d\x01\x02\x04r\x11\
\x90\x83\x00\x01\x02\xa5\x08\xfc\xc2/\xfc\xc2\xb5_4\x16\
\xbfp,e@\x83\x10 @\x80\x00\x01\x02\x04\x08\x10\
hH\xa0\xd3\xe9\x84/|\xe1\x0b\xe1\x97\x7f\xf9\x97\x1b\
\xaa\xa0\x92i\x0dJ\x80\x00\x01\x02\x04\x08\x10\xc8N@\
\x03=\xbb%\x15\x88\x00\x01\x02\x04\x06\x170\x02\x01\x02\
1\x08\xfc\xc6o\xfcF(\xbe:\x9dN\x0c\xe5\xa8\x81\
\x00\x01\x02\x04\x08\x10 @\x80@)\x02\x9f\xfd\xecg\
\xaf5\xd2;\x1d?\xe7\x96\x02:\xd0 n&@\x80\
\x00\x01\x02\x04\x08l\x14\xd0@\xdfh\xe2\x08\x01\x02\x04\
\x08\x10H[@\xf5\x04\x12\x17\xe8t\xae?\x99S<\
}\x9ex\x14\xe5\x13 @\x80\x00\x01\x02\x04\x08\x10\xd8\
T\xa0\xd8\xca\xbd\xd8\xd2\xddNK\x9b\xf28\xd8\xad\x80\
\xeb\x08\x10 @\x80\x00\x81J\x044\xd0+a5(\
\x01\x02\x04\x08\x10 \xd0\xaf\x80\xfb\x08\x5c\xb8p!\x14\
\xbfP$A\x80\x00\x01\x02\x04\x08\x10 @ g\x81\
\x13'N\x84\xdf\xfa\xad\xdf\xca9\xa2l\x04\xb6\x15p\
\x92\x00\x01\x02\x04\x08\xc4*\xa0\x81\x1e\xeb\xca\xa8\x8b\x00\
\x01\x02\x04\x08\x10HQ@\xcd\x03\x0a|\xfc\xe3\x1f\x0f\
\xe7\xce\x9d\x1bp\x14\xb7\x13 @\x80\x00\x01\x02\x04\x08\
\x10HC\xe0#\x1f\xf9H\xf8\xd4\xa7>\x95F\xb1\xaa\
$@\xe0f\x01\xef\x09\x10 @ c\x01\x0d\xf4\x8c\
\x17W4\x02\x04\x08\x10 @\x80@o\x02\xcd^=\
??\x1f>\xff\xf9\xcf7[\x84\xd9\x09\x10 @\x80\
\x00\x01\x02\x04\x08\xd4,\xf0\xd4SO\x85\xa2\x91^\xf3\
\xb4\xa6#@\xa0\xd5\x02\xc2\x13 @\x80\xc0v\x02\x1a\
\xe8\xdb\xe98G\x80\x00\x01\x02\x04\x08\x10 P\x8b\xc0\
{\xdf\xfb\xde\xf0\xfb\xbf\xff\xfbahh\x80\x1fOk\
\xa9\xd4$\x04\x08\x10 @\x80\x00\x01\x02\x04\xca\x17\xf8\
\x9d\xdf\xf9\x9d077W\xfe\xc0F$@\x80@\x8e\
\x022\x11 @\xa0b\x01\xbf\xa1\xac\x18\xd8\xf0\x04\x08\
\x10 @\x80\x00\x01\x02\xdb\x0b\xbc\xedmo\x0b\x7f\xf0\
\x07\x7f\x10FFF\xb6\xbf0\xf3\xb3\xe2\x11 @\x80\
\x00\x01\x02\x04\x08\xb4W\xa0\xf8\x8b\xa4_\xfc\xe2\x17\xc3\
;\xdf\xf9\xce\xf6\x22HN\x80\x00\x81\x96\x08\x88I\x80\
@\xfc\x02\x1a\xe8\xf1\xaf\x91\x0a\x09\x10 @\x80\x00\x01\
\x02\xd9\x0a\xbc\xe9Mo\x0a\xab\xab\xab\xe1\xde{\xef\xcd\
6cK\x82\x89I\x80\x00\x01\x02\x04\x08\x10 0\xa0\
\xc0\xeb^\xf7\xba\xb0\xb2\xb2\x12\x1e|\xf0\xc1\x01Gr\
;\x01\x02\x04\x08\x10\xa8L\xc0\xc0\x04Z!\xa0\x81\xde\
\x8ae\x16\x92\x00\x01\x02\x04\x08\x10 \x10\x9f@\xf1\x0b\
\xc2\xa2y^4\xd1\xe3\xabNE\xed\x12\x90\x96\x00\x01\
\x02\x04\x08\x10 \x10\x87\xc0\xfd\xf7\xdf\x1f\xbe\xf2\x95\xaf\
\xf8\x0b\xa6q,\x87*\x08\x10 @ ;\x01\x81\x08\
t'\xa0\x81\xde\x9d\x93\xab\x08\x10 @\x80\x00\x01\x02\
\x04J\x16\xf8\xbd\xdf\xfb\xbdPl\xdf^\xf2\xb0\x86#\
\xd0>\x01\x89\x09\x10 @\x80\x00\x81\xac\x04\x8a'\xd0\
\xbf\xfc\xe5/\x87b[\xf7\xac\x82\x09C\x80\x00\x01\x02\
\x04\x08\x0c&\xe0\xee\xda\x044\xd0k\xa36\x11\x01\x02\
\x04\x08\x10 @\x80\xc0\xba\xc0\xf9\xf3\xe7\xc3\x87?\xfc\
\xe1\xf5o\xbd\x12 \xd0b\x01\xd1\x09\x10 @\x80\x00\
\x81\x8d\x02G\x8f\x1e\x0d\xbf\xfe\xeb\xbf\xbe\xf1\x84#\x04\
\x08\x10 @\x80\x00\x81D\x05R*[\x03=\xa5\xd5\
R+\x01\x02\x04\x08\x10 @ \x03\x81\x9f\xfc\xc9\x9f\
\x0c\x9f\xfd\xecg3H\x22\x02\x01\x02\x04\x02\x02\x02\x04\
\x08\x10 P\x99\xc0\xb9s\xe7\xc2\xc9\x93'+\x1b\xdf\
\xc0\x04\x08\x10 @\x80\x00\x01\x02\x9b\x0bl\xd2@\xdf\
\xfcBG\x09\x10 @\x80\x00\x01\x02\x04\x08\x0c*\xb0\
w\xef\xde\xf0\xa5/}\xc9v\x94\x83B\xba\x9f\x00\x01\
\x02\xa5\x08\x18\x84\x00\x01\x02\x04b\x17\xf8\xc2\x17\xbe\x10\
\x0e\x1c8\x10{\x99\xea#@\x80\x00\x01\x02\x04\x08d\
%\x90_\x03=\xab\xe5\x11\x86\x00\x01\x02\x04\x08\x10 \
\x90\x8f@\xf1o8~\xf1\x8b_\x0c\xbbv\xed\xca'\
\x94$\x04\x08\x10 \xd0\x9c\x80\x99\x09\x10 \xd0\x02\x81\
{\xee\xb9\xe7\xda_@\xbd\xf3\xce;[\x90VD\x02\
\x04\x08\x10 @\x80@\x1c\x02\x1a\xe8q\xac\xc3kU\
xC\x80\x00\x01\x02\x04\x08\x10\xc8U\xe0\x13\x9f\xf8D\
x\xef{\xdf\x9bk<\xb9\x08\x10 @\x80@O\x02\
.&@\x80@\xb7\x02\xefx\xc7;\xc2\xa7?\xfd\xe9\
n/w\x1d\x01\x02\x04\x08\x10 @\x80\xc0\x80\x02\x1a\
\xe8\x03\x02\xba\xfd\x16\x01\xdf\x10 @\x80\x00\x01\x02\x04\
6\x15\xf8\xd1\x1f\xfd\xd1\xf0\xab\xbf\xfa\xab\x9b\x9es\x90\
\x00\x01\x02\x04\x08\x10HN@\xc1\x04\x08\xd4,\xf0\x8b\
\xbf\xf8\x8b\xa1h\xa4\xd7<\xad\xe9\x08\x10 @\x80\x00\
\x01\x02\xad\x14\xd0@o\xe5\xb2\x0b\xbd\xb9\x80\xa3\x04\x08\
\x10 @\x80@\x15\x02w\xdcqGx\xe6\x99g\x82\
m'\xab\xd05&\x01\x02\x04\x08\x10 \xd0\xbb\x80;\
\x08\xa4'P\xfcsH\xc5\xcf\xd4w\xdduWz\xc5\
\xab\x98\x00\x01\x02\x04\x08\x10 \x90\x98\x80\x06zb\x0b\
\xa6\x5c\x02[\x0a8A\x80\x00\x01\x02\x04\x22\x15\xf8\xd8\
\xc7>\x16\xde\xfe\xf6\xb7GZ\x9d\xb2\x08\x10 @\x80\
\x00\x01\x02\x89\x09(\xb7\xb5\x02\x0f=\xf4P\xf8\xa5_\
\xfa\xa5\xd6\xe6\x17\x9c\x00\x01\x02\x04\x08\x10 P\x97\x80\
\x06z]\xd2\xe6!@`[\x01'\x09\x10 @ \
O\x81\xdd\xbbw\x87\xcf|\xe63y\x86\x93\x8a\x00\x01\
\x02\x04\x08\x10 @\xa0g\x017\x0c&p\xfe\xfc\xf9\
\xf0\x96\xb7\xbce\xb0A\xdcM\x80\x00\x01\x02\x04\x08\x10\
 \xb0\xad\x80\x06\xfa\xb6<N\x12 @\xa0+\x01\x17\
\x11 @\x80\xc0\x16\x02\x9f\xff\xfc\xe7\xc3\xd8\xd8\xd8\x16\
g\x1d&@\x80\x00\x01\x02\x04\x08\x10 \x90\x94@\xe3\
\xc5\x16[\xb8?\xfd\xf4\xd3\x8d\xd7\xa1\x00\x02\x04\x08\x10\
 @\x80@\xce\x02\x1a\xe89\xaf\xael\x04\x08\x10\xe8\
J\xc0E\x04\x08\x10\xa8F\xe0\xd1G\x1f\x0dg\xce\x9c\
\xa9fp\xa3\x12 @\x80\x00\x01\x02\x04\x08\x10h\xa9\
\xc0\xfb\xdf\xff\xfe\xf0\xbe\xf7\xbd\xaf\x8f\xf4n!@\x80\
\x00\x01\x02\x04\x08\x10\xe8F@\x03\xbd\x1b%\xd7\x10 \
@\x80@\xbc\x02*#@ Z\x81\xdf\xfe\xed\xdf\x8e\
\xb66\x85\x11 @\x80\x00\x01\x02\x04\x08\x10HY\xa0\
\xd8\xe9\xe9\x8e;\xeeH9B\xef\xb5\xbb\x83\x00\x01\x02\
\x04\x08\x10 P\x93\x80\x06zM\xd0\xa6!@\x80\x00\
\x01\x02\x9b\x098F W\x81\x13'N\x84\xe2\x09\xf4\
\x5c\xf3\xc9E\x80\x00\x01\x02\x04\x08\x10 @\xa0I\x81\
\x1f\xf9\x91\x1f\x09O>\xf9d\x93%\x98\xbbG\x01\x97\
\x13 @\x80\x00\x01\x02\xe9\x08h\xa0\xa7\xb3V*%\
@\x80\x00\x01\x02\xb1\x09\xa8\x87\xc0\xa6\x02\xc5\xbf\xcb\xf8\
\xb9\xcf}n\xd3s\x0e\x12 @\x80\x00\x01\x02\x04\x08\
\x10 P\x8e\xc0\xa7?\xfd\xe9p\xef\xbd\xf7\x963\x98\
Q\x08l/\xe0,\x01\x02\x04\x08\x10h\x95\x80\x06z\
\xab\x96[X\x02\x04\x08\x10 @\xe0\x86\x80wU\x09\
\xfc\xcc\xcf\xfcL\xf8\xc1\x1f\xfc\xc1\xaa\x867.\x01\x02\
\x04\x08\x10 @\x80\x00\x01\x02W\x05&&&\xc2\xcf\
\xff\xfc\xcf_}\xe7\x7f\x04\x08l/\xe0,\x01\x02\x04\
\x08\x10\xe8M@\x03\xbd7/W\x13 @\x80\x00\x01\
\x02\x04\xe2\x10\x88\xb4\x8a\xd1\xd1\xd1p\xee\xdc\xb9H\xab\
S\x16\x01\x02\x04\x08\x10 @\x80\x00\x81\xbc\x04~\xf6\
g\x7f6\xbc\xf1\x8do\xcc+\x944\x04\x08\xdc*\xe0\
;\x02\x04\x08\x10\xa8]@\x03\xbdvr\x13\x12 @\
\x80\x00\x01\x02\x04\xf2\x15\xf8\xf8\xc7?\x1e\xf6\xee\xdd\xbb\
c@\x17\x10 @\x80\x00\x01\x02\x04\x08\x10 0\xb8\
\xc0}\xf7\xdd\xe7/\xb0\x0e\xceh\x04\x02\x04*\x140\
4\x01\x02\x04R\x14\xd0@Oq\xd5\xd4L\x80\x00\x01\
\x02\x04\x08\x10\x88P\xe0\xf5\xaf\x7f}8\x7f\xfe|\x84\
\x95\x95^\x92\x01\x09\x10 @\x80\x00\x01\x02\x04\x08D\
#\xf0\xd3?\xfd\xd3\x9eB\x8ff5\x14B\x80@f\
\x02\xe2\x10 \xd0R\x01\x0d\xf4\x96.\xbc\xd8\x04\x08\x10\
 @\x80\x00\x81\xb2\x05\x8a\x7f\xfb\xbch\xa2\x97=\xae\
\xf1\xca\x160\x1e\x01\x02\x04\x08\x10 @\x80@N\x02\
\xaf{\xdd\xebB\xb1\x95{N\x99d!@\x80\x00\x81\
2\x04\x8cA\x80@\xbf\x02\x1a\xe8\xfd\xca\xb9\x8f\x00\x01\
\x02\x04\x08\x10 @\xe05\x81\xe1\xe1\xe1\xf0\x91\x8f|\
\xe4\xb5\xef\xbd!P\x99\x80\x81\x09\x10 @\x80\x00\x01\
\x02\x046\x08<\xf9\xe4\x93\xe1\xee\xbb\xef\xdep\xdc\x01\
\x02\x04\x08\x10 \x90\xac\x80\xc2\x094(\xa0\x81\xde \
\xbe\xa9\x09\x10 @\x80\x00\x01\x02\xb9\x08\x1c?~<\
\xbc\xf9\xcdo\xce%\x8e\x1c\x04*\x1300\x01\x02\x04\
\x08\x10 @\xa0\x0a\x817\xbc\xe1\x0d\xe1\xf4\xe9\xd3U\
\x0cmL\x02\x04\x08\x10 @\xa0\x0f\x01\xb7\xa4-\xa0\
\x81\x9e\xf6\xfa\xa9\x9e\x00\x01\x02\x04\x08\x10 \x10\x85\xc0\
\xc7?\xfe\xf1(\xeaP\x04\x01\x02\x95\x0a\x18\x9c\x00\x01\
\x02\x04\x08\x10\x88X\xe0c\x1f\xfbX\xe8t:\x11W\
\xa84\x02\x04\x08\x10 @ \x11\x81\xd6\x97\xa9\x81\xde\
\xfa\x8f\x00\x00\x02\x04\x08\x10 @\x80\xc0`\x02SS\
S\xe1\xd1G\x1f\x1dl\x10w\x13 @\xa0r\x01\x13\
\x10 @\x80\x00\x81\xbc\x05~\xe4G~$\x1c>|\
8\xef\x90\xd2\x11 @\x80\x00\x01\x02\x04v\x14\x18\xfc\
\x02\x0d\xf4\xc1\x0d\x8d@\x80\x00\x01\x02\x04\x08\x10h\xb5\
\xc0\xc2\xc2B\xab\xf3\x0bO\x80\x00\x81Z\x04LB\x80\
\x00\x01\x02\x04\xba\x10\xf0\xb3y\x17H.!@\x80\x00\
\x01\x02\x04\x08\xec \xd0h\x03}\x87\xda\x9c&@\x80\
\x00\x01\x02\x04\x08\x10\x88\x5c`dd$\x9c:u*\
\xf2*\x95G\x80\x00\x01\x02M\x0b\x98\x9f\x00\x01\x02\x04\
\xea\x118~\xfcx\xb8\xe7\x9e{\xea\x99\xcc,\x04\x08\
\x10 @\x80\x00\x81L\x054\xd0\xfb_Xw\x12 \
@\x80\x00\x01\x02\x04Z/077\x17\xee\xbf\xff\xfe\
\xd6;\x00 @\x80\x00\x81\xac\x05\x84#@\x80@2\
\x02E\xf3\xfc\xa7~\xea\xa7\x92\xa9W\xa1\x04\x08\x10 \
@\x80\x00\x81\x18\x054\xd0c\x5c\x95Zj2\x09\x01\
\x02\x04\x08\x10 @`p\x81\xb3g\xcf\x0e>\x88\x11\
\x08\x10 @\x80\x00\x81\x0a\x05\x0cM\x80@\xdb\x04\xfc\
\x8c\xde\xb6\x15\x97\x97\x00\x01\x02\x04\x08\x10([@\x03\
\xbdlQ\xe3\xd5#`\x16\x02\x04\x08\x10 @\xa0q\
\x81\xf1\xf1\xf1\xf0\xcew\xbe\xb3\xf1:\x14@\x80\x00\x01\
\x02\x04\x08d, \x1a\x01\x02=\x0b<\xf2\xc8#\xe1\
\x8do|c\xcf\xf7\xb9\x81\x00\x01\x02\x04\x08\x10 @\
\xe0\xba\x80\x06\xfau\x07\x7f\x12\xa8U\xc0d\x04\x08\x10\
 @ \x07\x81\xa3G\x8f\x86;\xef\xbc3\x87(2\
\x10 @\x80\x00\x01\x02\x04*\x110(\x81&\x04:\
\x9dNx\xff\xfb\xdf\xdf\xc4\xd4\xe6$@\x80\x00\x01\x02\
\x04\x08d!\xa0\x81\x9e\xc52\x0aA\xa0V\x01\x93\x11\
 @\x80\x00\x81k\x02\xc7\x8e\x1d\xbb\xf6\xea\x0f\x02\x04\
\x08\x10 @\x80\x00\x81,\x05\x84JX\xc0\xcf\xea\x09\
/\x9e\xd2\x09\x10 @\x80\x00\x81\xc6\x054\xd0\x1b_\
\x02\x05\x10 P\xaf\x80\xd9\x08\x10 @\xa0\x0c\x81b\
\xfb\xf6#G\x8e\x941\x941\x08\x10 @\x80\x00\x01\
\x02\x04\x08T \xd0\xee!\x7f\xec\xc7~,\xdc{\xef\
\xbd\xedF\x90\x9e\x00\x01\x02\x04\x08\x10 \xd0\xa7\x80\x06\
z\x9fpn#@\x80@#\x02&%@\x80@$\
\x02\xefz\xd7\xbbB\xd1D\x8f\xa4\x1ce\x10 @\x80\
\x00\x01\x02\x04\x08\x10\xc8K`\xc04\xc5?\xb5\xe4/\
\xbc\x0e\x88\xe8v\x02\x04\x08\x10 @\xa0\xb5\x02\x1a\xe8\
\xad]z\xc1\x09\x10 P\xbf\x80\x19\x09\x10\xc8G\xe0\
}\xef{_>a$!@\x80\x00\x01\x02\x04\x08\x10\
 \x90\xa1@\x93\xdb\xb8g\xc8)\x12\x01\x02\x04\x08\x10\
 \xd0\x22\x01\x0d\xf4\x16-\xb6\xa8\x04\x08\x10 0\x90\
\x80\x9b\x09\x10\xb8I@\x03\xfd&\x0co\x09\x10 @\
\x80\x00\x01\x02\x04\x08D(P\xfc\xcc\xde\xe9t\x22\xac\
,\xfa\x92\x14H\x80\x00\x01\x02\x04\x08\xb4\x5c@\x03\xbd\
q\xe6\xad\x02\x00\x00\x10\x00IDAT\xe5\x1f\x00\xf1\
\x09\x10 @\xa0-\x02r\x12(O\xe0\xe1\x87\x1f\x0e\
\x0f=\xf4Py\x03\x1a\x89\x00\x01\x02\x04\x08\x10 @\
\x80\x00\x81\xd2\x05^\xff\xfa\xd7\x87G\x1f}\xb4\xf4q\
\x0d\x18\xbb\x80\xfa\x08\x10 @\x80\x00\x81A\x054\xd0\
\x07\x15t?\x01\x02\x04\x08\x10 P\xbd\x80\x19\xa2\x12\
\x98\x99\x99\x89\xaa\x1e\xc5\x10 @\x80\x00\x01\x02\x04\x08\
\x10 \xb0\xb9\x80\x9f\xdd7wq4b\x01\xa5\x11 \
@\x80\x00\x81\x08\x044\xd0#X\x04%\x10 @\x80\
\x00\x01\x02y\x0b\xe4\x96\xee\x1d\xefxGn\x91\xe4!\
@\x80\x00\x01\x02\x04\x08\x10 \x90\xa5\x80\x9f\xdd\xb3\x5c\
V\xa1\x22\x16P\x1a\x01\x02\x04\x08\xe4!\xa0\x81\x9e\xc7\
:JA\x80\x00\x01\x02\x04\x08\x10\xa8J`\xc3\xb8\x9e\
b\xd9@\xe2\x00\x01\x02\x04\x08\x10 @\x80\x00\x81(\
\x05\xde\xf5\xaew\x85\xa1!\xbf\x02\x8erq\x14E \
>\x01\x15\x11 @\x80\xc0\xab\x02~zz\x15\xc2\x0b\
\x01\x02\x04\x08\x10 @\x80\xc0\xce\x02{\xf7\xee\x0d\x0f\
<\xf0\xc0\xce\x17Fs\x85B\x08\x10 @\x80\x00\x01\
\x02\x04\x08\xb4W\xe0\xfe\xfb\xef\x0fo}\xeb[\xdb\x0b\
 9\x01\x02-\x12\x10\x95\x00\x01\x02\xe5\x09h\xa0\x97\
gi$\x02\x04\x08\x10 @\x80@\xf6\x02\xb6\x80\xac\
y\x89MG\x80\x00\x01\x02\x04\x08\x10 @`@\x01\
?\xc3\x0f\x08\xe8v\x02\x04\x08\xd4!`\x0e\x02\x04\xa2\
\x12\xd0@\x8fj9\x14C\x80\x00\x01\x02\x04\x08\x10\x88\
[\xe0\xe1\x87\x1f\x8e\xbb@\xd5E%\xa0\x18\x02\x04\x08\
\x10 @\x80\x00\x81\xe6\x05\xfc\x0c\xdf\xfc\x1a\xa8\x80\x00\
\x01\x02\xb9\x0b\xc8G 7\x01\x0d\xf4\xdcVT\x1e\x02\
\x04\x08\x10 @\x80@\x85\x02SSS\x15\x8enh\
\x02Q\x09(\x86\x00\x01\x02\x04\x08\x10 \x90\x85\x80\x9f\
\xe1\xb3XF!\x08\x10 @\xa0:\x01#\x13\xd8 \
\xa0\x81\xbe\x81\xc4\x01\x02\x04\x08\x10 @\x80\x00\x81\xad\
\x04\xfc\xf2m+\x19\xc7\x09\xc4&\xa0\x1e\x02\x04\x08\x10\
 @\x80\xc0u\x01?\xc3_w\xf0'\x01\x02\x04\x08\
\x10\xc8S@\xaa*\x044\xd0\xabP5&\x01\x02\x04\
\x08\x10 @ C\x81\xbb\xef\xbe;<\xf8\xe0\x83\x19\
&\x13\x89\x00\x81\xe8\x04\x14D\x80\x00\x01\x02\x04\x08\x94\
&\xb0g\xcf\x9e\xb0w\xef\xde\xd2\xc63\x10\x01\x02\x04\
\x08\x10 @\xa04\x81H\x07\xd2@\x8fta\x94E\
\x80\x00\x01\x02\x04\x08\x10\x88M\xe0\xado}k\x18\x1a\
\xf2\xe3cl\xeb\xa2\x1e\x02\x04\xe2\x13P\x11\x01\x02\x04\
\x08\x10\x88M\xe0\xe1\x87\x1f\x8e\xad$\xf5\x10 @\x80\
\x00\x01\x02\x04\xa2\x15\xe8\xf67\xa0\xd1\x06P\x18\x01\x02\
\x04\x08\x10 @\x80@=\x02\x9eZ\xa9\xc7\xd9,\x04\
\x08\x10hX\xc0\xf4\x04\x08\x10 \x90\xa1\xc0\x0f\xfd\xd0\
\x0fe\x98J$\x02\x04\x08\x10 @\x80@5\x02-\
i\xa0W\x83gT\x02\x04\x08\x10 @\x80@\x9b\x04\
4\xd0\xdb\xb4\xda\xb2\x12 @ U\x01u\x13 @\
\x80\xc0f\x02~\x96\xdfL\xc51\x02\x04\x08\x10 @\
\x80\xc0\xe6\x02\x1a\xe8\x9b\xbb\xc4uT5\x04\x08\x10 \
@\x80\x00\x81\x08\x04<\xb5\x12\xc1\x22(\x81\x00\x01\x02\
\x04\xf2\x16\x90\x8e\x00\x01\x02\x15\x09h\xa0W\x04kX\
\x02\x04\x08\x10 @ K\x01\x0d\xf4,\x975\xaeP\
\xaa!@\x80\x00\x01\x02\x04\xf2\x10\xf8\xe1\x1f\xfe\xe1<\
\x82HA\x80\x00\x01\x02\x04\x08T\x22`P\x02\x04\xe2\
\x15\xf0\xb3|\xbck\xa32\x02\x04\x08\x10 @ >\
\x01\x0d\xf4\xf8\xd6DEq\x09\xa8\x86\x00\x01\x02\x04\x08\
\x10xU`bb\xe2\xd5w^\x08\x10 @\x80\x00\
\x01\x02\xd9\x09\x08D k\x01?\xcbg\xbd\xbc\xc2\x11\
 @\x80\x00\x01\x02%\x0bh\xa0\x97\x0cj8\x02q\
\x09\xa8\x86\x00\x01\x02\x04\x08\x94'`\xdb\xc7\xf2,\x8d\
D\x80\x00\x01\x02\x04\x08\x10(W\xc0h\x04\xb6\x17\xf0\
\xb3\xfc\xf6>\xce\x12 @\x80\x00\x01\x02\x04n\x16\xd0\
@\xbfY\xc3{\x02\x04\xe2\x12P\x0d\x01\x02\x04\x08D\
%\xe0\x97nQ-\x87b\x08\x10 @\x80\x00\x01\x02\
\xf9\x08HR\xb9\x80\x9f\xe5+'6\x01\x01\x02\x04\x08\
\x10 \x90\x91\x80\x06zF\x8b)\x0a\x01\x02q\x09\xa8\
\x86\x00\x01\x02\xb9\x09\xdcw\xdf}\xb9E\x92\x87\x00\x01\
\x02\x04\x08\x10 @\x80\xc0\xc0\x02)\x0cp\xd7]w\
\x85\xa1!\xbf\x0aNa\xad\xd4H\x80\x00\x01\x02\x04\x08\
4/\xe0\xa7\xa6\xe6\xd7@\x05\x04\x08\x10\x88Q@M\
\x04\x08\x10\xd8 P\xfc\xd2m\xc3A\x07\x08\x10 @\
\x80\x00\x01\x02\x04\x08\x10HB`\x8b\x06z\x12\xb5+\
\x92\x00\x01\x02\x04\x08\x10 P\xa7\x80\x06z\x9d\xda\xe6\
\x22@\x80\x00\x81\x9a\x04LC\x80@\xd9\x02~\xd9V\
\xb6\xa8\xf1\x08\x10 @\x80\x00\x01\x02\x04\x08\xd4+p\
\xc7\x1dw\xd4;a-\xb3\x99\x84\x00\x01\x02\x04\x08\x10\
 P\xbe\x80\x06z\xf9\xa6F$@\x80\x00\x01\x02\x83\
\x09\xb8\x9b\x00\x01\x02\x04\x08\x10 @\x80\x00\x01\x02\x04\
\x08\x10\xc8_@B\x02\x04\x08\x10 @ J\x01\x0d\
\xf4(\x97EQ\x04\x08\x10 @ ]\x01\x95\xe7)\
\xd0\xe9t\xf2\x0c&\x15\x01\x02\x04\x08\x10 @\x80\x00\
\x81\x96\x08t:~\xa6o\xc9R\xd7\x16\xd3D\x04\x08\
\x10 @ W\x01\x0d\xf4\x5cWV.\x02\x04\x08\x10\
 @\xa0\x1f\x01\xf7l!\xd0\xe9\xf8e\xdb\x164\x0e\
\x13 @\x80\x00\x01\x02\x04\x08\x10HB\xc0?\xcb\x94\
\xc42)\xb2>\x013\x11 @\x80\x00\x81-\x054\
\xd0\xb7\xa4q\x82\x00\x01\x02\x04\x08\x10 \x90\x9a\x80z\
\x09\x10 @\x80\x00\x01\x02\x04\x08\x10 \xb0\xb9@\xa7\
\xe3/\xc5n.\xe3(\x81\x14\x05\xd4L\x80\x00\x01\x02\
U\x0ah\xa0W\xa9kl\x02\x04\x08\x10 @\x80\x00\
\x81\xee\x05\x5cI\x80\x00\x01\x02\x04\x08\x10 @\x80\x00\
\x01\x02\x04\x08\xe4/ !\x01\x02\x04\x22\x17\xd0@\x8f\
|\x81\x94G\x80\x00\x01\x02\x04\x08\x10 \x90\x86\x80*\
\x09\x10 @\x80\x00\x01\x02\x04\x08\x10 @\x80\x00\x81\
\xfc\x05$$@ \x7f\x01\x0d\xf4\xfc\xd7XB\x02\x04\
\x08\x10 @\x80\x00\x01\x02;\x098O\x80\x00\x01\x02\
\x04\x08\x10 @\x80\x00\x01\x02\x04\x08\xe4/ !\x01\
\x02]\x08h\xa0w\x81\xe4\x12\x02\x04\x08\x10 @\x80\
\x00\x01\x02\x04b\x16P\x1b\x01\x02\x04\x08\x10 @\x80\
\x00\x01\x02\x04\x08\x10 \x90\xbf\x80\x84\x04\xea\x11\xd0@\
\xaf\xc7\xd9,\x04\x08\x10 @\x80\x00\x01\x02\x04\x08\x10\
\xd8\x5c\xc0Q\x02\x04\x08\x10 @\x80\x00\x01\x02\x04\x08\
\x10 @ \x7f\x01\x09\x93\x11\xd0@Of\xa9\x14J\
\x80\x00\x01\x02\x04\x08\x10 @\x80\x00\x81\xf8\x04TD\
\x80\x00\x01\x02\x04\x08\x10 @\x80\x00\x01\x02\x04\x08\xe4\
/\xd0\xa6\x84\x1a\xe8mZmY\x09\x10 @\x80\x00\
\x01\x02\x04\x08\x10 @\xe0f\x01\xef\x09\x10 @\x80\
\x00\x01\x02\x04\x08\x10 @\x80\x00\x81\xfc\x05zJ\xa8\
\x81\xde\x13\x97\x8b\x09\x10 @\x80\x00\x01\x02\x04\x08\x10\
 @\x80@,\x02\xea @\x80\x00\x01\x02\x04\x08\x10\
 @\x80\x00\x01\x02\x04\xca\x16\x88\xaf\x81^vB\xe3\
\x11 @\x80\x00\x01\x02\x04\x08\x10 @\x80\x00\x01\x02\
\xf1\x09\xa8\x88\x00\x01\x02\x04\x08\x10 @\x80\x00\x01\x02\
\x04\x08D(\xa0\x81^\xf2\xa2\x18\x8e\x00\x01\x02\x04\x08\
\x10 @\x80\x00\x01\x02\x04\x08\x10\xc8_@B\x02\x04\
\x08\x10 @\x80\x00\x01\x02\x04\x08\x10\xc8S@\x03=\
\xcfu\xed7\x95\xfb\x08\x10 @\x80\x00\x01\x02\x04\x08\
\x10 @\x80\x00\x81\xfc\x05$$@\x80\x00\x01\x02\x04\
\x08\x10 @\x80\x00\x81-\x044\xd0\xb7\x80q8E\
\x015\x13 @\x80\x00\x01\x02\x04\x08\x10 @\x80\x00\
\x01\x02\xf9\x0bHH\x80\x00\x01\x02\x04\x08\x10 @\x80\
\x00\x81\xea\x044\xd0\xab\xb352\x81\xde\x04\x5cM\x80\
\x00\x01\x02\x04\x08\x10 @\x80\x00\x01\x02\x04\x08\xe4/\
 !\x01\x02\x04\x08\x10 @\x80\x00\x01\x02Q\x0bh\
\xa0G\xbd<\x8a#\x90\x8e\x80J\x09\x10 @\x80\x00\
\x01\x02\x04\x08\x10 @\x80\x00\x81\xfc\x05$$@\x80\
\x00\x01\x02\x04\x08\x10 \x90\xbb\x80\x06z\xee+,\x1f\
\x01\x02\xdd\x08\xb8\x86\x00\x01\x02\x04\x08\x10 @\x80\x00\
\x01\x02\x04\x08\x10\xc8_@B\x02\x04\x08\x10 @\x80\
\x00\x01\x02;\x0ah\xa0\xefH\xe4\x02\x02\x04\x08\xc4.\
\xa0>\x02\x04\x08\x10 @\x80\x00\x01\x02\x04\x08\x10 \
@ \x7f\x01\x09\x09\x10 @\x80\x00\x01\x02\x04\xea\x10\
\xd0@\xafC\xd9\x1c\x04\x08\x10 \xb0\xb5\x803\x04\x08\
\x10 @\x80\x00\x01\x02\x04\x08\x10 @\x80@\xfe\x02\
\x12\x12 @\x80\x00\x01\x02\x04\x12\x11\xd0@Od\xa1\
\x94I\x80\x00\x01\x02q\x0a\xa8\x8a\x00\x01\x02\x04\x08\x10\
 @\x80\x00\x01\x02\x04\x08\x10\xc8_@B\x02\x04\x08\
\x10 @\xa0=\x02\x1a\xe8\xedYkI\x09\x10 @\
\x80\xc0\xed\x02\xbe'@\x80\x00\x01\x02\x04\x08\x10 @\
\x80\x00\x01\x02\x04\xf2\x17\x90\x90\x00\x01\x02\x04\x08\x10\xe8\
A@\x03\xbd\x07,\x97\x12 @\x80\x00\x01\x021\x09\
\xa8\x85\x00\x01\x02\x04\x08\x10 @\x80\x00\x01\x02\x04\x08\
\x10\xc8_@B\x02\x04\x08\x10 P\xaf\x80\x06z\xbd\
\xdef#@\x80\x00\x01\x02\x04\x08\x5c\x17\xf0'\x01\x02\
\x04\x08\x10 @\x80\x00\x01\x02\x04\x08\x10 \x90\xbf\x80\
\x84\x04\x08\x10 \x90\x9c\x80\x06zrK\xa6`\x02\x04\
\x08\x10 @\x80@\xf3\x02* @\x80\x00\x01\x02\x04\
\x08\x10 @\x80\x00\x01\x02\x04\xf2\x17\x90\x90\x00\x01\x02\
m\x14\xd0@o\xe3\xaa\xcbL\x80\x00\x01\x02\x04\x08\x10\
h\xb7\x80\xf4\x04\x08\x10 @\x80\x00\x01\x02\x04\x08\x10\
 @\x80@\xfe\x02\x12\x12 @\xa0/\x01\x0d\xf4\xbe\
\xd8\xdcD\x80\x00\x01\x02\x04\x08\x10 @\xa0)\x01\xf3\
\x12 @\x80\x00\x01\x02\x04\x08\x10 @\x80\x00\x01\x02\
\xf9\x0bHH\x80@S\x02\x1a\xe8M\xc9\x9b\x97\x00\x01\
\x02\x04\x08\x10 @\x80@\x1b\x05d&@\x80\x00\x01\
\x02\x04\x08\x10 @\x80\x00\x01\x02\x04\xf2\x17\x90\x90@\
\xc2\x02\x1a\xe8\x09/\x9e\xd2\x09\x10 @\x80\x00\x01\x02\
\x04\x08\x10\xa8W\xc0l\x04\x08\x10 @\x80\x00\x01\x02\
\x04\x08\x10 @\x80@\xfe\x02\x12\xb6[@\x03\xbd\xdd\
\xeb/=\x01\x02\x04\x08\x10 @\x80\x00\x01\x02\xed\x11\
\x90\x94\x00\x01\x02\x04\x08\x10 @\x80\x00\x01\x02\x04\x08\
\x10\xc8_@\xc2\x01\x054\xd0\x07\x04t;\x01\x02\x04\
\x08\x10 @\x80\x00\x01\x02\x04\x08\xd4!`\x0e\x02\x04\
\x08\x10 @\x80\x00\x01\x02\x04\x08\x10 @ \x7f\x81\
\xe6\x13j\xa07\xbf\x06* @\x80\x00\x01\x02\x04\x08\
\x10 @\x80\x00\x81\xdc\x05\xe4#@\x80\x00\x01\x02\x04\
\x08\x10 @\x80\x00\x01\x02\x04\x92\x10\x18\xa8\x81\x9eD\
BE\x12 @\x80\x00\x01\x02\x04\x08\x10 @\x80\x00\
\x01\x02\x03\x09\xb8\x99\x00\x01\x02\x04\x08\x10 @\x80\x00\
\x01\x02\x04\x08\xb4E\xa0\xcd\x0d\xf4\xb6\xac\xb1\x9c\x04\x08\
\x10 @\x80\x00\x01\x02\x04\x08\x10 @\xa0\xcd\x02\xb2\
\x13 @\x80\x00\x01\x02\x04\x08\x10 @\x80\x00\x81\xae\
\x054\xd0\xbb\xa6\x8a\xedB\xf5\x10 @\x80\x00\x01\x02\
\x04\x08\x10 @\x80\x00\x01\x02\xf9\x0bHH\x80\x00\x01\
\x02\x04\x08\x10 @\x80\x00\x01\x02u\x0ah\xa0\xd7\xa9\
m\xae\x1b\x02\xde\x11 @\x80\x00\x01\x02\x04\x08\x10 \
@\x80\x00\x01\x02\xf9\x0bHH\x80\x00\x01\x02\x04\x08\x10\
 @\x80\x00\x81\xc4\x044\xd0\x13[0\xe5\xc6!\xa0\
\x0a\x02\x04\x08\x10 @\x80\x00\x01\x02\x04\x08\x10 @\
 \x7f\x01\x09\x09\x10 @\x80\x00\x01\x02\x04\x08\x10h\
\x9f\x80\x06z\xfb\xd6\x5cb\x02\x04\x08\x10 @\x80\x00\
\x01\x02\x04\x08\x10 @\x80\x00\x81\xfc\x05$$@\x80\
\x00\x01\x02\x04\x08\x10 @\xa0\x0f\x01\x0d\xf4>\xd0\xdc\
B\x80@\x93\x02\xe6&@\x80\x00\x01\x02\x04\x08\x10 \
@\x80\x00\x01\x02\x04\xf2\x17\x90\x90\x00\x01\x02\x04\x08\x10\
 @\x80@3\x02\x1a\xe8\xcd\xb8\x9b\x95\x00\x81\xb6\x0a\
\xc8M\x80\x00\x01\x02\x04\x08\x10 @\x80\x00\x01\x02\x04\
\x08\xe4/ !\x01\x02\x04\x08\x10 @\x80@\xb2\x02\
\x1a\xe8\xc9.\x9d\xc2\x09\x10 P\xbf\x80\x19\x09\x10 \
@\x80\x00\x01\x02\x04\x08\x10 @\x80\x00\x81\xfc\x05$\
$@\x80\x00\x01\x02\x04\x08\xb4Y@\x03\xbd\xcd\xab/\
;\x01\x02\x04\xda% -\x01\x02\x04\x08\x10 @\x80\
\x00\x01\x02\x04\x08\x10 \x90\xbf\x80\x84\x04\x08\x10 @\
\x80\x00\x81\x81\x044\xd0\x07\xe2s3\x01\x02\x04\x08\x10\
\xa8K\xc0<\x04\x08\x10 @\x80\x00\x01\x02\x04\x08\x10\
 @\x80@\xfe\x02\x12\x12 @\x80\x00\x01\x02M\x0b\
h\xa07\xbd\x02\xe6'@\x80\x00\x01\x02m\x10\x90\x91\
\x00\x01\x02\x04\x08\x10 @\x80\x00\x01\x02\x04\x08\x10\xc8\
_@B\x02\x04\x08\x10 \x90\x81\x80\x06z\x06\x8b(\
\x02\x01\x02\x04\x08\x10 P\xad\x80\xd1\x09\x10 @\x80\
\x00\x01\x02\x04\x08\x10 @\x80\x00\x81\xfc\x05$$@\
\x80\x00\x01\x02\x85\x80\x06z\xa1\xe0\x8b\x00\x01\x02\x04\x08\
\x10 \x90\xaf\x80d\x04\x08\x10 @\x80\x00\x01\x02\x04\
\x08\x10 @\x80@\xfe\x02\x12\x12 @\x80@I\x02\
\x1a\xe8%A\x1a\x86\x00\x01\x02\x04\x08\x10 @\xa0\x0a\
\x01c\x12 @\x80\x00\x01\x02\x04\x08\x10 @\x80\x00\
\x01\x02\xf9\x0bHH\x80\x00\x81x\x044\xd0\xe3Y\x0b\
\x95\x10 @\x80\x00\x01\x02\x04\x08\xe4& \x0f\x01\x02\
\x04\x08\x10 @\x80\x00\x01\x02\x04\x08\x10 \x90\xbf\x80\
\x84\x04\x08d%\xa0\x81\x9e\xd5r\x0aC\x80\x00\x01\x02\
\x04\x08\x10 @\xa0<\x01#\x11 @\x80\x00\x01\x02\
\x04\x08\x10 @\x80\x00\x01\x02\xf9\x0bHH\x80\xc0\xad\
\x02\x1a\xe8\xb7z\xf8\x8e\x00\x01\x02\x04\x08\x10 @\x80\
\x00\x81<\x04\xa4 @\x80\x00\x01\x02\x04\x08\x10 @\
\x80\x00\x01\x02\x04\xf2\x17\x90\x90@\xe9\x02\x1a\xe8\xa5\x93\
\x1a\x90\x00\x01\x02\x04\x08\x10 @\x80\x00\x01\x02\x83\x0a\
\xb8\x9f\x00\x01\x02\x04\x08\x10 @\x80\x00\x01\x02\x04\x08\
\x10\xc8_@\xc2\x18\x054\xd0c\x5c\x155\x11 @\
\x80\x00\x01\x02\x04\x08\x10 @ e\x01\xb5\x13 @\
\x80\x00\x01\x02\x04\x08\x10 @\x80\x00\x01\x02\xf9\x0bd\
\x9aP\x03=\xd3\x85\x15\x8b\x00\x01\x02\x04\x08\x10 @\
\x80\x00\x01\x02\x04\xfa\x13p\x17\x01\x02\x04\x08\x10 @\
\x80\x00\x01\x02\x04\x08\x10 \x90\xbf\xc0V\x095\xd0\xb7\
\x92q\x9c\x00\x01\x02\x04\x08\x10 @\x80\x00\x01\x02\x04\
\x08\xa4'\xa0b\x02\x04\x08\x10 @\x80\x00\x01\x02\x04\
\x08\x10 @`\x00\x81D\x1a\xe8\x03$t+\x01\x02\
\x04\x08\x10 @\x80\x00\x01\x02\x04\x08\x10 \x90\x88\x80\
2\x09\x10 @\x80\x00\x01\x02\x04\x08\x10 @\x80@\
\xb3\x02\x1a\xe8u\xf8\x9b\x83\x00\x01\x02\x04\x08\x10 @\
\x80\x00\x01\x02\x04\x08\x10\xc8_@B\x02\x04\x08\x10 \
@\x80\x00\x01\x02\x04\x08\x10H^@\x03=\xf9%\xac\
>\x80\x19\x08\x10 @\x80\x00\x01\x02\x04\x08\x10 @\
\x80\x00\x81\xfc\x05$$@\x80\x00\x01\x02\x04\x08\x10 \
@\x80\x00\x81\x104\xd0}\x0ar\x17\x90\x8f\x00\x01\x02\
\x04\x08\x10 @\x80\x00\x01\x02\x04\x08\x10\xc8_@B\
\x02\x04\x08\x10 @\x80\x00\x01\x02\x04\x08\x94\x22\xa0\x81\
^\x0a\xa3A\x08T%`\x5c\x02\x04\x08\x10 @\x80\
\x00\x01\x02\x04\x08\x10 @ \x7f\x01\x09\x09\x10 @\
\x80\x00\x01\x02\x04\x08\x10\x88E@\x03=\x96\x95P\x07\
\x81\x1c\x05d\x22@\x80\x00\x01\x02\x04\x08\x10 @\x80\
\x00\x01\x02\x04\xf2\x17\x90\x90\x00\x01\x02\x04\x08\x10 @\
\x80@F\x02\x1a\xe8\x19-\xa6(\x04\x08\x94+`4\
\x02\x04\x08\x10 @\x80\x00\x01\x02\x04\x08\x10 @ \
\x7f\x01\x09\x09\x10 @\x80\x00\x01\x02\x04\x08\xdc,\xa0\
\x81~\xb3\x86\xf7\x04\x08\x10\xc8G@\x12\x02\x04\x08\x10\
 @\x80\x00\x01\x02\x04\x08\x10 @ \x7f\x01\x09\x09\
\x10 @\x80\x00\x01\x02\x04J\x16\xd0@/\x19\xd4p\
\x04\x08\x10 P\x86\x801\x08\x10 @\x80\x00\x01\x02\
\x04\x08\x10 @\x80\x00\x81\xfc\x05$$@\x80\x00\x01\
\x02\x04\x08\xc4'\xa0\x81\x1e\xdf\x9a\xa8\x88\x00\x01\x02\x04\
R\x17P?\x01\x02\x04\x08\x10 @\x80\x00\x01\x02\x04\
\x08\x10 \x90\xbf\x80\x84\x04\x08\x10 @\x80@\x96\x02\
\x1a\xe8Y.\xabP\x04\x08\x10 @\xa0\x7f\x01w\x12\
 @\x80\x00\x01\x02\x04\x08\x10 @\x80\x00\x01\x02\xf9\
\x0bHH\x80\x00\x01\x02\x04\x08l.\xa0\x81\xbe\xb9\x8b\
\xa3\x04\x08\x10 @\x80@\x9a\x02\xaa&@\x80\x00\x01\
\x02\x04\x08\x10 @\x80\x00\x01\x02\x04\xf2\x81>\x9d\xe9\
\x00\x00\x10\x00IDAT\x17\x90\x90\x00\x01\x02\x04\x08\
T&\xa0\x81^\x19\xad\x81\x09\x10 @\x80\x00\x01\x02\
\xbd\x0a\xb8\x9e\x00\x01\x02\x04\x08\x10 @\x80\x00\x01\x02\
\x04\x08\x10\xc8_@B\x02\x04\x08\x10\x88Y@\x03=\
\xe6\xd5Q\x1b\x01\x02\x04\x08\x10 @ %\x01\xb5\x12\
 @\x80\x00\x01\x02\x04\x08\x10 @\x80\x00\x01\x02\xf9\
\x0bHH\x80\x00\x81\xcc\x054\xd03_`\xf1\x08\x10\
 @\x80\x00\x01\x02\x04\xba\x13p\x15\x01\x02\x04\x08\x10\
 @\x80\x00\x01\x02\x04\x08\x10 \x90\xbf\x80\x84\x04\x08\
\x10\xd8I@\x03}'!\xe7\x09\x10 @\x80\x00\x01\
\x02\x04\x08\xc4/\xa0B\x02\x04\x08\x10 @\x80\x00\x01\
\x02\x04\x08\x10 @ \x7f\x01\x09\x09\x10\xa8A@\x03\
\xbd\x06dS\x10 @\x80\x00\x01\x02\x04\x08\x10 \xb0\
\x9d\x80s\x04\x08\x10 @\x80\x00\x01\x02\x04\x08\x10 \
@\x80@\xfe\x02\x12\x12HC@\x03=\x8duR%\
\x01\x02\x04\x08\x10 @\x80\x00\x01\x02\xb1\x0a\xa8\x8b\x00\
\x01\x02\x04\x08\x10 @\x80\x00\x01\x02\x04\x08\x10\xc8_\
@\xc2\xff\x9f\xbd{\x01\xb7\xba*\xf3\x07\xbe\x80\xbf&\
^0R\x13C\xb4T\xd4\xbc\x14\xa2\x93\x8c\xe2]\xb3\
\xb2\x06\x11C\x8b\x1aC\xd4\x19+\xf3\xe9\xa2\x96\x9aV\
h^&\x9b)'g2o\xe5\xdd\xa0\xbcd\xa3\xa6\
\x22\x08iyM\xd1\xbc\xeb\x94\x8di\xa2f*LM\
\xf1o\x1fS\x11\x0e\x9c\xbd\xcf\xfe]\xd6Z\xbfO\x8f\
r\xce\xd9{\xad\xf5\xbe\xdf\xcf\xa23\xcf\xf4\x9e\xbdO\
c\x04\x0c\xd0\x1bs\xd5\x82\x12 @\x80\x00\x01\x02\x04\
\x08\x10 @\x80\xc0\x92\x02\x1e!@\x80\x00\x01\x02\x04\
\x08\x10 @\x80\x00\x01\x02\x04\xf2\x17h?\xa1\x01z\
\xfbVV\x12 @\x80\x00\x01\x02\x04\x08\x10 @\x80\
\x00\x81\xb8\x04tC\x80\x00\x01\x02\x04\x08\x10 @\x80\
\x00\x01\x02\x04\x08\x14*\x10\xe5\x00\xbd\xd0\x84\x0e#@\
\x80\x00\x01\x02\x04\x08\x10 @\x80\x00\x01\x02\x04\xa2\x14\
\xd0\x14\x01\x02\x04\x08\x10 @\x80\x00\x01\x02\x04\x08\x10\
\x88M\xc0\x00\xbd\xf8\x1bq\x22\x01\x02\x04\x08\x10 @\
\x80\x00\x01\x02\x04\x08\x10 \x90\xbf\x80\x84\x04\x08\x10 \
@\x80\x00\x01\x02\x04\x08\x10 \x90\xa1\x80\x01z\x86\x97\
\xda]$\xbb\x09\x10 @\x80\x00\x01\x02\x04\x08\x10 \
@\x80\x00\x81\xfc\x05$$@\x80\x00\x01\x02\x04\x08\x10\
 @\x80\x00\x81\xde\x04\x0c\xd0{S\xf1X\xba\x02:\
'@\x80\x00\x01\x02\x04\x08\x10 @\x80\x00\x01\x02\x04\
\xf2\x17\x90\x90\x00\x01\x02\x04\x08\x10 @\x80\x00\x01\x02\
%\x09\x18\xa0\x97\x04\xebX\x02\xfd\x11\xb0\x87\x00\x01\x02\
\x04\x08\x10 @\x80\x00\x01\x02\x04\x08\x10\xc8_@B\
\x02\x04\x08\x10 @\x80\x00\x01\x02\x04\xe2\x150@\x8f\
\xf7ntF 5\x01\xfd\x12 @\x80\x00\x01\x02\x04\
\x08\x10 @\x80\x00\x01\x02\xf9\x0bHH\x80\x00\x01\x02\
\x04\x08\x10 @ k\x01\x03\xf4\xac\xafW8\x02\x04\
\xda\x17\xb0\x92\x00\x01\x02\x04\x08\x10 @\x80\x00\x01\x02\
\x04\x08\x10\xc8_@B\x02\x04\x08\x10 @\x80\x00\x01\
\x02\xcb\x160@_\xb6\x8fg\x09\x10 \x90\x86\x80.\
\x09\x10 @\x80\x00\x01\x02\x04\x08\x10 @\x80\x00\x81\
\xfc\x05$$@\x80\x00\x01\x02\x04\x08\x10(]\xc0\x00\
\xbdtb\x05\x08\x10 @\xa0/\x01\xcf\x13 @\x80\
\x00\x01\x02\x04\x08\x10 @\x80\x00\x01\x02\xf9\x0bHH\
\x80\x00\x01\x02\x04\x08\x10HA\xc0\x00=\x85[\xd2#\
\x01\x02\x04\x08\xc4,\xa07\x02\x04\x08\x10 @\x80\x00\
\x01\x02\x04\x08\x10 @ \x7f\x01\x09\x09\x10 @\x80\
\x00\x81\x86\x08\x18\xa07\xe4\xa2\xc5$@\x80\x00\x01\x02\
\xbd\x0bx\x94\x00\x01\x02\x04\x08\x10 @\x80\x00\x01\x02\
\x04\x08\x10\xc8_@B\x02\x04\x08\x10 @\xa0]\x01\
\x03\xf4v\xa5\xac#@\x80\x00\x01\x02\x04\xe2\x13\xd0\x11\
\x01\x02\x04\x08\x10 @\x80\x00\x01\x02\x04\x08\x10 \x90\
\xbf\x80\x84\x04\x08\x10 @\xa0B\x01\x03\xf4\x0a\xb1\x95\
\x22@\x80\x00\x01\x02\x04\x08,*\xe0s\x02\x04\x08\x10\
 @\x80\x00\x01\x02\x04\x08\x10 @ \x7f\x01\x09\x09\
\x10 @ -\x01\x03\xf4\xb4\xeeK\xb7\x04\x08\x10 \
@\x80\x00\x81X\x04\xf4A\x80\x00\x01\x02\x04\x08\x10 \
@\x80\x00\x01\x02\x04\x08\xe4/ !\x01\x02\x04\x1a'\
`\x80\xde\xb8+\x17\x98\x00\x01\x02\x04\x08\x10 @ \
\x04\x06\x04\x08\x10 @\x80\x00\x01\x02\x04\x08\x10 @\
\x80@\xfe\x02\x12\x12 @\xa0s\x01\x03\xf4\xce\xcd\xec\
 @\x80\x00\x01\x02\x04\x08\x10 P\xaf\x80\xea\x04\x08\
\x10 @\x80\x00\x01\x02\x04\x08\x10 @\x80@\xfe\x02\
\x12\x12 P\x8b\x80\x01z-\xec\x8a\x12 @\x80\x00\
\x01\x02\x04\x08\x10h\xae\x80\xe4\x04\x08\x10 @\x80\x00\
\x01\x02\x04\x08\x10 @\x80@\xfe\x02\x12\x12HU\xc0\
\x00=\xd5\x9b\xd37\x01\x02\x04\x08\x10 @\x80\x00\x01\
\x02u\x08\xa8I\x80\x00\x01\x02\x04\x08\x10 @\x80\x00\
\x01\x02\x04\x08\xe4/ a\x83\x05\x0c\xd0\x1b|\xf9\xa2\
\x13 @\x80\x00\x01\x02\x04\x08\x10 \xd04\x01y\x09\
\x10 @\x80\x00\x01\x02\x04\x08\x10 @\x80\x00\x81\xfc\
\x05$\xecF\xc0\x00\xbd\x1b={\x09\x10 @\x80\x00\
\x01\x02\x04\x08\x10 @\xa0:\x01\x95\x08\x10 @\x80\
\x00\x01\x02\x04\x08\x10 @\x80\x00\x81\xfc\x05jNh\
\x80^\xf3\x05(O\x80\x00\x01\x02\x04\x08\x10 @\x80\
\x00\x01\x02\xcd\x10\x90\x92\x00\x01\x02\x04\x08\x10 @\x80\
\x00\x01\x02\x04\x08\x10\x88_\xa0\xdb\x01z\xfc\x09uH\
\x80\x00\x01\x02\x04\x08\x10 @\x80\x00\x01\x02\x04\x08t\
+`?\x01\x02\x04\x08\x10 @\x80\x00\x01\x02\x04\x08\
\x10h\x84@\xc3\x07\xe8\x8d\xb8c!\x09\x10 @\x80\
\x00\x01\x02\x04\x08\x10 @\x80@\xc3\x05\xc4'@\x80\
\x00\x01\x02\x04\x08\x10 @\x80\x00\x01\x02\xed\x09\x18\xa0\
\xb7\xe7\x14\xe7*]\x11 @\x80\x00\x01\x02\x04\x08\x10\
 @\x80\x00\x01\x02\xf9\x0bHH\x80\x00\x01\x02\x04\x08\
\x10 @\x80\x00\x01\x02\x95\x09\x18\xa0WF\xad\xd0\xe2\
\x02\xbe&@\x80\x00\x01\x02\x04\x08\x10 @\x80\x00\x01\
\x02\x04\xf2\x17\x90\x90\x00\x01\x02\x04\x08\x10 @\x80\x00\
\x01\x02)\x09\x18\xa0\xa7t[z\x8dI@/\x04\x08\
\x10 @\x80\x00\x01\x02\x04\x08\x10 @\x80@\xfe\x02\
\x12\x12 @\x80\x00\x01\x02\x04\x08\x10 \xd00\x01\x03\
\xf4\x86]\xb8\xb8\x04^\x16\xf0'\x01\x02\x04\x08\x10 \
@\x80\x00\x01\x02\x04\x08\x10 \x90\xbf\x80\x84\x04\x08\x10\
 @\x80\x00\x01\x02\x04\x08t*`\x80\xde\xa9\x98\xf5\
\x04\x08\xd4/\xa0\x03\x02\x04\x08\x10 @\x80\x00\x01\x02\
\x04\x08\x10 @ \x7f\x01\x09\x09\x10 @\x80\x00\x01\
\x02\x04\x08\xd4 `\x80^\x03\xba\x92\x04\x084[@\
z\x02\x04\x08\x10 @\x80\x00\x01\x02\x04\x08\x10 @\
 \x7f\x01\x09\x09\x10 @\x80\x00\x01\x02\x04\xd2\x140\
@O\xf3\xdetM\x80\x00\x81\xba\x04\xd4%@\x80\x00\
\x01\x02\x04\x08\x10 @\x80\x00\x01\x02\x04\xf2\x17\x90\x90\
\x00\x01\x02\x04\x08\x10 \xd0X\x01\x03\xf4\xc6^\xbd\xe0\
\x04\x08\x10h\xa2\x80\xcc\x04\x08\x10 @ \x7f\x81\x17\
_|1<\xfe\xf8\xe3\xe1\xc1\x07\x1f\x0c\xf7\xdcsO\
\xb8\xe3\x8e;\xc2\xcf~\xf6\xb3p\xe3\x8d7\x86Y\xb3\
f\x85\x9bo\xbe9\xdc~\xfb\xeda\xee\xdc\xb9\xe1\x81\
\x07\x1e\x08\xbf\xfa\xd5\xaf\xc2\xf3\xcf?\x9f?\x8c\x84\x04\
\x08\xb4%\xf0\xbf\xff\xfb\xbf\xe17\xbf\xf9Mx\xe8\xa1\
\x87\xc2\xbd\xf7\xde\x1b\xee\xbc\xf3\xce\xf0\xf3\x9f\xff<\xcc\
\x9e=;\xcc\x9c93\xdct\xd3M\xe1\xb6\xdbn\x0b\
w\xdf}w\xb8\xff\xfe\xfb\xc3c\x8f=\x16\x9e}\xf6\
\xd9\xb6\xce\xb6\x88\x00\x01\x02\xd5\x09\xa8D\x80\x00\x01\x02\
\x04\x08\x10\xe8\xbf\x80\x01z\xff\xed\xec$@\x80\x00\x01\
\x02\xd5\x0a\xa8F\x80\x00\x01\x02\x04\x16\x11h\x0d\xbd\xaf\
\xbc\xf2\xcap\xcc1\xc7\x84}\xf6\xd9'l\xb9\xe5\x96\
a\xd5UW\x0d+\xaf\xbcr\x181bD\xd8p\xc3\
\x0d\xc3f\x9bm\x16F\x8f\x1e\x1d\xc6\x8c\x19\x13\xb6\xdf\
~\xfb\xb0\xc3\x0e;\x84\xbf\xff\xfb\xbf\xefY\xbb\xf9\xe6\
\x9b\x87\x8d6\xda(\xac\xbb\xee\xba=\xfb\x06\x0f\x1e\xdc\
\xb3~\xcf=\xf7\x0c\x87\x1f~x\xb8\xe8\xa2\x8b\xc2S\
O=\xb5HE\x9f\x12 \x90\x93\xc0\xfc\xf9\xf3\xc3u\
\xd7]\x17\xa6N\x9d\x1a&M\x9a\x14\xb6\xdez\xeb\xb0\
\xdaj\xab\x85\x15VX!\xac\xbd\xf6\xdaa\xe4\xc8\x91\
a\xd3M7\x0d[l\xb1E\xcfs\xdbm\xb7]\xd8\
q\xc7\x1d\xc36\xdbl\x13\xb6\xdaj\xab\xf0\x8ew\xbc\
#l\xbc\xf1\xc6\xe1mo{[x\xd3\x9b\xde\x14\x06\
\x0c\x18\xd0\xf3=e\x8f=\xf6\x08\x9f\xf9\xccg\xc29\
\xe7\x9c\x13\x1ey\xe4\x91\x9c\xc8d!@\x80@u\x02\
*\x11 @\x80\x00\x01\x02\xb5\x0a\x0c\xac\xb5\xba\xe2\x04\
\x08\x10 @\x80@c\x04\x04%@\x80\x00\x81\xee\x04\
^x\xe1\x850}\xfa\xf4\xf0\xc9O~\xb2g(\xde\
\x1a\x96\xbf\xff\xfd\xef\xef\x19~]r\xc9%=\xaf*\
o\x0d\xd5\xfb[e\xc1\x82\x05=\xafX\xbf\xec\xb2\xcb\
\xc2\xbf\xfc\xcb\xbf\x84\x0f}\xe8Ca\xcd5\xd7\xec\x19\
\xc4\x7f\xecc\x1f\x0bg\x9eyf\xf8\xedo\x7f\xdb\xdf\
\xe3\xed#@ \x02\x81\xd6\x0f\xdd|\xees\x9f\xeb\xf9\
A\x9a\x15W\x5c1\xec\xba\xeb\xae=?\x84s\xc1\x05\
\x17\xf4\xbc\xca\xfc\x99g\x9e\xe9\xaa\xcb\xd6\xbbZ\xfc\xf8\
\xc7?\x0e\xff\xfa\xaf\xff\x1a&O\x9e\x1c\xd6_\x7f\xfd\
0l\xd8\xb0\xb0\xef\xbe\xfb\x86o}\xeb[\xe1\xd1G\
\x1f\xed\xea|\x9b\x09\x10 @ \x0d\x01]\x12 @\
\x80\x00\x81\xd4\x05\x0c\xd0S\xbfA\xfd\x13 @\x80\x00\
\x01\x02U\x08\xa8A\x80\x00\x81\xda\x04Zo\xbf~\xc0\
\x01\x07\x84\xb5\xd6Z+\xec\xbd\xf7\xde=C\xa8\xd6\xdb\
\xb2W\xd5P\xeb\xad\xe0\xbf\xfb\xdd\xef\x86Wz\x18?\
~|h\x0d\xc8\xaa\xaa\xaf\x0e\x01\x02\xdd\x09\xb4\xdef\
\xfd\xd3\x9f\xfetX}\xf5\xd5C\xeb\x87nN9\xe5\
\x94\x9e_\xe5\xd0\xdd\xa9\xed\xef~\xf2\xc9'\xc3\xc5\x17\
_\xdc\xf3\xc3?\xeb\xad\xb7^\xcf\xd0\xbe\xf5u\xf0\x1f\
\x02\x04\x08\x10 \x10\xa7\x80\xae\x08\x10 @\x80@0\
@\xf7\x97\x80\x00\x01\x02\x04\x08\x10 \x90\xbd\x80\x80\x04\
\x08\xa4&\xd0z\xb5\xf9i\xa7\x9d\x16Zo\xb3\xdez\
\xfb\xf5\xd6\xab\xbf[\x8f\xc5\x90\xe3\xd2K/\x0d\xad\xb7\
hn\xbdM\xfc\xb1\xc7\x1e\x1b\xfe\xe7\x7f\xfe'\x86\xb6\
\xf4@\x80\xc0b\x02\xdf\xfb\xde\xf7\xc2\xd8\xb1cC\xeb\
m\xd6\xff\xed\xdf\xfe-\xcc\x9b7o\xb1\x15\xf5|\xd9\
z\xdb\xf8\xd6+\xd2[o\xfb~\xc8!\x87\x84\xd6\x0f\
\xe9\x04\xff!@\x80\x00\x01\x02\x04\x0a\x12p\x0c\x01\x02\
\x04\x08\x14!`\x80^\x84\xa23\x08\x10 @\x80\x00\
\x01\x02\x04\xca\x13p2\x81\x06\x09\xb4\x06\x5cG\x1du\
Th\x0d\xa7?\xf1\x89O\x84\xb9s\xe7F\x9b\xfe\xf1\
\xc7\x1f\x0f_\xf9\xcaW\xc2\xf0\xe1\xc3{^\x9d\xfe\xd0\
C\x0fE\xdb\xab\xc6\x084E\xa0\xf5\x836\xad_\xc1\
\xf0\x96\xb7\xbc%\xec\xb7\xdf~a\xce\x9c9\xd1F\x7f\
\xf6\xd9g\xc3\xbf\xff\xfb\xbf\xf7\xfc\x9a\x88\xd6\xbbkT\
\xf9\xce\x1a\xd1\xa2h\x8c\x00\x01\x02\x04\x084]@~\
\x02\x04\x08D\x22`\x80\x1e\xc9Eh\x83\x00\x01\x02\x04\
\x08\x10 @ O\x01\xa9\x08\xb4#\xd0\x1aF\xb7\x06\
\xe6\xad\xc1\xf9W\xbf\xfa\xd5\xf0\xdcs\xcf\xb5\xb3-\x9a\
5\xadW\xc8\x8f\x1c92|\xf0\x83\x1f\x0c\x86`\xd1\
\x5c\x8bF\x1a$\xb0\xe8\x0f\xdf\x1c~\xf8\xe1\xe1\x89'\
\x9eH*\xfd\xf4\xe9\xd3\xc3\xe8\xd1\xa3\xc3n\xbb\xed\x16\
f\xcc\x98\x91T\xef\x9a%@\x80\x00\x01\x02\x04\x08\xbc\
\x22\xe0#\x01\x02\xf9\x08\x18\xa0\xe7s\x97\x92\x10 @\
\x80\x00\x01\x02\x04\x08\x10(Z\xc0y%\x0b\xfc\xe1\x0f\
\x7f\x08\x9f\xf9\xccgz^q\xdez\xcb\xf6\xf9\xf3\xe7\
\x97\x5c\xb1\xdc\xe3\xa7M\x9b\xd63\x04\xdbg\x9f}B\
\xeb\x87\x02\xca\xad\xe6t\x02\x04Z\x02\xad\x1f\xbaYw\
\xdduC\xebcj?|\xd3\xea\x7f\xd1\x7f\xaf\xbd\xf6\
\xda\xb0\xf3\xce;\x87\x1dw\xdc1\xdcw\xdf}\x8b>\
\xe5s\x02\x04\x08\x10 @\x80\x00\x81r\x05\x9cN\x80\
\xc0\x22\x02\x06\xe8\x8b`\xf8\x94\x00\x01\x02\x04\x08\x10 \
@\x80\x00\x81\x9c\x04\xe2\xce\xd2z\xd5\xf6\x06\x1bl\x10\
\xfe\xf5_\xff5\xeeF\xfb\xd1\xdd%\x97\x5c\xd2\xf3\xb6\
\xcc_\xfe\xf2\x97\xc3\x82\x05\x0b\xfaq\x82-\x04\x08\xf4\
%p\xe9\xa5\x97\x86\xf5\xd7_?\xb4~\xed\xc3\x8b/\
\xbe\xd8\xd7\xf2\xa4\x9e\x9f9sfx\xfb\xdb\xdf\x1e>\
\xf5\xa9O\x85\xdf\xff\xfe\xf7I\xf5\xaeY\x02\x04\x08\x10\
 @\x80\x00\x81:\x04\xd4$P\xac\x80\x01z\xb1\x9e\
N#@\x80\x00\x01\x02\x04\x08\x10 @\x80\xc02\x05\
n\xbd\xf5\xd6\x9eWi\x1fp\xc0\x01\xe1\xa9\xa7\x9eZ\
\xfa\xda\xc4\x9fi\xbd\x9a\xfeK_\xfaR\xcf \xfd\x87\
?\xfca\xe2i\xb4O \x1e\x81\x07\x1ex\xa0\xe7\xad\
\xce\xc7\x8f\x1f\x1f\x1ey\xe4\x91x\x1a+\xa1\x93SO\
=\xb5\xe7\x87\x04\xbe\xf3\x9d\xef\x94p\xba#\x09\x10 \
@\x80\x00\x01\x02\x04\x08D\x22\xa0\x8d\xe8\x04\x0c\xd0\xa3\
\xbb\x12\x0d\x11 @\x80\x00\x01\x02\x04\x08\x10 \x90\xab\
@\xeb-\x96\xff\xee\xef\xfe\xae\x11\xbf'\xfc\x95;\xfc\
\xf5\xaf\x7f\x1d\xf6\xdak\xaf\xf0\xb1\x8f},\xbc\xf4\xd2\
K\xaf<\xec#\x01\x02\xfd\x108\xfb\xec\xb3\xc3\x16[\
l\x11Zou\xde\x8f\xedIn\x997o^8\xe8\
\xa0\x83z\xde\xda\xfd\xe9\xa7\x9fN2\x83\xa6\x09\x10 \
@\x80\x00\x01\x02\x04\x08\xe4,\x90c6\x03\xf4\x1co\
U&\x02\x04\x08\x10 @\x80\x00\x01\x02\x04\xa2\x12x\
\xf2\xc9'{\x86?\xad\xb7Z\x8e\xaa\xb1\x0a\x9b\xf9\xee\
w\xbf\x1b\xde\xf1\x8ew\x84{\xee\xb9\xa7\xc2\xaa\xfd.\
e#\x81\xa8\x04Z?|\xb2\xcf>\xfb\x84\xfd\xf7\xdf\
\xbf\xb1?\x882c\xc6\x8c\xb0\xd9f\x9b\x85\xd9\xb3g\
Gu7\x9a!@\x80\x00\x01\x02\x04\x08\x10 @ \
i\x81^\x9b7@\xef\x95\xc5\x83\x04\x08\x10 @\x80\
\x00\x01\x02\x04\x08\x10(F\xe0\x95\xa1O\xebc1'\
\xa6{\xca\xc3\x0f?\x1c\xb6\xdaj\xab\xf0\xedo\x7f;\
\xdd\x10It\xae\xc9\x9c\x04~\xf1\x8b_\xf4\xfc\xf0\xc9\
%\x97\x5c\x92S\xac~ei\xfd0\xd2v\xdbm\x17\
Z\xbf\x1e\xa2_\x07\xd8D\x80\x00\x01\x02\x04\x08\x10 \
@\x80\x00\x816\x04\xd2\x19\xa0\xb7\x11\xc6\x12\x02\x04\x08\
\x10 @\x80\x00\x01\x02\x04\x08\xc4$p\xd6Yg\xf5\
\xbc\xf2\xdc\xdb\x0e\xbfv+\x0b\x16,\x08\xff\xfc\xcf\xff\
\x1c>\xfe\xf1\x8f\xbf\xf6\xa0\xcf\x08,*\xe0\xf3W\x05\
\xae\xbb\xee\xba0j\xd4\xa8\xd0\xfa\xe1\x93W\x1f\xf4I\
\xf8\xf2\x97\xbf\x1c\xf6\xdcsO\x12\x04\x08\x10 @\x80\
\x00\x01\x02\x04\x08\x10(E\xc0\x00\xbd\x14\xd6%\x0f\xf5\
\x08\x01\x02\x04\x08\x10 @\x80\x00\x01\x02\xcd\x12\xf8\x8f\
\xff\xf8\x8f0e\xca\x94f\x85\xee m\xcb\xe7#\x1f\
\xf9H\x07;,%\x90\x86@Q]^v\xd9ea\
\xd7]w-\xea\xb8\xec\xce\xe1\x93\xdd\x95\x0aD\x80\x00\
\x01\x02\x04\x08\x10 @ \x1a\x01\x03\xf4h\xae\x22\xea\
F4G\x80\x00\x01\x02\x04\x08\x10 @\x80@\x07\x02\
_\xf9\xcaW\xbc\xc2\xba\x0d\xaf\xf3\xcf??L\x9c8\
\xb1\x8d\x95\x96\x10h\x96@\xeb\xbf\x1b5\xbd\xc2:)\
\xe8\xd6+\xf4\xb7\xdf~\xfb\xf0\xe2\x8b/&\xd5\xb7f\
\x09\x10 @\x80\x00\x01\x02\x04\x08\x10\x88[\xc0\x00=\
\xee\xfb\xd1]!\x02\x0e!@\x80\x00\x01\x02\x04\x08\x10\
 P\x9d\xc0\x11G\x1c\x11\x8e=\xf6\xd8\xea\x0a&^\
\xe9\xfb\xdf\xff~\x187n\x5c\xe2)\xb4O\xa08\x81\
\xef|\xe7;\xc1\xbb3\xb4\xefy\xe3\x8d7\x86\x9dv\
\xda)<\xf7\xdcs!\x84\xf6\xf7YI\x80\x00\x01\x02\
\x04\x08\x10 @\x80\x00\x81\xa5\x09\x18\xa0/M\xc6\xe3\
\x04b\x11\xd0\x07\x01\x02\x04\x08\x10 @\x80@2\x02\
'\x9dtR8\xf9\xe4\x93\x93\xe97\x96F/\xbf\xfc\
rC\xf4X.C\x1f\xb5\x0aL\x9f>=\x1ct\xd0\
A\xb5\xf6\x90b\xf1[n\xb9%\xec\xbe\xfb\xeea\xc1\
\x82\x05)\xb6\xffZ\xcf>#@\x80\x00\x01\x02\x04\x08\
\x10 @ \x0a\x01\x03\xf4(\xaeA\x13\x04\xf2\x15\x90\
\x8c\x00\x01\x02\x04\x08\x10 \xd0\x14\x81\x0b/\xbc0|\
\xfe\xf3\x9foJ\xdc\xc2s\xb6\x86\xe8\x07\x1cp@\xe1\
\xe7:\x90@*\x027\xdcpC\xd8{\xef\xbdSi\
7\xba>\x7f\xfe\xf3\x9f\x87\xf1\xe3\xc7G\xd7W\x93\x1a\
\x92\x95\x00\x01\x02\x04\x08\x10\x0a\xf4\x07\xd1\x00\x00\x10\x00\
IDAT @\x80@.\x02\x06\xe8\xb9\xdc\xa4\x1c\
\x04\x08\x94!\xe0L\x02\x04\x08\x10 @\x80@[\x02\
\xd7\x5csM\xf8\xf0\x87?\xdc\xd6Z\x8b\x96.p\xe6\
\x99g\x86\xa9S\xa7.}\x81g\x08d*\xd0z\x05\
\xf5\x1e{\xec\x91i\xba\xeab]u\xd5U\xe1\xa3\x1f\
\xfdhu\x05U\xcaI@\x16\x02\x04\x08\x10 @\x80\
\x00\x01\x02\xaf\x0a\x18\xa0\xbfJ\xe1\x13\x02\x04\x08\xe4&\
 \x0f\x01\x02\x04\x08\x10 P\x85@k\xf05n\xdc\
\xb8*J5\xa2\xc61\xc7\x1c\x13Z\x83\xf4F\x84\x15\
\x92\xc0_\x05\x1ex\xe0\x81\xf0\xeew\xbf;\xbc\xf4\xd2\
K\x7f\xfd\xca?\xdd\x0a\x9cw\xdey\xde\x0d\xa4[D\
\xfb\x13\x14\xd02\x01\x02\x04\x08\x10 @\x80@\x91\x02\
\x06\xe8Ej:\x8b\x00\x01\x02\x04\x8a\x13p\x12\x01\x02\
\x04\x08\x10H@\xe0\xc9'\x9f\x0c\xef}\xef{\xc3\x82\
\x05\x0b\x12\xe86\x9d\x16[o\xe5>{\xf6\xect\x1a\
\xd6)\x81~\x0a\xfc\xe1\x0f\x7f\x08\xbb\xef\xbe{x\xee\
\xb9\xe7\xfay\x82m\xbd\x09\x9ct\xd2I\xe1\xa2\x8b.\
\xea\xed)\x8f\x11 \x10\xa3\x80\x9e\x08\x10 @\x80\x00\
\x01\x02\x91\x09\x18\xa0Gv!\xda!@\x80\x00\x81<\
\x04\xa4 @\x80\x00\x81f\x08L\x980!\xcc\x9b7\
\xaf\x19a+N\xf9\xc1\x0f~\xd0P\xb1bs\xe5\xaa\
\x17h\xbd\xdd\xf8c\x8f=V}\xe1\x06T\x9c2e\
Jx\xf0\xc1\x07\x1b\x90TD\x02\x04\xea\x16P\x9f\x00\
\x01\x02\x04\x08\x10\xc8O\xc0\x00=\xbf;\x95\x88\x00\x01\
\x02\x04\x08t+`?\x01\x02\x04\x08\xb4!p\xf4\xd1\
G\x879s\xe6\xb4\xb1\xd2\x92\xfe\x08\xfc\xf6\xb7\xbf\x0d\
\x93&M\xea\xcfV{\x08$!p\xc6\x19g\x84\xcb\
.\xbb,\x89^Sl\xb2\xf5\x96\xf8\xe3\xc7\x8fO\xb1\
u=\x13 @\xa0J\x01\xb5\x08\x10 @\x80\x00\x81\
^\x04\x0c\xd0{A\xf1\x10\x01\x02\x04\x08\x10 \x90\xb2\
\x80\xde\x09\x10 P\xbe\xc0\x8c\x193\xc2\xf1\xc7\x1f_\
~\xa1\x86W\xf8\xf1\x8f\x7f\x1cN9\xe5\x94\x86+\x88\
\x9f\xa3\xc0\xbd\xf7\xde\x1b\x0e9\xe4\x90\x1c\xa3E\x95\xe9\
\x9e{\xee\x09\x9f\xf8\xc4'\xa2\xeaI3\x04\x08\x10 \
P\xa4\x80\xb3\x08\x10 @\x80@9\x02\x06\xe8\xe5\xb8\
:\x95\x00\x01\x02\x04\x08\x10 \xd0?\x01\xbb\x08\x10\x88\
^`\xfe\xfc\xf9\xe1\xc3\x1f\xfep\xf4}\xe6\xd2\xe0\xe7\
>\xf7\xb9\xf0\xc8#\x8f\xe4\x12G\x0e\x02=\x02\xfb\xed\
\xb7_X\xb0`A\xcf\xe7\xfe(W\xe0\xb4\xd3N\x0b\
\xd7]w]\xb9E\x9cN\x80\x00\x01\x02\x04\xfa#`\
\x0f\x01\x02\x04\x08D+`\x80\x1e\xed\xd5h\x8c\x00\x01\
\x02\x04\x08\x10 \x90\x9e\x80\x8e\x094A`\xea\xd4\xa9\
\xa1\xf5\xf6\xe2M\xc8\x1aK\xc6\x83\x0e:(\x96V\xf4\
A\xa0k\x81\xd6[\xb7\xdfz\xeb\xad]\x9f\xe3\x80\xf6\
\x05|\x0fi\xdf\xcaJ\x02\x04\x08\x10 \xd0\xae\x80u\
\x04\x08\x10\xc8Y\xc0\x00=\xe7\xdb\x95\x8d\x00\x01\x02\x04\
\x08\x10 @\xa0\x13\x01k\x09\xf4)\xd0z%\xf4\x09\
'\x9c\xd0\xe7:\x0b\x8a\x15h\xbdzt\xfa\xf4\xe9\xc5\
\x1e\xea4\x025\x08<\xf7\xdcs\xe1\xb0\xc3\x0e\xab\xa1\
r\xb3K\xb6\xbew\x7f\xedk_k6\x82\xf4\x04\x08\
\x10 @\x80\xc0\xa2\x02>'@\x80\xc02\x05\x0c\xd0\
\x97\xc9\xe3I\x02\x04\x08\x10 @\x80\x00\x01\x02\xa9\x08\
\xe8\xb3\x0a\x81\x03\x0e8\xa0\x8a2j\xf4\x22p\xc8!\
\x87\x84\x97^z\xa9\x97g<D \x1d\x81\xcf\x7f\xfe\
\xf3\xa15D\x0f\xfeS\xb9\xc0\xb1\xc7\x1e\x1b\x9ex\xe2\
\x89\xca\xeb*H\x80\x00\x01\x02\x04\x08\x10(^\xc0\x89\
\x04\x08\x94-`\x80^\xb6\xb0\xf3\x09\x10 @\x80\x00\
\x01\x02\x04\x08\x10\xe8[ \x81\x15\xd3\xa6M\x0b3f\
\xccH\xa0\xd3<[l\x0d\xbe\x8e?\xfe\xf8<\xc3I\
\xd5\x08\x81\xd6\xdb\xb6\x7f\xfb\xdb\xdfnD\xd6\x18C\xb6\
~\x00\xe7\xb3\x9f\xfdl\x8c\xad\xe9\x89\x00\x01\x02\x04\x08\
\x10 \xd0,\x01i\x09$ `\x80\x9e\xc0%i\x91\
\x00\x01\x02\x04\x08\x10 @\x80\x00\x81\xfa\x05\x96\xf5\xb6\
\xcb\xf5w\xd7\x8c\x0e\xbe\xfa\xd5\xaf\x86\xa7\x9ez\xaa\x19\
a\xa5\xccN\xe0\xc8#\x8f\xcc.Sj\x81.\xbc\xf0\
\xc2p\xd7]w\xa5\xd6\xb6~\x09\x10 @\x80\x00\x01\
\x02\x04\x22\x12\xd0J3\x04\x0c\xd0\x9bq\xcfR\x12 \
@\x80\x00\x01\x02\x04\x08\x10 \xd0\x85@\xeb\xf7o?\
\xf6\xd8c]\x9c\x10\xf5\xd6\xa4\x9a;\xf5\xd4S\x93\xea\
W\xb3\x04Z\x02s\xe7\xce\x0d?\xf9\xc9OZ\x9f\xfa\
\xb7f\x81\x93O>\xb9\xe6\x0e\x94'@\x80\x00\x01\x02\
\x04\x08\x10 P\x9b\x80\xc2m\x0a\x18\xa0\xb7\x09e\x19\
\x01\x02\x04\x08\x10 @\x80\x00\x01\x02\xcd\x158\xf1\xc4\
\x13\x9b\x1b>\xb2\xe4\xdf\xfa\xd6\xb7\xc2\xfc\xf9\xf3\x17\xe9\
\xca\xa7\x04\xe2\x17\xf0\xeb\x07\xe2\xb9\xa3\xf3\xcf??\xfc\
\xe67\xbf\x89\xa7!\x9d\x10 @\x80\x00\x01\x02\x04\x08\
\x10 \xd0\xa6@u\xcb\x0c\xd0\xab\xb3V\x89\x00\x01\x02\
\x04\x08\x10 @\x80\x00\x81\x04\x05f\xce\x9c\x19Z\xbf\
\xbb8\xc1\xd6\xb3l\xf9\xd9g\x9f\x0dY\xfd\x1e\xe9,\
oI\xa8E\x05Z\xef^q\xd1E\x17-\xfa\x90\xcf\
k\x16\xf0*\xf4\x9a/@y\x02\x04\x08\x10 @\x80\
\x00\x01\x02\x91\x0b\x942@\x8f<\xb3\xf6\x08\x10 @\
\x80\x00\x01\x02\x04\x08\x10 \xd0\xb6\xc0)\xa7\x9c\xd2\xf6\
Z\x0b\xab\x11p'\xd58\xb7S\xc5\x9a\xbe\x05\xfe\xed\
\xdf\xfe\xad\xefEVT*p\xfa\xe9\xa7\x87\xd6\x0f\xe3\
TZT1\x02\x04\x08\x10 @\x80\x00\x01\x02\x04\x92\
\x110@_\xf2\xaa<B\x80\x00\x01\x02\x04\x08\x10 \
@\x80\x00\x81\x1e\x81\xdf\xfd\xeew\xe1\x8a+\xae\xe8\xf9\
\xdc\x1f\xf1\x08<\xfe\xf8\xe3~\x9ft<\xd7\x91r'\
\x95\xf4\xfe\xdd\xef~\xb7\x92:\x8a\xb4/\xb0`\xc1\x82\
\xf0\xfd\xef\x7f\xbf\xfd\x0dV\x12 @\x80\x00\x01\x02\x04\
\x08\x10 \xd0(\x01\x03\xf4\xec\xae[ \x02\x04\x08\x10\
 @\x80\x00\x01\x02\x04\x8a\x12\xf0\xb6\xcbEI\x16\x7f\
N\xeb\xf7\x18\x17\x7f\xaa\x13\x09\x14+p\xe5\x95W\x86\
\xe7\x9e{\xae\xd8C_=\xcd'\xdd\x08\xf8\x1e\xd2\x8d\
\x9e\xbd\x04\x08\x10 @\x80\x00\x01\x02\x04\xf2\x160@\
\xcf\xfb~\xd3K\xa7c\x02\x04\x08\x10 @\x80\x00\x01\
\x02\x11\x09\x9cw\xdey\x11u\xa3\x95E\x05~\xf0\x83\
\x1f\x84\xf9\xf3\xe7/\xfa\x90\xcf\x09D'\xe0{\xc82\
\xae\xa4\xe6\xa7f\xcd\x9a\x15~\xfd\xeb_\xd7\xdc\x85\xf2\
\x04\x08\x10 @\x80\x00\x01\x02\x04\x08\xc4(`\x80\x1e\
\xe3\xad\xe8)Y\x01\x8d\x13 @\x80\x00\x01\x02\x04\x08\
\xe4#\xf0\xe8\xa3\x8f\x86\x9f\xff\xfc\xe7\xf9\x04\xca,\xc9\
\x1f\xfe\xf0\x87p\xf9\xe5\x97g\x96J\x9c\x9c\x04^|\
\xf1\xc5p\xe9\xa5\x97\xe6\x14)\xbb,\xdd\xbc\x0a=;\
\x0c\x81\x08\x10 @\x80\x00\x01\x02\x04\x08\x10xU\xc0\
\x00\xfdU\x0a\x9f\x10h\xbc\x00\x00\x02\x04\x08\x10 @\
\x80\x00\x81E\x04\xce9\xe7\x9cE\xbe\xf2i\x8c\x02\x86\
_1\xde\x8a\x9e^\x11\x986mZh\xfd\xae\xedW\
\xbe\xf61>\x81\x06\xbfC@|\x97\xa1#\x02\x04\x08\
\x10 @\x80\x00\x01\x02\x11\x09\x18\xa0Gt\x19Z!\
@\xa0\x1b\x01{\x09\x10 @\x80\x00\x01\x02\xc5\x0ax\
us\xb1\x9ee\x9cv\xc5\x15W\x94q\xac3\x09\x14\
\x22\xe0{H!\x8c\xa5\x1er\xcf=\xf7\x84\xc7\x1e{\
\xac\xd4\x1a\x0e/C\xc0\x99\x04\x08\x10 @\x80\x00\x01\
\x02\x04\xca\x150@/\xd7\xd7\xe9\x04\x08\x10hO\xc0\
*\x02\x04\x08\x10 @ *\x81\x17^x!\xdcy\
\xe7\x9dQ\xf5\xa4\x99\xde\x05n\xbc\xf1\xc6\xde\x9f\xf0(\
\x81\x9a\x05n\xb8\xe1\x86\x9a;P\xbe\x1d\x81\xd6\xefB\
og\x9d5\x04\x0a\x13p\x10\x01\x02\x04\x08\x10 @\
\x80@\xf4\x02\x06\xe8\xd1_\x91\x06\x09\x10 \x10\xbf\x80\
\x0e\x09\x10 @\x80@n\x023g\xce\xcc-R\xb6\
y\xdcU\xb6W\x9bt\xb0_\xfe\xf2\x97\xe1\x99g\x9e\
I:CS\x9a\xf7=\xa4)7-gQ\x02\xce!\
@\x80\x00\x01\x02\x04\x084A\xc0\x00\xbd\x09\xb7,#\
\x01\x02\x04\x08,K\xc0s\x04\x08\x10 @`\x09\x01\
\xafH\x5c\x82$\xda\x07\xdcU\xb4W\xd3\xe8\xc6\xfc\xbd\
L\xe7\xfa\xddU:w\xa5S\x02\x05\x088\x82\x00\x01\
\x02\x04\x08\x10 \xd0\x96\x80\x01z[L\x16\x11 @\
\x80\x00\x81X\x05\xf4E\x80\x00\x01\x02e\x08x[\xf0\
2T\xcb9s\xf6\xec\xd9\xe5\x1c\xecT\x02]\x08\xf8\
\x1e\xd2\x05^\xc5[\x1fz\xe8\xa1\xf0\xc4\x13OT\x5c\
U9\x02\x04\x08\xf4G\xc0\x1e\x02\x04\x08\x10 @\xa0\
*\x01\x03\xf4\xaa\xa4\xd5!@\x80\x00\x01\x02\x04\x96\x14\
\xf0\x08\x01\x02\x04\x22\x15\xb8\xe9\xa6\x9b\x22\xedL[\x8b\
\x0b\xcc\x9f??\xdc\x7f\xff\xfd\x8b?\xeck\x02\xb5\x0a\
\xdc}\xf7\xdd\xb5\xd6W\xbc3\x81_\xfc\xe2\x17\x9dm\
\xb0\x9a\x00\x01\x02\x04:\x17\xb0\x83\x00\x01\x02\x04\x08$\
$`\x80\x9e\xd0ei\x95\x00\x01\x02\x04\x08\x10\x88K\
@7\x04\x08\xe4)\xf0\xd4SO\xe5\x19,\xe3T\x0f\
>\xf8`\xc6\xe9DKQ\xe0\xae\xbb\xeeJ\xb1\xed\xc6\
\xf6\xec{Hc\xaf^p\x02\x04\x08\xb4-`!\x01\
\x02\x04\x084K\xc0\x00\xbdY\xf7--\x01\x02\x04\x08\
\x10 @\xe0\x15\x01\x1f\x09\x10X\x8a\xc0\xc3\x0f?\xbc\
\x94g<\x1c\xab\xc0\x03\x0f<\x10kk\xfaj\xa0\xc0\
\x93O>\xd9\xc0\xd4iG\xf6=$\xed\xfb\xd3=\x01\
\x02\x04\x08\xf4)`\x01\x01\x02\x04\x08t(`\x80\xde\
!\x98\xe5\x04\x08\x10 @\x80\x00\x01\x021\x08\xe8\x81\
@y\x02\x8f<\xf2Hy\x87;\xb9\x14\x01\xaf\x1e-\
\x85\xd5\xa1\xfd\x14\xf8\xf5\xaf\x7f\xdd\xcf\x9d\xb6\xd5%\xe0\
{H]\xf2\xea\x12 @\x80\x00\x81v\x04\xac!@\
\x80@\xf5\x02\x06\xe8\xd5\x9b\xabH\x80\x00\x01\x02\x04\x08\
\x10 \xd0t\x01\xf9\xa3\x160@\x8f\xfazzm\xce\
\xabG{e\xf1`M\x02\x06\xe85\xc1wQ\xd6\xf7\
\x90.\xf0l%@\x80\x00\x01\x02\x04\x96-\xe0Y\x02\
\x04\x92\x140@O\xf2\xda4M\x80\x00\x01\x02\x04\x08\
\x10 @\xa0>\x81\xdc+{\xfb\xe5\xf4n\xf8\x89'\
\x9eH\xafi\x1dg+\xf0\xf4\xd3Og\x9b-\xd7`\
\xbe\x87\xe4z\xb3r\x11 @\x80\x00\x01\x02\xdd\x0a\xd8\
O\xa0\xa9\x02\x06\xe8M\xbdy\xb9\x09\x10 @\x80\x00\
\x01\x02\x04\x084S\xa0\xcf\xd4/\xbc\xf0B\x9fk,\
\x88K\xe0\x0f\x7f\xf8C\x5c\x0d\xe9\xa6\xd1\x02/\xbd\xf4\
R\xa3\xf3\xa7\x18~\xc1\x82\x05)\xb6\xadg\x02\x04\x08\
\x10 @\x80\x00\x81e\x0bx\x96@\xbf\x05\x0c\xd0\xfb\
Mg#\x01\x02\x04\x08\x10 @\x80\x00\x01\x029\x0a\
\xc4=@\xcfQ\xbc\xfbL\x06\xe8\xdd\x1b:\xa18\x01\
\x03\xf4\xe2,\xab<\xe9\xff\xfe\xef\xff\xaa,\xa7\x16\x01\
\x02\x04\x08\x10 @\x80\x00\x81>\x04<]\xa7\x80\x01\
z\x9d\xfaj\x13 @\x80\x00\x01\x02\x04\x08\x10 \x10\
\x9d\xc0\x8b/\xbe\x18]O\xd94TR\x90\xdf\xff\xfe\
\xf7%\x9d\xecX\x02\x9d\x0b\x18\xa0wn\x16\xc3\x8e?\
\xff\xf9\xcf1\xb4\xa1\x07\x02\x04\x08\x10 @\x80\x00\x01\
\x02y\x08$\x9e\xc2\x00=\xf1\x0b\xd4>\x01\x02\x04\x08\
\x10 @\x80\x00\x01\x02\xc5\x0ax\x05z\xb1\x9eU\x9d\
\xb6p\xe1\xc2\xd2K)@\xa0\x1d\x01\x03\xf4v\x94\xe2\
[c\x80\x1e\xdf\x9d\xe8\x88\x00\x01\x02\x04\x08\x10 @\
\x80@]\x02\x06\xe8u\xc9\xabK\x80\x00\x01\x02\x04\x08\
\x10 @\x80@\x94\x02\xf3\xe7\xcf\x8f\xb2/M-[\
\xc0\x00}\xd9>!\x04\x0b*\x12\xf8\xdf\xff\xfd\xdf\x8a\
*)S\xa4\x80\x01z\x91\x9a\xce\x22@\x80\x00\x01\x02\
\x04\x08\x10 \x90\xb6@\xe2\x03\xf4\xb4\xf1uO\x80\x00\
\x01\x02\x04\x08\x10 @\x80@|\x02\x83\x07\x0f\x8e\xaf\
)\x1d\xf5)0`\xc0\x80>\xd7X\x90\xb2@:\xbd\
\xaf\xb0\xc2\x0a\xe94\xab\xd3W\x05\x06\x0e\xf4?\x91\xbd\
\x8a\xe1\x13\x02\x04\x08\x10 @\x80\x00\x01\x02\x0d\x17\xf0\
\xff\x1d\xd4\xf9\x17@m\x02\x04\x08\x10 @\x80\x00\x01\
\x02\x04\xa2\x13Xi\xa5\x95\xa2\xebIC}\x0b\x0c\x18\
`\x80\xde\xb7\x92\x15U\x08\xf4\xfaC8U\x14V\xa3\
+\x81A\x83\x06u\xb5\xdff\x02\x04\x08\x10 @\x80\
\x00\x01\x02\x04\xf2\x110@\xcf\xe7.+O\xa2 \x01\
\x02\x04\x08\x10 @\x80\x00\x81\x1c\x05\x0c\xd0\xd3\xbb\xd5\
\x95W^9\xbd\xa6u\x9c\xad@\x8e\x03\xf4l/k\
\x91`\x06\xe8\x8b`\xf8\x94\x00\x01\x02\x04\x08\x10 @\
\x80@\xc3\x05\x0c\xd0\x1b\xfe\x17\xa0\xc1\xf1E'@\x80\
\x00\x01\x02\x04\x08\x10 \xd0\xab\xc0\x8a+\xae\xd8\xeb\xe3\
\x1e\x8cW`\x95UV\x89\xb79\x9d5N\xc0\xf7\x90\
\xe8\xae\xbc\xad\x86\x0c\xd0\xdbb\xb2\x88\x00\x01\x02\x04\x08\
\x10 @\x80@#\x04\x0c\xd0\x1bq\xcdB\xe6' \
\x11\x01\x02\x04\x08\x10 @\x80@Y\x02^\x81^\x96\
ly\xe7\x1a\xa0\x97g\xeb\xe4\xce\x05\xbc\x02\xbds\xb3\
\x18v\xc4\xfb;\xd0c\xd0\xd1\x03\x01\x02\x04\x08\x10 \
@\x80\x00\x81f\x09\x18\xa07\xeb\xbe\xa5%\x10\x87\x80\
.\x08\x10 @\x80\x00\x01\x02\x11\x0b\xac\xb9\xe6\x9a\x11\
w\xa7\xb5\xde\x04\xd6Zk\xad\xde\x1e\xf6\x18\x81Z\x04\
V[m\xb5Z\xea*\xda\x7f\x81\x11#F\xf4\x7f\xb3\
\x9d\xcb\x16\xf0,\x01\x02\x04\x08\x10 @\x80\x00\x81\x04\
\x05\x0c\xd0\x13\xbc4-\x13 P\xaf\x80\xea\x04\x08\x10\
 @\x80@\xde\x02\xeb\xaf\xbf~\xde\x013L\xb7\xd1\
F\x1be\x98J\xa4T\x05\xd6Yg\x9dT[ol\
\xdf\xbe\x874\xf6\xea\xfb\x0cn\x01\x01\x02\x04\x08\x10 \
@\x80@3\x05\x0c\xd0\x9by\xefR\x13 \xd0\x5c\x01\
\xc9\x09\x10 @\x80\x00\x81>\x04\x0c\xd0\xfb\x00\x8a\xf0\
i\xc3\xaf\x08/\xa5\xc1-\x19\xa0\xa7w\xf9\xbe\x87\xa4\
wg:nK\xc0\x22\x02\x04\x08\x10 @\x80\x00\x81\
~\x0a\x18\xa0\xf7\x13\xce6\x02\x04\x08\x10\xa8C@M\
\x02\x04\x08\x10 P\xbe\x80\x01z\xf9\xc6EW0\xfc\
*Z\xd4y\xdd\x08\x0c\x1b6\xac\x9b\xed\xf6\xd6 \xe0\
{H\x0d\xe8J\x12\xe8S\xc0\x02\x02\x04\x08\x10 @\
\x80@}\x02\x06\xe8\xf5\xd9\xabL\x80\x00\x01\x02M\x13\
\x90\x97\x00\x01\x02\x04\x92\x100\xfcJ\xe2\x9a^\xd7\xa4\
\xe1\xd7\xeb8|\x11\x81\xc0\xe6\x9bo\x1eA\x17Zh\
W\xc0\xf7\x90v\xa5\xac#@\xa0m\x01\x0b\x09\x10 \
@\x80\x00\x81\xa4\x05\x0c\xd0\x93\xbe>\xcd\x13 @\x80\
\x00\x81\xea\x04T\x22@\x80@\x93\x04\xb6\xd9f\x9b&\
\xc5M:\xeb\x8a+\xae\x186\xd8`\x83\xa43h>\
?\x81w\xbe\xf3\x9d\xf9\x85\xca8\xd1;\xde\xf1\x8e\x8c\
\xd3\x89F\x80\x00\x81\xce\x05\xec @\x80\x00\x01\x02M\
\x170@o\xfa\xdf\x00\xf9\x09\x10 @\x80@3\x04\
\xa4$@\x80@G\x02;\xec\xb0CG\xeb-\xaeO\
`\xdbm\xb7\xad\xaf\xb8\xca\x04\x96\x22\xe0{\xc8R`\
\x22|\xb8\xf5\x038\xdey$\xc2\x8b\xd1\x12\x01\x02\x04\
\xfa/`'\x01\x02\x04\x08\x10\xe8Z\xc0\x00\xbdkB\
\x07\x10 @\x80\x00\x01\x02\x04\xca\x16p>\x01\x02U\
\x0b\x18~U-\xde\xffz;\xee\xb8c\xff7\xdbI\
\xa0$\x01\x7f/K\x82-\xe1XwU\x02\xaa#\x09\
\x10 @\xa0\x0b\x01[\x09\x10 @ \x06\x01\x03\xf4\
\x18nA\x0f\x04\x08\x10 @\x80\x00\x81\x9c\x05d#\
\x90\xa0\x80\xb7pO\xe7\xd2\x0c\xbf\xd2\xb9\xab&u\xea\
U\xcd\xe9\xdc\xb6\xef!\xe9\xdc\x95N\x09\x10 @ \
\x01\x01-\x12 @ \x13\x01\x03\xf4L.R\x0c\x02\
\x04\x08\x10 @\x80\x00\x81r\x04\x9c\xdaL\x81UV\
Y%l\xbd\xf5\xd6\xcd\x0c\x9fXj?\xec\x90\xd8\x85\
5\xa8\xdd]v\xd9\xa5Ai\xd3\x8d\xba\xdbn\xbb\xa5\
\xdb\xbc\xce\x09\x10 @\x80\x00\x81B\x05\x1cF\x80\x00\
\x81W\x04\x0c\xd0_\x91\xf0\x91\x00\x01\x02\x04\x08\x10 \
@\x80@~\x02\x12u!\xf0\x81\x0f|\xa0\x8b\xdd\xb6\
V!0a\xc2\x84*\xca\xa8A\xa0_\x02\xbe\x87\xf4\
\x8b\xad\xd2M\xa3G\x8f\x0eo~\xf3\x9b+\xad\xa9\x18\
\x01\x02\x04\x08\x10 @\xa0$\x01\xc7\x12 P\xa0\x80\
\x01z\x81\x98\x8e\x22@\x80\x00\x01\x02\x04\x08\x10 @\
\xa0H\x81z\xcf\xfa\xc7\x7f\xfc\xc7z\x1bP\xbdO\x81\
I\x93&\xf5\xb9\xc6\x02\x02u\x09\xfc\xc3?\xfcC\x18\
<xp]\xe5\xd5mC\xc0\xf7\x906\x90,!@\
\x80\x00\x01\x02\x04\x08T\x22\xa0\x08\x81\xb8\x04\x0c\xd0\xe3\
\xba\x0f\xdd\x10 @\x80\x00\x01\x02\x04\x08\x10 \x10\x89\
\xc0\x88\x11#\xc2\x981c\xfa\xdf\x8d\x9d\xa5\x0a\xac\xbc\
\xf2\xcaa\xfcL),[\x00\x00\x10\x00IDAT\
\xf8\xf1\xa5\xd6p8\x81n\x04Z\xc3\xf3\xbd\xf7\xde\xbb\
\x9b#\xec-Y\xe0#\x1f\xf9H\xc9\x15\x1cO\x80\x00\
\x01\x02\x04\x08\x10 \xd0\x08\x01!\xb3\x130@\xcf\xee\
J\x05\x22@\x80\x00\x01\x02\x04\x08\x10 @\xa0(\x81\
\x0f\x7f\xf8\xc3E\x1d\x95\xdc9\xb17\xbc\xef\xbe\xfb\xc6\
\xde\xa2\xfe\x08\x04\xdfC\xe2\xfdK\xb0\xcb.\xbbx\xfb\
\xf6x\xafGg\x04\x08\x10 @\x80\x00\x01\x02\x15\x0a\
(\xb5\xa4\x80\x01\xfa\x92&\x1e!@\x80\x00\x01\x02\x04\
\x08\x10 @\x80@\x8f\xc0\xc4\x89\x13{>\xfa#>\
\x81>\x06\x93\xf15\xac\xa3F\x0a\xbc\xe7=\xef\x09C\
\x87\x0emd\xf6\xd8C\xfb\x1e\x12\xfb\x0d\xe9\x8f\x00\x01\
\x02\x04\x08\x10 @\x80@[\x02\xa5,2@/\x85\
\xd5\xa1\x04\x08\x10 @\x80\x00\x01\x02\x04\x08\xe4 \xb0\
\xe6\x9ak\x86\xf7\xbf\xff\xfd9D\xc9*\xc3\xdak\xaf\
\x1dv\xdai\xa7\xac2\xbd>\x8c\xafr\x12\xd8o\xbf\
\xfdr\x8a\x93E\x96\x15VX!L\x980!\x8b,\
B\x10 @\x80\x00\x01\x02\x04\x08\x10 P\xbc@u\
\x03\xf4\xe2{w\x22\x01\x02\x04\x08\x10 @\x80\x00\x01\
\x02\x04J\x178\xe2\x88#J\xaf\xa1@g\x02\x9f\xfd\
\xecg;\xdb`u\xb5\x02\xaa\xbdN\xe0\xb0\xc3\x0e{\
\xdd\xd7\xbe\xa8_\xe0\xa0\x83\x0e\x0a\xab\xae\xbaj\xfd\x8d\
\xe8\x80\x00\x01\x02\x04\x08\x10 @\x80\x00\x81(\x05\x0c\
\xd0\xdb\xbc\x16\xcb\x08\x10 @\x80\x00\x01\x02\x04\x08\x10\
h\xa6\xc0\xd8\xb1c\xc3V[m\xd5\xcc\xf0\x11\xa6~\
\xe3\x1b\xdf\x18\xfe\xe9\x9f\xfe)\xc2\xce\xb4\x94\x8b@\xd1\
9\xde\xf2\x96\xb7\x84\x7f\xfc\xc7\x7f,\xfaX\xe7u!\
\xf0\xf9\xcf\x7f\xbe\x8b\xdd\xb6\x12 @\x80\x00\x01\x02\x04\
\x08\x10 \x90\xbb\x80\x01z\xee7\xfcr>\x7f\x12 \
@\x80\x00\x01\x02\x04\x08\x10 \xd0\x85\xc0\x97\xbe\xf4\xa5\
.v\xdbZ\xa4\xc0g>\xf3\x990x\xf0\xe0\x22\x8f\
t\x16\x81\xd2\x05\x8e:\xea\xa8\xd2k\xfc\xad\x80\x0f}\
\x08L\x9e<9\xac\xb5\xd6Z}\xac\xf24\x01\x02\x04\
\x08\x10 @\x80\x00\x01\x02M\x160@o\xf2\xed'\
\x93]\xa3\x04\x08\x10 @\x80\x00\x01\x02\x04\xea\x15\xd8\
c\x8f=\xc2f\x9bmVo\x13\xaa\xf7\x0c\xce\x0f9\
\xe4\x10\x12\x04\x92\x13\xd8p\xc3\x0d\xc3\xb8q\xe3\x92\xeb\
\xbb\xfa\x86\xcb\xaf\xf8\x85/|\xa1\xfc\x22*\x10 @\
\x80\x00\x01\x02\x04\x08\x10 \x90\xb4\x80\x01z\xd2\xd7\xa7\
\xf9$\x044I\x80\x00\x01\x02\x04\x08\x10 \x90\x85\xc0\
I'\x9d\x94E\x8e\x94C\xb4^\xc5\xdbz\x0b\xf7\x94\
3\xe8\xbd\xb9\x02_\xfd\xeaW\x9b\x1b>\x92\xe4S\xa6\
L\x09#G\x8e,\xaf\x1b'\x13 @\x80\x00\x01\x02\
\x04\x08\x10 \x90\x85\x80\x01z\x16\xd7(\x04\x81\xf2\x04\
\x9cL\x80\x00\x01\x02\x04\x08\x10 \xf0\xb2\xc0\xfb\xde\xf7\
\xbe\xb0\xdbn\xbb\xbd\xfc\x85?+\x17\x181bDh\
\x0d\xd0+/\xac \x81\x82\x046\xd9d\x93\xf0\xa9O\
}\xaa\xa0\xd3\x1c\xd3\xa9\xc0*\xab\xac\x12N<\xf1\xc4\
N\xb75j\xbd\xb0\x04\x08\x10 @\x80\x00\x01\x02\x04\
\x08\xbc,`\x80\xfe\xb2\x83?\x09\x10\xc8S@*\x02\
\x04\x08\x10 @\x80@\xa1\x02\xa7\x9dvZ\xa1\xe79\
\xac}\x81o}\xeb[\xed/\xb6\x92@\xa4\x02\xc7\x1d\
w\x5cXc\x8d5\x22\xed.\xef\xb6Z\xf6\xab\xaf\xbe\
z\xde!\x9b\x9dNz\x02\x04\x08\x10 @\x80\x00\x01\
\x02\x85\x09\x18\xa0\x17F\xe9 \x02\x04\x08\x14-\xe0<\
\x02\x04\x08\x10 @ 6\x81\x0d6\xd8 \x1cy\xe4\
\x91\xb1\xb5\x95}?\xbb\xec\xb2K\xf8\xc0\x07>\x90}\
N\x01\xf3\x17h\xbd\x0a\xfa\x84\x13N\xc8?hd\x09\
7\xdexc\xaf\xfe\x8f\xecN\xb4\xb3\xb8\x80\xaf\x09\x10\
 @\x80\x00\x01\x02\x04b\x120@\x8f\xe96\xf4B\
\x80\x00\x81\x9c\x04d!@\x80\x00\x01\x02\x99\x0a\xb4\xde\
F|\xad\xb5\xd6\xca4]\x9c\xb1N?\xfd\xf48\x1b\
\xd3\x15\x81~\x08L\x992%\x8c\x1a5\xaa\x1f;m\
\xe9\xaf\xc0\x19g\x9c\xd1\xdf\xad\xf6\x11 \xd0\x8e\x805\
\x04\x08\x10 @\x80\x00\x81\xcc\x04\x0c\xd03\xbbPq\
\x08\x10 @\xa0\x18\x01\xa7\x10 @\x80\x00\x81\xa5\x09\
\xac\xb8\xe2\x8a\xe1\xdcs\xcf]\xda\xd3\x1e/X\xe0\xe4\
\x93O\x0e\xeb\xad\xb7^\xc1\xa7:\x8e@\xbd\x02\x97\x5c\
rIXa\x85\x15\xeam\xa2!\xd5\x0f>\xf8\xe0\xb0\
\xed\xb6\xdb6$\xad\x98\x04\x08\xf4G\xc0\x1e\x02\x04\x08\
\x10 @\x80\xc0\xe2\x02\x06\xe8\x8b\x8b\xf8\x9a\x00\x01\x02\
\x04\x08\xa4/ \x01\x01\x02\x04\x08\x94,\xd0zK\xf1\
\xa3\x8f>\xba\xe4*\x8e\xdfi\xa7\x9d\xc2a\x87\x1d\x06\
\x82@v\x02#G\x8e\x0c\xa7\x9dvZv\xb9b\x0b\
\xb4\xc9&\x9b\x84\xaf\x7f\xfd\xeb\xb1\xb5\xa5\x1f\x02\x04\x08\
\x14)\xe0,\x02\x04\x08\x10 @\xa0\x04\x01\x03\xf4\x12\
P\x1dI\x80\x00\x01\x02\x04\x08t#`/\x01\x02\x04\
\xd2\x10\x98:ujx\xd7\xbb\xde\x95F\xb3\x09v\xb9\
\xe6\x9ak\x86\xef\x7f\xff\xfb\x09v\xaee\x02\xed\x09L\
\x9e<9\xec\xbb\xef\xbe\xed-\xb6\xaac\x81\xd6\xbb\x85\
\x5cv\xd9e^\xe9\xdf\xb1\x9c\x0d\x04\x08\x10\xa8R@\
-\x02\x04\x08\x10 \x10\xa7\x80\x01z\x9c\xf7\xa2+\x02\
\x04\x08\x10 @ U\x01}\x13 \xd0(\x81\xe9\xd3\
\xa7\x877\xbe\xf1\x8d\x8d\xca\x5cU\xd8\x96\xedj\xab\xad\
VU9u\x08\xd4\x22p\xe6\x99g\x86\xb7\xbe\xf5\xad\
\xb5\xd4\xce\xbd\xe8\xd9g\x9f\x1d6\xd8`\x83\xdcc\xca\
G\x80\x00\x01\x02u\x0a\xa8M\x80\x00\x01\x02\xd9\x0a\x18\
\xa0g{\xb5\x82\x11 @\x80\x00\x01\x02\x04:\x17\xb0\
\x83\x00\x81\xce\x04\xd6^{\xedp\xe9\xa5\x97v\xb6\xc9\
\xea>\x05\xbe\xf9\xcdo\x86m\xb7\xdd\xb6\xcfu\x16\x10\
H]\xa0\xf5*\xe9\x1f\xff\xf8\xc7a\xc8\x90!\xa9G\
\x89\xaa\xffO\x7f\xfa\xd3a\xe2\xc4\x89Q\xf5\xa4\x19\x02\
\x04\x08\x10 \x10\x9b\x80~\x08\x10 @`\xe9\x02\x06\
\xe8K\xb7\xf1\x0c\x01\x02\x04\x08\x10 @\x80@Z\x02\
\xba%P\x8b\xc0\x0e;\xec\x10\xce?\xff\xfcZj\xe7\
X\xf4\xa0\x83\x0e\x0a\x87\x1crH\x8e\xd1d\x22\xd0\xab\
\xc0\xdb\xdf\xfe\xf6p\xf9\xe5\x97\xf7\xfa\x9c\x07;\x17x\
\xdf\xfb\xde\x17\xbe\xfe\xf5\xafw\xbe\xd1\x0e\x02\x04\x08\x10\
 @ %\x01\xbd\x12 @\xa0T\x01\x03\xf4Ry\
\x1dN\x80\x00\x01\x02\x04\x08\x10 @\xa0]\x01\xebR\
\x16\xf8\xf0\x87?\x1c\x8e>\xfa\xe8\x94#D\xd1{k\
\xf0\xf5\xedo\x7f;\x8a^4A\xa0J\x81\xd6\x0f\xe2\
\x9cu\xd6YU\x96\xcc\xb2\xd6\xe6\x9bo\x1e\xa6M\x9b\
\x96e6\xa1\x08\x10 @\x80\x00\x81\x9c\x04d!@\
 v\x01\x03\xf4\xd8oH\x7f\x04\x08\x10 @\x80\x00\
\x01\x02\x04R\x10\xd0c\x98:uj\x980a\x02\x89\
~\x0a\x18|\xf5\x13\xce\xb6l\x04&O\x9e\x1c\x8e:\
\xea\xa8l\xf2T\x1dd\xf8\xf0\xe1\xe1'?\xf9I\x18\
<xp\xd5\xa5\xd5#@\x80\x00\x01\x02\x04\x084K\
@Z\x02\x0d\x100@o\xc0%\x8bH\x80\x00\x01\x02\
\x04\x08\x10 @\x80\xc0\xb2\x05\x8az\xb6\xf5\xca\xc7]\
v\xd9\xa5\xa8\xe3\x1as\xce\x06\x1bl`\xf0\xd5\x98\xdb\
\x16tY\x02\xc7\x1dw\x5c\xf8\xe8G?\xba\xac%\x9e\
\xebE`\xe8\xd0\xa1\xe1\xea\xab\xaf\x0ek\xae\xb9f/\
\xcfz\x88\x00\x01\x02\x04\x08\x10 @\x80\xc0k\x02>\
#\xd0\x8e\x80\x01z;J\xd6\x10 @\x80\x00\x01\x02\
\x04\x08\x10 @\xa0M\x81k\xaf\xbd6\xec\xb5\xd7^\
m\xae.dY\xd2\x87\x8c\x1a5*\xfc\xf4\xa7?5\
\xf8J\xfa\x165_\xa4\xc0\xf7\xbe\xf7\xbd\xf0\xc9O~\
\xb2\xc8#\xb3>k\xddu\xd7\x0d\xb7\xdcrK\xd8t\
\xd3M\xb3\xce)\x1c\x01\x02\x04\x08\x10 @\x80\x00\x81\
\x10\x02\x84\x8a\x04\x0c\xd0+\x82V\x86\x00\x01\x02\x04\x08\
\x10 @\x80\x00\x81\xe6\x08L\x9f>\xdd\x00\xac\x8d\xeb\
n\xfd\xde\xe79s\xe6\x845\xd6X\xa3\x8d\xd5\x96\x10\
h\x8e\xc0\xa9\xa7\x9e\x1aN9\xe5\x94\xe6\x04\xeeg\xd2\
\xd6\xd0\xbc5<_\x7f\xfd\xf5\xfby\x82m\x04\x08\x10\
 @\x80\x00\x01\x02\x04\x08T'\x90N%\x03\xf4t\
\xeeJ\xa7\x04\x08\x10 @\x80\x00\x01\x02\x04\x08$$\
\xd0\x1a\x80\x9d|\xf2\xc9\x09u\x5cm\xab\x1f\xfc\xe0\x07\
\xc3\x0d7\xdc\x10V\x5cq\xc5j\x0b\x17]\xcdy\x04\
J\x12\xf8\xccg>\x13.\xbc\xf0\xc2\x92NO\xff\xd8\
\xd6\x0f\xe0\xdct\xd3M~\x00'\xfd\xab\x94\x80\x00\x01\
\x02\x04\x08\x10 @\x80@t\x02\xbd\x0e\xd0\xa3\xebR\
C\x04\x08\x10 @\x80\x00\x01\x02\x04\x08\x10HP\xe0\
\xb0\xc3\x0e\x0b?\xfa\xd1\x8fB\xeb\xf7\xf3&\xd8~i\
-\xb7^Y{\xc9%\x97\x94v\xbe\x83\xdb\x17\xb02\
n\x81}\xf7\xdd7\xb4\x86\xc4#F\x8c\x88\xbb\xd1\x8a\
\xbbk}om\xfd\x00\xce*\xab\xacRqe\xe5\x08\
\x10 @\x80\x00\x01\x02\x04\x08\x10h\x82@\x8e\x03\xf4\
&\xdc\x9b\x8c\x04\x08\x10 @\x80\x00\x01\x02\x04\x08$\
\x22\xb0\xc7\x1e{\x84{\xee\xb9'\x8c\x1d;6\x91\x8e\
\xcbk\xb3\xf56\xcbw\xdeygh\xbd\xb2\xb6\xbc*\
Nn\x90@#\xa2\x8e\x193&\xdc}\xf7\xdda\xcf\
=\xf7lD\xdee\x85\x5cs\xcd5\xc3\xf5\xd7_\x1f\
\xbc\xbb\xc7\xb2\x94<G\x80\x00\x01\x02\x04\x08\x10 @\
\x80@\xb7\x02\x06\xe8\xdd\x0a\x16\xbe\xdf\x81\x04\x08\x10 \
@\x80\x00\x01\x02\x04\x08\xe4&\xb0\xd6Zk\x85\x1bo\
\xbc1L\x9d:5\xb7hm\xe7\xd9o\xbf\xfd\xc2]\
w\xdd\x15\xde\xf9\xcew\xb6\xbd\xc7B\x02y\x0b\xb4\x9f\
n\xd5UW\x0d?\xfc\xe1\x0f\xc3\x19g\x9c\xd1\xd8_\
{\xf0\xeew\xbf;\xcc\x9d;7\xec\xb4\xd3N\xed\xc3\
YI\x80\x00\x01\x02\x04\x08\x10 @\x80\x00\x81~\x08\
\x18\xa0\xf7\x03\xcd\x96e\x08x\x8a\x00\x01\x02\x04\x08\x10\
 @\x80\x00\x81\xa5\x0a\x1c}\xf4\xd1\xe1\xe6\x9bo\x0e\
\x9bo\xbe\xf9R\xd7\xe4\xf6\xc4\xb0a\xc3\xc2\xb4i\xd3\
\xc29\xe7\x9c\xd3\xd8\xc1_nw*O}\x02S\xa6\
L\x09w\xdcqG\xd8y\xe7\x9d\xebk\xe2\x95\xca\x15\
}\x1c2dH8\xed\xb4\xd3\xc2\xd5W_\x1dV_\
}\xf5\x8a\xaa*C\x80\x00\x01\x02\x04\x08\x10 @\x80\
@\x93\x05\x0c\xd0\x9b|\xfb\xb2/!\xe0\x01\x02\x04\x08\
\x10 @\x80\x00\x01\x02e\x0bl\xbd\xf5\xd6=\xaf\xc4\
\xfe\xd6\xb7\xbe\x15\x86\x0e\x1dZv\xb9Z\xcfo\xfd\x9e\
\xe2\x87\x1f~8L\x980\xa1\xd6>\x14'\x90\x93\xc0\
\x86\x1bn\x18\xae\xbb\xee\xbap\xf1\xc5\x17\x87\xb5\xd7^\
;\xa7hKd\xd9\x7f\xff\xfd\xc3\xa3\x8f>\x1a\x0e>\
\xf8\xe0%\x9e\xeb\xf6\x01\xfb\x09\x10 @\x80\x00\x01\x02\
\x04\x08\x10 \xb04\x01\x03\xf4\xa5\xc9x\x9c@z\x02\
:&@\x80\x00\x01\x02\x04\x08\x10HH\xe0\xe3\x1f\xff\
xx\xf0\xc1\x07Ck@\x94P\xdbm\xb5\xba\xc3\x0e\
;\x84\x07\x1ex\xa0\xe7\xf7\x14\xaf\xb8\xe2\x8am\xed\xb1\
\x88\x00\x81\xce\x04&N\x9c\x18\xee\xbf\xff\xfep\xc4\x11\
Gt\xb61\x81\xd5\xad_\xf5p\xeb\xad\xb7\x863\xcf\
<3\xbc\xe9MoJ\xa0\xe3\xca[T\x90\x00\x01\x02\
\x04\x08\x10 @\x80\x00\x81\x12\x05\x0c\xd0K\xc4u4\
\x01\x02\x9d\x08XK\x80\x00\x01\x02\x04\x08\x10h\x9e\xc0\
j\xab\xad\xd63 \xba\xeb\xae\xbb\xc2\xb8q\xe3\x92\x07\
x\xd7\xbb\xde\x15\xae\xba\xea\xaap\xc3\x0d7\x84\x91#\
G&\x9fG\x00\x02\xb1\x0b\xb4~@\xe5\xc4\x13O\x0c\
\x8f<\xf2H\x98<yr\xec\xed\xf6\xd9\xdf\xc6\x1bo\
\x1c.\xbc\xf0\xc2p\xe7\x9dw\x86-\xb7\xdc\xb2\xcf\xf5\
\x16\xa4*\xa0o\x02\x04\x08\x10 @\x80\x00\x01\x02q\
\x0b\x18\xa0\xc7}?\xba#@ \x15\x01}\x12 @\
\x80\x00\x01\x02\x04\xba\x10\xd8|\xf3\xcd\xc3\xa5\x97^\x1a\
n\xbf\xfd\xf6\xf0\xbe\xf7\xbd\xaf\x8b\x93\xea\xd9:z\xf4\
\xe8p\xc5\x15W\x84\x9f\xfd\xecga\xf7\xddw\xaf\xa7\
\x09U\x094X\xe0mo{[8\xeb\xac\xb3z\xde\
\xd5\xe2#\x1f\xf9Hr\x12\x1bl\xb0A\xf8\xde\xf7\xbe\
\x17~\xf9\xcb_\x86}\xf7\xdd7\xb9\xfe5\xdc0\x01\
q\x09\x10 @\x80\x00\x01\x02\x04\xb2\x170@\xcf\xfe\
\x8a\x05$@\x80@\xdf\x02V\x10 @\x80\x00\x01\x02\
q\x08l\xb1\xc5\x16\xe1\xca+\xaf\x0c\xb7\xdcrK\xf8\
\xd0\x87>\x14Z\xaf.\x8d\xa3\xb3\xde\xbb\xd8m\xb7\xdd\
\xc2\xb4i\xd3\xc2m\xb7\xdd\x16\xde\xff\xfe\xf7\xf7\xbe\xc8\
\xa3\x04\x08T&\xd0\x1aD\x9f{\xee\xb9\xe1\xbe\xfb\xee\
\x0bS\xa6L\x09o|\xe3\x1b+\xab\xdd\x9fB\xdbl\
\xb3M\xcf\xbbp\xb4~\x9d\xc5G?\xfa\xd1\xfe\x1ca\
\x0f\x01\x02\x1d\x0aXN\x80\x00\x01\x02\x04\x08\x10 \xd0\
\xb7\x80\x01z\xdfFV\x10 @\x80@\xdc\x02\xba#\
@\x80\x00\x01\x02\xd9\x09l\xb5\xd5V\xe1\x82\x0b.\x08\
O?\xfdt\xb8\xe8\xa2\x8b\xc2\x9e{\xee\x19M\xc6\xed\
\xb7\xdf>\x9cv\xdaia\xde\xbcy\xe1\x9ak\xae\x09\
\x13&L\x88\xa67\x8d\x10 \xf0\xb2\xc0F\x1bm\x14\
\xce8\xe3\x8c\xf0\xec\xb3\xcf\x86\x1f\xfd\xe8G\xa1\xf5\xaa\
\xf4\x95W^\xf9\xe5'k\xfe\xb3\xf5\xd6\xec'\x9f|\
r\xf8\xcdo~\x13\xe6\xcc\x99\x13\xf6\xdf\x7f\xff\x9a;\
R\x9e\x00\x81\x84\x04\xb4J\x80\x00\x01\x02\x04\x08\x10\xa8\
D\xc0\x00\xbd\x12fE\x08\x10 @\x80\xc0\xd2\x04<\
N\x80\x00\x01\x02\x04\x96.0x\xf0\xe0\xb0\xcf>\xfb\
\x84\x1f\xfe\xf0\x87\xe1\xf9\xe7\x9f\xefy\xb5\xf7!\x87\x1c\
\x12\xde\xf1\x8ew\x84\xaa\xfe\xb3\xdez\xeb\x85\xfd\xf6\xdb\
/|\xfb\xdb\xdf\x0e\x8f?\xfex\x989sf8\xf8\
\xe0\x83\xc3\x9b\xde\xf4\xa6\xaaZP\x87\x00\x81.\x04\xf6\
\xd8c\x8f\xd0zU\xfa\xef~\xf7\xbb\x9e_\xb5\xf0\xb9\
\xcf}.\xbc\xeb]\xef\xea\xe2\xc4\xce\xb6\xbe\xe5-o\
\xe9\xf9>\xf6\xcdo~3<\xf4\xd0C\xe1\xd6[o\
\x0d\x87\x1dvXh=\xde\xd9IV\x13 @ u\
\x01\xfd\x13 @\x80\x00\x01\x02\xa9\x08\x18\xa0\xa7rS\
\xfa$@\x80\x00\x01\x021\x0a\xe8\x89\x00\x01\x02\x04*\
\x13Xe\x95Uz^\xed\xdd\x1aB\xfd\xe2\x17\xbf\x08\
\xbf\xff\xfd\xef{^Y\xfa\xc5/~1L\x9c81\
\x8c\x1e=:\x0c\x192\xa4\xdf\xfd\xac\xb0\xc2\x0aa\xd3\
M7\x0d\xe3\xc6\x8d\xeb\x19n\xb5^\xf9\xfe\xe4\x93O\
\x86\x87\x1f~8\x9cs\xce9\xe1\xa0\x83\x0e\x0a\xc3\x87\
\x0f\xef\xf7\xf96\x12 P\xaf@\xeb\xbf\xe3\xad_\xb5\
\xf0/\xff\xf2/\xe1g?\xfbYx\xe9\xa5\x97\xc2\xb5\
\xd7^\x1b\xa6N\x9d\x1a&M\x9a\x14\xb6\xdez\xeb\xb0\
\xdaj\xabu\xd5\xe4\x86\x1bn\x18\xde\xf7\xbe\xf7\x85O\
\x7f\xfa\xd3=\xdf7Z\xdf?Z\xaf4o}?i\
\xfd\xf0\xcf\xfa\xeb\xaf\xdf\xd5\xf96\x13 @\x80@\x8d\
\x02J\x13 @\x80\x00\x81\x06\x09\x18\xa07\xe8\xb2E\
%@\x80\x00\x01\x02\x04^/\xe0+\x02\x04\x08\xa4,\
\xd0\x1a\x96\xb7^Y\xfa\x95\xaf|%\x5c|\xf1\xc5\xe1\
\xb6\xdbn\xeb\x19\xaa\xbf\xf0\xc2\x0b\xe1\xd7\xbf\xfeux\
\xe0\x81\x07\xc2\xdc\xb9s\xc3\xed\xb7\xdf\x1en\xbe\xf9\xe6\
0k\xd6\xac\x9eW\x8f\xdft\xd3M=k\xef\xbe\xfb\
\xeep\xff\xfd\xf7\x87\xff\xfe\xef\xff\xee\xd97\x7f\xfe\xfc\
\x9e\xf5\x97^zih\xbd\xbdr\xeb\x95\xefo~\xf3\
\x9bS&\xd2;\x01\x02\xcb\x10h\xbd\xc3\xc5.\xbb\xec\
\x12\x8e>\xfa\xe8p\xdey\xe7\xf5|\x9fh\xfd\xda\x88\
\x05\x0b\x16\xf4\xbc\xdb\xc4\x83\x0f>\x18\xee\xb9\xe7\x9ep\
\xc7\x1dw\xf4\x0c\xdco\xbc\xf1\xc6p\xc3\x0d7\x84\x9f\
\xfe\xf4\xa7=\xaf\x22\xbf\xeb\xae\xbb\xc2}\xf7\xdd\x17\x1e\
}\xf4\xd1\xf0\xcc3\xcf\x84\x85\x0b\x17\xf6|O\xb9\xf2\
\xca+\xc3\xd7\xbf\xfe\xf5\x9ew\xaeh\xbd\x83\xc52Z\
\xf0\x14\x01\x02\x04\x08\x10\xa8L@!\x02\x04\x08\x10 \
\xd0\x89\x80\x01z'Z\xd6\x12 @\x80\x00\x01\x02\x04\
\xe2\x11\xd0\x09\x01\x02\x04z\x15Xi\xa5\x95\xc2\xdak\
\xaf\x1dF\x8e\x1c\xd9\xf3\x8a\xf2-\xb6\xd8\xa2\xe7\x95\xa5\
\xdbm\xb7]\xd8~\xfb\xed\xc3\x981cz^\xad\xbe\
\xd9f\x9b\x85\xd6\xabE\xd7Yg\x9d\xae^\xb9\xdek\
\x13\x1e$@ Y\x817\xbc\xe1\x0d=\xef6\xb1\xc1\
\x06\x1b\x84M6\xd9$\x8c\x1a5\xaa\xe7-\xdf\xc7\x8e\
\x1d\x1bv\xd8a\x87\xf0\xf7\x7f\xff\xf7a\xcb-\xb7\x0c\
\x9bo\xbey\xd8h\xa3\x8d\xc2[\xdf\xfa\xd60t\xe8\
\xd0d\xf3j\x9c\x00\x01\x02\x04\x08$ \xa0E\x02\x04\
\x08\x10\xa8X\xc0\x00\xbdbp\xe5\x08\x10 @\x80\x00\
\x01\x02\x04Z\x02\xfe%@\x80\x00\x01\x02\x04\x08\x10 \
M\x81]\x90\x00\x00\x10\x00IDAT@\x80\x00\x01\
\x02\x04\xf2\x17\x90\x90\x00\x01\x02\xe9\x09\x18\xa0\xa7wg\
:&@\x80\x00\x01\x02\x04\x08\x10\xa8[@}\x02\x04\
\x08\x10 @\x80\x00\x01\x02\x04\x08\x10 @ \x7f\x01\
\x09\x09\x10h\xa4\x80\x01z#\xaf]h\x02\x04\x08\x10\
 @\x80\x00\x81&\x0b\xc8N\x80\x00\x01\x02\x04\x08\x10\
 @\x80\x00\x01\x02\x04\x08\xe4/ !\x01\x02\xfd\x13\
0@\xef\x9f\x9b]\x04\x08\x10 @\x80\x00\x01\x02\x04\
\x08\xd4#\xa0*\x01\x02\x04\x08\x10 @\x80\x00\x01\x02\
\x04\x08\x10 \x90\xbf\x80\x84\x04j\x130@\xaf\x8d^\
a\x02\x04\x08\x10 @\x80\x00\x01\x02\x04\x9a' 1\
\x01\x02\x04\x08\x10 @\x80\x00\x01\x02\x04\x08\x10 \x90\
\xbf\x80\x84)\x0b\x18\xa0\xa7|{z'@\x80\x00\x01\
\x02\x04\x08\x10 @\x80@\x95\x02j\x11 @\x80\x00\
\x01\x02\x04\x08\x10 @\x80\x00\x01\x02\xf9\x0b4<\xa1\
\x01z\xc3\xff\x02\x88O\x80\x00\x01\x02\x04\x08\x10 @\
\x80\x00\x81\xa6\x08\xc8I\x80\x00\x01\x02\x04\x08\x10 @\
\x80\x00\x01\x02\x04\x08\xe4/\xd0mB\x03\xf4n\x05\xed\
'@\x80\x00\x01\x02\x04\x08\x10 @\x80\x00\x01\x02\xe5\
\x0b\xa8@\x80\x00\x01\x02\x04\x08\x10 @\x80\x00\x01\x02\
\x04\x08T P\xf3\x00\xbd\x82\x84J\x10 @\x80\x00\
\x01\x02\x04\x08\x10 @\x80\x00\x01\x025\x0b(O\x80\
\x00\x01\x02\x04\x08\x10 @\x80\x00\x01\x02\x04\xd2\x100\
@\xef\xe6\x9e\xec%@\x80\x00\x01\x02\x04\x08\x10 @\
\x80\x00\x01\x02\x04\xf2\x17\x90\x90\x00\x01\x02\x04\x08\x10 \
@\x80\x00\x01\x02\x04\x1a#`\x80\xde\x98\xab^2\xa8\
G\x08\x10 @\x80\x00\x01\x02\x04\x08\x10 @\x80\x00\
\x81\xfc\x05$$@\x80\x00\x01\x02\x04\x08\x10 @\x80\
\x00\x81\xf6\x05\x0c\xd0\xdb\xb7\xb22.\x01\xdd\x10 @\
\x80\x00\x01\x02\x04\x08\x10 @\x80\x00\x01\x02\xf9\x0bH\
H\x80\x00\x01\x02\x04\x08\x10 @\x80\x00\x81J\x05\x0c\
\xd0+\xe5V\x8c\xc0+\x02>\x12 @\x80\x00\x01\x02\
\x04\x08\x10 @\x80\x00\x01\x02\xf9\x0bHH\x80\x00\x01\
\x02\x04\x08\x10 @\x80@j\x02\x06\xe8\xa9\xdd\x98~\
\x09\xc4 \xa0\x07\x02\x04\x08\x10 @\x80\x00\x01\x02\x04\
\x08\x10 @ \x7f\x01\x09\x09\x10 @\x80\x00\x01\x02\
\x04\x084P\xc0\x00\xbd\x81\x97.2\x81\xa6\x0b\xc8O\
\x80\x00\x01\x02\x04\x08\x10 @\x80\x00\x01\x02\x04\x08\xe4\
/ !\x01\x02\x04\x08\x10 @\x80\x00\x81\xfe\x08\x18\
\xa0\xf7G\xcd\x1e\x02\x04\x08\xd4'\xa02\x01\x02\x04\x08\
\x10 @\x80\x00\x01\x02\x04\x08\x10 \x90\xbf\x80\x84\x04\
\x08\x10 @\x80\x00\x01\x025\x09\x18\xa0\xd7\x04\xaf,\
\x01\x02\x04\x9a) 5\x01\x02\x04\x08\x10 @\x80\x00\
\x01\x02\x04\x08\x10 \x90\xbf\x80\x84\x04\x08\x10 @\x80\
\x00\x81t\x05\x0c\xd0\xd3\xbd;\x9d\x13 @\x80@\xd5\
\x02\xea\x11 @\x80\x00\x01\x02\x04\x08\x10 @\x80\x00\
\x01\x02\xf9\x0bHH\x80\x00\x01\x02\x04\x084Z\xc0\x00\
\xbd\xd1\xd7/<\x01\x02\x04\x084I@V\x02\x04\x08\
\x10 @\x80\x00\x01\x02\x04\x08\x10 @ \x7f\x01\x09\
\x09\x10 @\x80\x00\x81\xee\x04\x0c\xd0\xbb\xf3\xb3\x9b\x00\
\x01\x02\x04\x08\x10\xa8F@\x15\x02\x04\x08\x10 @\x80\
\x00\x01\x02\x04\x08\x10 @ \x7f\x01\x09\x09\x10 @\
\x80@\xed\x02\x06\xe8\xb5_\x81\x06\x08\x10 @\x80\x00\
\x81\xfc\x05$$@\x80\x00\x01\x02\x04\x08\x10 @\x80\
\x00\x01\x02\x04\xf2\x17\x90\x90\x00\x01\x02\x04r\x100@\
\xcf\xe1\x16e @\x80\x00\x01\x02\x04\x08\x94)\xe0l\
\x02\x04\x08\x10 @\x80\x00\x01\x02\x04\x08\x10 @ \
\x7f\x01\x09\x09\x10 @\xa0G\xc0\x00\xbd\x87\xc1\x1f\x04\
\x08\x10 @\x80\x00\x01\x02\xb9\x0a\xc8E\x80\x00\x01\x02\
\x04\x08\x10 @\x80\x00\x01\x02\x04\x08\xe4/ !\x01\
\x02\x04\x8a\x120@/J\xd29\x04\x08\x10 @\x80\
\x00\x01\x02\x04\x8a\x17p\x22\x01\x02\x04\x08\x10 @\x80\
\x00\x01\x02\x04\x08\x10 \x90\xbf\x80\x84\x04\x08D$`\
\x80\x1e\xd1eh\x85\x00\x01\x02\x04\x08\x10 @\x80@\
^\x02\xd2\x10 @\x80\x00\x01\x02\x04\x08\x10 @\x80\
\x00\x01\x02\xf9\x0bHH /\x01\x03\xf4\xbc\xeeS\x1a\
\x02\x04\x08\x10 @\x80\x00\x01\x02\x04\x8a\x12p\x0e\x01\
\x02\x04\x08\x10 @\x80\x00\x01\x02\x04\x08\x10 \x90\xbf\
\x80\x84\x04\x16\x130@_\x0c\xc4\x97\x04\x08\x10 @\
\x80\x00\x01\x02\x04\x08\x10\xc8A@\x06\x02\x04\x08\x10 \
@\x80\x00\x01\x02\x04\x08\x10 @ \x7f\x01\x09\x8b\x17\
0@/\xde\xd4\x89\x04\x08\x10 @\x80\x00\x01\x02\x04\
\x08\x10 \xd0\x9d\x80\xdd\x04\x08\x10 @\x80\x00\x01\x02\
\x04\x08\x10 @\x80@\xfe\x02Q&4@\x8f\xf2Z\
4E\x80\x00\x01\x02\x04\x08\x10 @\x80\x00\x01\x02\xe9\
\x0a\xe8\x9c\x00\x01\x02\x04\x08\x10 @\x80\x00\x01\x02\x04\
\x08\x10HU\xa0\xfd\x01z\xaa\x09\xf5M\x80\x00\x01\x02\
\x04\x08\x10 @\x80\x00\x01\x02\x04\x08\xb4/`%\x01\
\x02\x04\x08\x10 @\x80\x00\x01\x02\x04\x08\x10h\xb0@\
c\x06\xe8\x0d\xbec\xd1\x09\x10 @\x80\x00\x01\x02\x04\
\x08\x10 @\x80@c\x04\x04%@\x80\x00\x01\x02\x04\
\x08\x10 @\x80\x00\x01\x02\xdd\x08\x18\xa0w\xa3W\xdd\
^\x95\x08\x10 @\x80\x00\x01\x02\x04\x08\x10 @\x80\
\x00\x81\xfc\x05$$@\x80\x00\x01\x02\x04\x08\x10 @\
\x80\x00\x81\x9a\x05\x0c\xd0k\xbe\x80f\x94\x97\x92\x00\x01\
\x02\x04\x08\x10 @\x80\x00\x01\x02\x04\x08\x10\xc8_@\
B\x02\x04\x08\x10 @\x80\x00\x01\x02\x04\x08\xa4/`\
\x80\x9e\xfe\x1dJP\xb6\x80\xf3\x09\x10 @\x80\x00\x01\
\x02\x04\x08\x10 @\x80\x00\x81\xfc\x05$$@\x80\x00\
\x01\x02\x04\x08\x10 @\x80\xc0_\x05\x0c\xd0\xff\x8a\xe0\
\x1f\x029\x0b\xc8F\x80\x00\x01\x02\x04\x08\x10 @\x80\
\x00\x01\x02\x04\x08\xe4/ !\x01\x02\x04\x08\x10 @\
\x80\x00\x01\x02\xc5\x08\x18\xa0\x17\xe3\xe8\x14\x02\x04\xca\x11\
p*\x01\x02\x04\x08\x10 @\x80\x00\x01\x02\x04\x08\x10\
 \x90\xbf\x80\x84\x04\x08\x10 @\x80\x00\x01\x02\x04\xa2\
\x110@\x8f\xe6*4B\x80@~\x02\x12\x11 @\
\x80\x00\x01\x02\x04\x08\x10 @\x80\x00\x01\x02\xf9\x0bH\
H\x80\x00\x01\x02\x04\x08\x10 \x90\x93\x80\x01zN\xb7\
)\x0b\x01\x02\x04\x8a\x14p\x16\x01\x02\x04\x08\x10 @\
\x80\x00\x01\x02\x04\x08\x10 \x90\xbf\x80\x84\x04\x08\x10 \
@\x80\x00\x01\x02\xaf\x130@\x7f\x1d\x87/\x08\x10 \
@ \x17\x019\x08\x10 @\x80\x00\x01\x02\x04\x08\x10\
 @\x80\x00\x81\xfc\x05$$@\x80\x00\x01\x02\x04\x08\
\x14-`\x80^\xb4\xa8\xf3\x08\x10 @\x80@\xf7\x02\
N @\x80\x00\x01\x02\x04\x08\x10 @\x80\x00\x01\x02\
\x04\xf2\x17\x90\x90\x00\x01\x02\x04\x08\x10\x88P\xc0\x00=\
\xc2K\xd1\x12\x01\x02\x04\x08\x10H[@\xf7\x04\x08\x10\
 @\x80\x00\x01\x02\x04\x08\x10 @\x80@\xfe\x02\x12\
\x12 @\x80\x00\x81<\x05\x0c\xd0\xf3\xbcW\xa9\x08\x10\
 @\x80\x00\x81\xfe\x0a\xd8G\x80\x00\x01\x02\x04\x08\x10\
 @\x80\x00\x01\x02\x04\x08\xe4/ !\x01\x02\x04\x08\
\x10X\x8a\x80\x01\xfaR`<L\x80\x00\x01\x02\x04\x08\
\x10HQ@\xcf\x04\x08\x10 @\x80\x00\x01\x02\x04\x08\
\x10 @\x80@\xfe\x02\x12\x12 @\x80@y\x02\x06\
\xe8\xe5\xd9:\x99\x00\x01\x02\x04\x08\x10 @\xa03\x01\
\xab\x09\x10 @\x80\x00\x01\x02\x04\x08\x10 @\x80\x00\
\x81\xfc\x05$$@\x80@\xd4\x02\x06\xe8Q_\x8f\xe6\
\x08\x10 @\x80\x00\x01\x02\x04\xd2\x11\xd0)\x01\x02\x04\
\x08\x10 @\x80\x00\x01\x02\x04\x08\x10 \x90\xbf\x80\x84\
\x04\x08\xe4.`\x80\x9e\xfb\x0d\xcbG\x80\x00\x01\x02\x04\
\x08\x10 @\xa0\x1d\x01k\x08\x10 @\x80\x00\x01\x02\
\x04\x08\x10 @\x80\x00\x81\xfc\x05$$@\xa0O\x01\
\x03\xf4>\x89, @\x80\x00\x01\x02\x04\x08\x10 @\
 v\x01\xfd\x11 @\x80\x00\x01\x02\x04\x08\x10 @\
\x80\x00\x01\x02\xf9\x0bHH\xa0\x0a\x01\x03\xf4*\x94\xd5\
 @\x80\x00\x01\x02\x04\x08\x10 @\x80\xc0\xd2\x05<\
C\x80\x00\x01\x02\x04\x08\x10 @\x80\x00\x01\x02\x04\x08\
\xe4/ a\x22\x02\x06\xe8\x89\x5c\x946\x09\x10 @\
\x80\x00\x01\x02\x04\x08\x10 \x10\xa7\x80\xae\x08\x10 @\
\x80\x00\x01\x02\x04\x08\x10 @\x80\x00\x81\xfc\x05\x9a\x93\
\xd0\x00\xbd9w-)\x01\x02\x04\x08\x10 @\x80\x00\
\x01\x02\x04\x08,.\xe0k\x02\x04\x08\x10 @\x80\x00\
\x01\x02\x04\x08\x10 @ \x7f\x81\x0e\x12\x1a\xa0w\x80\
e)\x01\x02\x04\x08\x10 @\x80\x00\x01\x02\x04\x08\x10\
\x88I@/\x04\x08\x10 @\x80\x00\x01\x02\x04\x08\x10\
 @\x80@\xb1\x021\x0e\xd0\x8bM\xe84\x02\x04\x08\
\x10 @\x80\x00\x01\x02\x04\x08\x10 @ F\x01=\
\x11 @\x80\x00\x01\x02\x04\x08\x10 @\x80\x00\x81\xe8\
\x04\x0c\xd0\x0b\xbf\x12\x07\x12 @\x80\x00\x01\x02\x04\x08\
\x10 @\x80\x00\x01\x02\xf9\x0bHH\x80\x00\x01\x02\x04\
\x08\x10 @\x80\x00\x01\x029\x0a\x18\xa0\xe7x\xab\xdd\
d\xb2\x97\x00\x01\x02\x04\x08\x10 @\x80\x00\x01\x02\x04\
\x08\x10\xc8_@B\x02\x04\x08\x10 @\x80\x00\x01\x02\
\x04\x08\x10\xe8U\xc0\x00\xbdW\x16\x0f\xa6*\xa0o\x02\
\x04\x08\x10 @\x80\x00\x01\x02\x04\x08\x10 @ \x7f\
\x01\x09\x09\x10 @\x80\x00\x01\x02\x04\x08\x10 P\x96\
\x80\x01zY\xb2\xce%\xd0\xb9\x80\x1d\x04\x08\x10 @\
\x80\x00\x01\x02\x04\x08\x10 @\x80@\xfe\x02\x12\x12 \
@\x80\x00\x01\x02\x04\x08\x10 \x10\xb1\x80\x01z\xc4\x97\
\xa35\x02i\x09\xe8\x96\x00\x01\x02\x04\x08\x10 @\x80\
\x00\x01\x02\x04\x08\x10\xc8_@B\x02\x04\x08\x10 @\
\x80\x00\x01\x02y\x0b\x18\xa0\xe7}\xbf\xd2\x11 \xd0\xae\
\x80u\x04\x08\x10 @\x80\x00\x01\x02\x04\x08\x10 @\
\x80@\xfe\x02\x12\x12 @\x80\x00\x01\x02\x04\x08\x10\xe8\
C\xc0\x00\xbd\x0f O\x13 @ \x05\x01=\x12 \
@\x80\x00\x01\x02\x04\x08\x10 @\x80\x00\x01\x02\xf9\x0b\
HH\x80\x00\x01\x02\x04\x08\x10 P\xbe\x80\x01z\xf9\
\xc6*\x10 @\x80\xc0\xb2\x05<K\x80\x00\x01\x02\x04\
\x08\x10 @\x80\x00\x01\x02\x04\x08\xe4/ !\x01\x02\
\x04\x08\x10 @ \x09\x01\x03\xf4$\xaeI\x93\x04\x08\
\x10 \x10\xaf\x80\xce\x08\x10 @\x80\x00\x01\x02\x04\x08\
\x10 @\x80\x00\x81\xfc\x05$$@\x80\x00\x01\x02\x04\
\x9a\x22`\x80\xde\x94\x9b\x96\x93\x00\x01\x02\x04\x08\xf4&\
\xe01\x02\x04\x08\x10 @\x80\x00\x01\x02\x04\x08\x10 \
@ \x7f\x01\x09\x09\x10 @\x80\x00\x81\xb6\x05\x0c\xd0\
\xdb\xa6\xb2\x90\x00\x01\x02\x04\x08\x10\x88M@?\x04\x08\
\x10 @\x80\x00\x01\x02\x04\x08\x10 @\x80@\xfe\x02\
\x12\x12 @\x80\x00\x81*\x05\x0c\xd0\xab\xd4V\x8b\x00\
\x01\x02\x04\x08\x10 \xf0\x9a\x80\xcf\x08\x10 @\x80\x00\
\x01\x02\x04\x08\x10 @\x80\x00\x81\xfc\x05$$@\x80\
\x00\x81\xc4\x04\x0c\xd0\x13\xbb0\xed\x12 @\x80\x00\x01\
\x02\x04\xe2\x10\xd0\x05\x01\x02\x04\x08\x10 @\x80\x00\x01\
\x02\x04\x08\x10 \x90\xbf\x80\x84\x04\x08\x10h\x9e\x80\x01\
z\xf3\xee\x5cb\x02\x04\x08\x10 @\x80\x00\x01\x02\x04\
\x08\x10 @\x80\x00\x01\x02\x04\x08\x10 @\x80@\xfe\
\x02\x12\x12 @\xa0\x1f\x02\x06\xe8\xfd@\xb3\x85\x00\x01\
\x02\x04\x08\x10 @\x80@\x9d\x02j\x13 @\x80\x00\
\x01\x02\x04\x08\x10 @\x80\x00\x01\x02\xf9\x0bHH\x80\
@=\x02\x06\xe8\xf5\xb8\xabJ\x80\x00\x01\x02\x04\x08\x10\
 @\xa0\xa9\x02r\x13 @\x80\x00\x01\x02\x04\x08\x10\
 @\x80\x00\x01\x02\xf9\x0bHH Y\x01\x03\xf4d\
\xafN\xe3\x04\x08\x10 @\x80\x00\x01\x02\x04\x08T/\
\xa0\x22\x01\x02\x04\x08\x10 @\x80\x00\x01\x02\x04\x08\x10\
 \x90\xbf\x80\x84M\x160@o\xf2\xed\xcbN\x80\x00\
\x01\x02\x04\x08\x10 @\x80@\xb3\x04\xa4%@\x80\x00\
\x01\x02\x04\x08\x10 @\x80\x00\x01\x02\x04\xf2\x17\x90\xb0\
+\x01\x03\xf4\xae\xf8l&@\x80\x00\x01\x02\x04\x08\x10\
 @\x80\x00\x81\xaa\x04\xd4!@\x80\x00\x01\x02\x04\x08\
\x10 @\x80\x00\x01\x02\x04\xf2\x17\xa8;\xa1\x01z\xdd\
7\xa0>\x01\x02\x04\x08\x10 @\x80\x00\x01\x02\x04\x08\
4A@F\x02\x04\x08\x10 @\x80\x00\x01\x02\x04\x08\
\x10 @ \x01\x81.\x07\xe8\x09$\xd4\x22\x01\x02\x04\
\x08\x10 @\x80\x00\x01\x02\x04\x08\x10 \xd0\xa5\x80\xed\
\x04\x08\x10 @\x80\x00\x01\x02\x04\x08\x10 @\xa0\x19\
\x02\xcd\x1e\xa07\xe3\x8e\xa5$@\x80\x00\x01\x02\x04\x08\
\x10 @\x80\x00\x01\x02\xcd\x16\x90\x9e\x00\x01\x02\x04\x08\
\x10 @\x80\x00\x01\x02\x04\x08\xb4)`\x80\xde&T\
\x8c\xcb\xf4D\x80\x00\x01\x02\x04\x08\x10 @\x80\x00\x01\
\x02\x04\x08\xe4/ !\x01\x02\x04\x08\x10 @\x80\x00\
\x01\x02\x04\x08T'`\x80^\x9d\xb5J\xaf\x17\xf0\x15\
\x01\x02\x04\x08\x10 @\x80\x00\x01\x02\x04\x08\x10 \x90\
\xbf\x80\x84\x04\x08\x10 @\x80\x00\x01\x02\x04\x08\x10H\
J\xc0\x00=\xa9\xeb\xd2l<\x02:!@\x80\x00\x01\
\x02\x04\x08\x10 @\x80\x00\x01\x02\x04\xf2\x17\x90\x90\x00\
\x01\x02\x04\x08\x10 @\x80\x00\x81\xa6\x09\x18\xa07\xed\
\xc6\xe5%\xd0\x12\xf0/\x01\x02\x04\x08\x10 @\x80\x00\
\x01\x02\x04\x08\x10 \x90\xbf\x80\x84\x04\x08\x10 @\x80\
\x00\x01\x02\x04\x08t,`\x80\xde1\x99\x0d\x04\x08\xd4\
-\xa0>\x01\x02\x04\x08\x10 @\x80\x00\x01\x02\x04\x08\
\x10 \x90\xbf\x80\x84\x04\x08\x10 @\x80\x00\x01\x02\x04\
\xea\x100@\xafC]M\x02\x04\x9a, ;\x01\x02\
\x04\x08\x10 @\x80\x00\x01\x02\x04\x08\x10 \x90\xbf\x80\
\x84\x04\x08\x10 @\x80\x00\x01\x02\x89\x0a\x18\xa0'z\
q\xda&@\x80@=\x02\xaa\x12 @\x80\x00\x01\x02\
\x04\x08\x10 @\x80\x00\x01\x02\xf9\x0bHH\x80\x00\x01\
\x02\x04\x08\x10h\xae\x80\x01zs\xef^r\x02\x04\x08\
4O@b\x02\x04\x08\x10 @\x80\x00\x01\x02\x04\x08\
\x10 @ \x7f\x01\x09\x09\x10 @\x80\x00\x01\x02]\
\x08\x18\xa0w\x81g+\x01\x02\x04\x08\x10\xa8R@-\
\x02\x04\x08\x10 @\x80\x00\x01\x02\x04\x08\x10 @ \
\x7f\x01\x09\x09\x10 @\x80\x00\x81z\x05\x0c\xd0\xeb\xf5\
W\x9d\x00\x01\x02\x04\x084E@N\x02\x04\x08\x10 \
@\x80\x00\x01\x02\x04\x08\x10 @ \x7f\x01\x09\x09\x10\
 @\x80@\xf2\x02\x06\xe8\xc9_\xa1\x00\x04\x08\x10 \
@\x80@\xf9\x02*\x10 @\x80\x00\x01\x02\x04\x08\x10\
 @\x80\x00\x01\x02\xf9\x0bHH\x80\x00\x01\x02\x04B\
0@\xf7\xb7\x80\x00\x01\x02\x04\x08\x10 \x90\xbb\x80|\
\x04\x08\x10 @\x80\x00\x01\x02\x04\x08\x10 @\x80@\
\xfe\x02\x12\x12 @\x80@!\x02\x06\xe8\x850:\x84\
\x00\x01\x02\x04\x08\x10 @\xa0,\x01\xe7\x12 @\x80\
\x00\x01\x02\x04\x08\x10 @\x80\x00\x01\x02\xf9\x0bHH\
\x80\x00\x81X\x04\x0c\xd0c\xb9\x09}\x10 @\x80\x00\
\x01\x02\x04\x08\xe4( \x13\x01\x02\x04\x08\x10 @\x80\
\x00\x01\x02\x04\x08\x10 \x90\xbf\x80\x84\x04\x08d$`\
\x80\x9e\xd1e\x8aB\x80\x00\x01\x02\x04\x08\x10 @\xa0\
X\x01\xa7\x11 @\x80\x00\x01\x02\x04\x08\x10 @\x80\
\x00\x01\x02\xf9\x0bHH\x80\xc0\xa2\x02\x06\xe8\x8bj\xf8\
\x9c\x00\x01\x02\x04\x08\x10 @\x80\x00\x81|\x04$!\
@\x80\x00\x01\x02\x04\x08\x10 @\x80\x00\x01\x02\x04\xf2\
\x17\x90\x90@\xc1\x02\x06\xe8\x05\x83:\x8e\x00\x01\x02\x04\
\x08\x10 @\x80\x00\x01\x02E\x088\x83\x00\x01\x02\x04\
\x08\x10 @\x80\x00\x01\x02\x04\x08\x10\xc8_@\xc2\xf8\
\x04\x0c\xd0\xe3\xbb\x13\x1d\x11 @\x80\x00\x01\x02\x04\x08\
\x10 @ u\x01\xfd\x13 @\x80\x00\x01\x02\x04\x08\
\x10 @\x80\x00\x01\x02\xf9\x0bd\x99\xd0\x00=\xcbk\
\x15\x8a\x00\x01\x02\x04\x08\x10 @\x80\x00\x01\x02\x04\xfa\
/`'\x01\x02\x04\x08\x10 @\x80\x00\x01\x02\x04\x08\
\x10 \x90\xbf@\xef\x09\x0d\xd0{w\xf1(\x01\x02\x04\
\x08\x10 @\x80\x00\x01\x02\x04\x08\x10HS@\xd7\x04\
\x08\x10 @\x80\x00\x01\x02\x04\x08\x10 @\x80@\xbf\
\x05\x92\x19\xa0\xf7;\xa1\x8d\x04\x08\x10 @\x80\x00\x01\
\x02\x04\x08\x10 @\x80@2\x02\x1a%@\x80\x00\x01\
\x02\x04\x08\x10 @\x80\x00\x01\x02u\x0a\x18\xa0W\xa3\
\xaf\x0a\x01\x02\x04\x08\x10 @\x80\x00\x01\x02\x04\x08\x10\
 \x90\xbf\x80\x84\x04\x08\x10 @\x80\x00\x01\x02\x04\x08\
\x10 \x90\xb8\x80\x01z\xe2\x17XM\xfb\xaa\x10 @\
\x80\x00\x01\x02\x04\x08\x10 @\x80\x00\x01^\xb0FK\
\x00\x00\x10\x00IDAT\x02\xf9\x0bHH\x80\x00\x01\
\x02\x04\x08\x10 @\x80\x00\x01\x02\x06\xe8\xfe\x0e\xe4/\
 !\x01\x02\x04\x08\x10 @\x80\x00\x01\x02\x04\x08\x10\
 \x90\xbf\x80\x84\x04\x08\x10 @\x80\x00\x01\x02\x04\x08\
\x10(@\xc0\x00\xbd\x00DG\x10(S\xc0\xd9\x04\x08\
\x10 @\x80\x00\x01\x02\x04\x08\x10 @\x80@\xfe\x02\
\x12\x12 @\x80\x00\x01\x02\x04\x08\x10 \x10\x87\x80\x01\
z\x1c\xf7\xa0\x0b\x02\xb9\x0a\xc8E\x80\x00\x01\x02\x04\x08\
\x10 @\x80\x00\x01\x02\x04\x08\xe4/ !\x01\x02\x04\
\x08\x10 @\x80\x00\x81l\x04\x0c\xd0\xb3\xb9JA\x08\
\x10(^\xc0\x89\x04\x08\x10 @\x80\x00\x01\x02\x04\x08\
\x10 @\x80@\xfe\x02\x12\x12 @\x80\x00\x01\x02\x04\
\x08\x10xM\xc0\x00\xfd5\x0b\x9f\x11 @ /\x01\
i\x08\x10 @\x80\x00\x01\x02\x04\x08\x10 @\x80\x00\
\x81\xfc\x05$$@\x80\x00\x01\x02\x04\x08\x10(T\xc0\
\x00\xbdPN\x87\x11 @\x80@Q\x02\xce!@\x80\
\x00\x01\x02\x04\x08\x10 @\x80\x00\x01\x02\x04\xf2\x17\x90\
\x90\x00\x01\x02\x04\x08\x10 \x10\x9b\x80\x01zl7\xa2\
\x1f\x02\x04\x08\x10\xc8A@\x06\x02\x04\x08\x10 @\x80\
\x00\x01\x02\x04\x08\x10 @ \x7f\x01\x09\x09\x10 @\
\x80\x00\x81\x0c\x05\x0c\xd03\xbcT\x91\x08\x10 @\x80\
@w\x02v\x13 @\x80\x00\x01\x02\x04\x08\x10 @\
\x80\x00\x01\x02\xf9\x0bHH\x80\x00\x01\x02\x04\x08\xf4&\
`\x80\xde\x9b\x8a\xc7\x08\x10 @\x80\x00\x81t\x05t\
N\x80\x00\x01\x02\x04\x08\x10 @\x80\x00\x01\x02\x04\x08\
\xe4/ !\x01\x02\x04\x08\x10(I\xc0\x00\xbd$X\
\xc7\x12 @\x80\x00\x01\x02\x04\xfa#`\x0f\x01\x02\x04\
\x08\x10 @\x80\x00\x01\x02\x04\x08\x10 \x90\xbf\x80\x84\
\x04\x08\x10 \x10\xaf\x80\x01z\xbcw\xa33\x02\x04\x08\
\x10 @\x80@j\x02\xfa%@\x80\x00\x01\x02\x04\x08\
\x10 @\x80\x00\x01\x02\x04\xf2\x17\x90\x90\x00\x01\x02Y\
\x0b\x18\xa0g}\xbd\xc2\x11 @\x80\x00\x01\x02\x04\x08\
\xb4/`%\x01\x02\x04\x08\x10 @\x80\x00\x01\x02\x04\
\x08\x10 \x90\xbf\x80\x84\x04\x08\x10X\xb6\x80\x01\xfa\xb2\
}<K\x80\x00\x01\x02\x04\x08\x10 @ \x0d\x01]\
\x12 @\x80\x00\x01\x02\x04\x08\x10 @\x80\x00\x01\x02\
\xf9\x0bHH\x80@\xe9\x02\x06\xe8\xa5\x13+@\x80\x00\
\x01\x02\x04\x08\x10 @\x80@_\x02\x9e'@\x80\x00\
\x01\x02\x04\x08\x10 @\x80\x00\x01\x02\x04\xf2\x17\x90\x90\
@\x0a\x02\x06\xe8)\xdc\x92\x1e\x09\x10 @\x80\x00\x01\
\x02\x04\x08\x10\x88Y@o\x04\x08\x10 @\x80\x00\x01\
\x02\x04\x08\x10 @\x80@\xfe\x02\x126D\xc0\x00\xbd\
!\x17-&\x01\x02\x04\x08\x10 @\x80\x00\x01\x02\x04\
z\x17\xf0(\x01\x02\x04\x08\x10 @\x80\x00\x01\x02\x04\
\x08\x10 \x90\xbf\x80\x84\xed\x0a\x18\xa0\xb7+e\x1d\x01\
\x02\x04\x08\x10 @\x80\x00\x01\x02\x04\x08\xc4'\xa0#\
\x02\x04\x08\x10 @\x80\x00\x01\x02\x04\x08\x10 @ \
\x7f\x81\x0a\x13\x1a\xa0W\x88\xad\x14\x01\x02\x04\x08\x10 \
@\x80\x00\x01\x02\x04\x08\x10XT\xc0\xe7\x04\x08\x10 \
@\x80\x00\x01\x02\x04\x08\x10 @\x80@\x5c\x02e\x0c\
\xd0\xe3J\xa8\x1b\x02\x04\x08\x10 @\x80\x00\x01\x02\x04\
\x08\x10 @\xa0\x0c\x01g\x12 @\x80\x00\x01\x02\x04\
\x08\x10 @\x80\x00\x81\xec\x04\x0c\xd0\x97\xb8R\x0f\x10\
 @\x80\x00\x01\x02\x04\x08\x10 @\x80\x00\x01\x02\xf9\
\x0bHH\x80\x00\x01\x02\x04\x08\x10 @\x80\x00\x01\x02\
\x04\x96\x140@_\xd2$\xedGtO\x80\x00\x01\x02\
\x04\x08\x10 @\x80\x00\x01\x02\x04\x08\xe4/ !\x01\
\x02\x04\x08\x10 @\x80\x00\x01\x02\x04\x08\x94\x22`\x80\
^\x0a\xabC\xfb+`\x1f\x01\x02\x04\x08\x10 @\x80\
\x00\x01\x02\x04\x08\x10 \x90\xbf\x80\x84\x04\x08\x10 @\
\x80\x00\x01\x02\x04\x08\x10\x88U\xc0\x00=\xd6\x9b\xd1W\
\x8a\x02z&@\x80\x00\x01\x02\x04\x08\x10 @\x80\x00\
\x01\x02\x04\xf2\x17\x90\x90\x00\x01\x02\x04\x08\x10 @\x80\
\x00\x81\x8c\x05\x0c\xd03\xbe\x5c\xd1\x08t&`5\x01\
\x02\x04\x08\x10 @\x80\x00\x01\x02\x04\x08\x10 \x90\xbf\
\x80\x84\x04\x08\x10 @\x80\x00\x01\x02\x04\x08,K\xc0\
\x00}Y:\x9e#@ \x1d\x01\x9d\x12 @\x80\x00\
\x01\x02\x04\x08\x10 @\x80\x00\x01\x02\xf9\x0bHH\x80\
\x00\x01\x02\x04\x08\x10 @\xa0d\x01\x03\xf4\x92\x81\x1d\
O\x80\x00\x81v\x04\xac!@\x80\x00\x01\x02\x04\x08\x10\
 @\x80\x00\x01\x02\x04\xf2\x17\x90\x90\x00\x01\x02\x04\x08\
\x10 @ ~\x01\x03\xf4\xf8\xefH\x87\x04\x08\x10\x88\
]@\x7f\x04\x08\x10 @\x80\x00\x01\x02\x04\x08\x10 \
@\x80@\xfe\x02\x12\x12 @\x80\x00\x01\x02\x04\x1a!\
`\x80\xde\x88k\x16\x92\x00\x01\x02\x04\x96.\xe0\x19\x02\
\x04\x08\x10 @\x80\x00\x01\x02\x04\x08\x10 @ \x7f\
\x01\x09\x09\x10 @\x80\x00\x01\x02\xed\x09\x18\xa0\xb7\xe7\
d\x15\x01\x02\x04\x08\x10\x88S@W\x04\x08\x10 @\
\x80\x00\x01\x02\x04\x08\x10 @\x80@\xfe\x02\x12\x12 \
@\x80\x00\x01\x02\x95\x09\x18\xa0WF\xad\x10\x01\x02\x04\
\x08\x10 \xb0\xb8\x80\xaf\x09\x10 @\x80\x00\x01\x02\x04\
\x08\x10 @\x80\x00\x81\xfc\x05$$@\x80\x00\x01\x02\
)\x09\x18\xa0\xa7t[z%@\x80\x00\x01\x02\x04b\
\x12\xd0\x0b\x01\x02\x04\x08\x10 @\x80\x00\x01\x02\x04\x08\
\x10 \x90\xbf\x80\x84\x04\x08\x10 \xd00\x01\x03\xf4\x86\
]\xb8\xb8\x04\x08\x10 @\x80\x00\x81\x97\x05\xfcI\x80\
\x00\x01\x02\x04\x08\x10 @\x80\x00\x01\x02\x04\x08\xe4/\
 !\x01\x02\x04\x08t*`\x80\xde\xa9\x98\xf5\x04\x08\
\x10 @\x80\x00\x01\x02\xf5\x0b\xe8\x80\x00\x01\x02\x04\x08\
\x10 @\x80\x00\x01\x02\x04\x08\x10\xc8_@B\x02\x04\
\x08\xd4 `\x80^\x03\xba\x92\x04\x08\x10 @\x80\x00\
\x01\x02\xcd\x16\x90\x9e\x00\x01\x02\x04\x08\x10 @\x80\x00\
\x01\x02\x04\x08\x10\xc8_@B\x02\x04\xd2\x140@O\
\xf3\xdetM\x80\x00\x01\x02\x04\x08\x10 @\xa0.\x01\
u\x09\x10 @\x80\x00\x01\x02\x04\x08\x10 @\x80\x00\
\x81\xfc\x05$$\xd0X\x01\x03\xf4\xc6^\xbd\xe0\x04\x08\
\x10 @\x80\x00\x01\x02\x04\x9a( 3\x01\x02\x04\x08\
\x10 @\x80\x00\x01\x02\x04\x08\x10 \x90\xbf\x80\x84\x04\
\xfa/`\x80\xde\x7f;;\x09\x10 @\x80\x00\x01\x02\
\x04\x08\x10 P\xad\x80j\x04\x08\x10 @\x80\x00\x01\
\x02\x04\x08\x10 @\x80@\xfe\x02\x12\xd6*`\x80^\
+\xbf\xe2\x04\x08\x10 @\x80\x00\x01\x02\x04\x08\x10h\
\x8e\x80\xa4\x04\x08\x10 @\x80\x00\x01\x02\x04\x08\x10 \
@\x80@\xfe\x02\xa9'4@O\xfd\x06\xf5O\x80\x00\
\x01\x02\x04\x08\x10 @\x80\x00\x01\x02U\x08\xa8A\x80\
\x00\x01\x02\x04\x08\x10 @\x80\x00\x01\x02\x04\x08\xe4/\
\x10\x0c\xd0\x1bp\xc9\x22\x12 @\x80\x00\x01\x02\x04\x08\
\x10 @\x80@\xd3\x05\xe4'@\x80\x00\x01\x02\x04\x08\
\x10 @\x80\x00\x01\x02\x04\xda\x11H{\x80\xdeNB\
k\x08\x10 @\x80\x00\x01\x02\x04\x08\x10 @\x80\x00\
\x81\xb4\x05tO\x80\x00\x01\x02\x04\x08\x10 @\x80\x00\
\x01\x02\x04*\x120@\xaf\x08\xba\xb72\x1e#@\x80\
\x00\x01\x02\x04\x08\x10 @\x80\x00\x01\x02\x04\xf2\x17\x90\
\x90\x00\x01\x02\x04\x08\x10 @\x80\x00\x01\x02\x04\xd2\x11\
0@O\xe7\xaeb\xebT?\x04\x08\x10 @\x80\x00\
\x01\x02\x04\x08\x10 @\x80@\xfe\x02\x12\x12 @\x80\
\x00\x01\x02\x04\x08\x10 @\xa0Q\x02\x06\xe8\x8d\xban\
a_\x13\xf0\x19\x01\x02\x04\x08\x10 @\x80\x00\x01\x02\
\x04\x08\x10 \x90\xbf\x80\x84\x04\x08\x10 @\x80\x00\x01\
\x02\x04\x08\x10\xe8L\xc0\x00\xbd3/\xab\x09\xc4!\xa0\
\x0b\x02\x04\x08\x10 @\x80\x00\x01\x02\x04\x08\x10 @\
 \x7f\x01\x09\x09\x10 @\x80\x00\x01\x02\x04\x08\x10\xa8\
\x5c\xc0\x00\xbdrr\x05\x09\x10 @\x80\x00\x01\x02\x04\
\x08\x10 @\x80\x00\x01\x02\x04\x08\xe4/ !\x01\x02\
\x04\x08\x10 @\x80\x00\x81\x14\x05\x0c\xd0S\xbc5=\
\x13 P\xa7\x80\xda\x04\x08\x10 @\x80\x00\x01\x02\x04\
\x08\x10 @\x80@\xfe\x02\x12\x12 @\x80\x00\x01\x02\
\x04\x084T\xc0\x00\xbd\xa1\x17/6\x01\x02M\x15\x90\
\x9b\x00\x01\x02\x04\x08\x10 @\x80\x00\x01\x02\x04\x08\x10\
\xc8_@B\x02\x04\x08\x10 @\x80\x00\x81\xfe\x0a\x18\
\xa0\xf7W\xce>\x02\x04\x08\x10\xa8^@E\x02\x04\x08\
\x10 @\x80\x00\x01\x02\x04\x08\x10 @ \x7f\x01\x09\
\x09\x10 @\x80\x00\x01\x025\x0a\x18\xa0\xd7\x88\xaf4\
\x01\x02\x04\x084K@Z\x02\x04\x08\x10 @\x80\x00\
\x01\x02\x04\x08\x10 @ \x7f\x01\x09\x09\x10 @\x80\
\x00\x81\xb4\x05\x0c\xd0\xd3\xbe?\xdd\x13 @\x80\x00\x81\
\xaa\x04\xd4!@\x80\x00\x01\x02\x04\x08\x10 @\x80\x00\
\x01\x02\x04\xf2\x17\x90\x90\x00\x01\x02\x04\x084^\xc0\x00\
\xbd\xf1\x7f\x05\x00\x10 @\x80\x00\x81&\x08\xc8H\x80\
\x00\x01\x02\x04\x08\x10 @\x80\x00\x01\x02\x04\x08\xe4/\
 !\x01\x02\x04\x08\x10\xe8^\xc0\x00\xbd{C'\x10\
 @\x80\x00\x01\x02\x04\xca\x15p:\x01\x02\x04\x08\x10\
 @\x80\x00\x01\x02\x04\x08\x10 \x90\xbf\x80\x84\x04\x08\
\x10 \x10\x85\x80\x01z\x14\xd7\xa0\x09\x02\x04\x08\x10 \
@\x80@\xbe\x02\x92\x11 @\x80\x00\x01\x02\x04\x08\x10\
 @\x80\x00\x01\x02\xf9\x0bHH\x80\x00\x81\x5c\x04\x0c\
\xd0s\xb9I9\x08\x10 @\x80\x00\x01\x02\x04\xca\x10\
p&\x01\x02\x04\x08\x10 @\x80\x00\x01\x02\x04\x08\x10\
 \x90\xbf\x80\x84\x04\x08\x10xU\xc0\x00\xfdU\x0a\x9f\
\x10 @\x80\x00\x01\x02\x04\x08\x10\xc8M@\x1e\x02\x04\
\x08\x10 @\x80\x00\x01\x02\x04\x08\x10 @ \x7f\x01\
\x09\x09\x10(R\xc0\x00\xbdHMg\x11 @\x80\x00\
\x01\x02\x04\x08\x10 P\x9c\x80\x93\x08\x10 @\x80\x00\
\x01\x02\x04\x08\x10 @\x80\x00\x81\xfc\x05$$\x10\x99\
\x80\x01zd\x17\xa2\x1d\x02\x04\x08\x10 @\x80\x00\x01\
\x02\x04\xf2\x10\x90\x82\x00\x01\x02\x04\x08\x10 @\x80\x00\
\x01\x02\x04\x08\x10\xc8_@\xc2\xfc\x04\x0c\xd0\xf3\xbbS\
\x89\x08\x10 @\x80\x00\x01\x02\x04\x08\x10 \xd0\xad\x80\
\xfd\x04\x08\x10 @\x80\x00\x01\x02\x04\x08\x10 @\x80\
@\xfe\x02\x12\xf6\x22`\x80\xde\x0b\x8a\x87\x08\x10 @\
\x80\x00\x01\x02\x04\x08\x10 @ e\x01\xbd\x13 @\
\x80\x00\x01\x02\x04\x08\x10 @\x80\x00\x01\x02\xf9\x0b\x94\
\x93\xd0\x00\xbd\x1cW\xa7\x12 @\x80\x00\x01\x02\x04\x08\
\x10 @\x80\x00\x81\xfe\x09\xd8E\x80\x00\x01\x02\x04\x08\
\x10 @\x80\x00\x01\x02\x04\x08\xd4&P\xd9\x00\xbd\xb6\
\x84\x0a\x13 @\x80\x00\x01\x02\x04\x08\x10 @\x80\x00\
\x01\x02\x95\x09(D\x80\x00\x01\x02\x04\x08\x10 @\x80\
\x00\x01\x02\x04R\x160@o\xef\xf6\xac\x22@\x80\x00\
\x01\x02\x04\x08\x10 @\x80\x00\x01\x02\x04\xf2\x17\x90\x90\
\x00\x01\x02\x04\x08\x10 @\x80\x00\x01\x02\x04\x1a.`\
\x80\xde\x88\xbf\x00B\x12 @\x80\x00\x01\x02\x04\x08\x10\
 @\x80\x00\x01\x02\xf9\x0bHH\x80\x00\x01\x02\x04\x08\
\x10 @\x80\x00\x01\x02\xdd\x0a\x18\xa0w+h\x7f\xf9\
\x02*\x10 @\x80\x00\x01\x02\x04\x08\x10 @\x80\x00\
\x01\x02\xf9\x0bHH\x80\x00\x01\x02\x04\x08\x10 @\x80\
\x00\x81\x08\x04\x0c\xd0#\xb8\x04-\xe4- \x1d\x01\x02\
\x04\x08\x10 @\x80\x00\x01\x02\x04\x08\x10 \x90\xbf\x80\
\x84\x04\x08\x10 @\x80\x00\x01\x02\x04\x08\xe4!`\x80\
\x9e\xc7=JA\xa0,\x01\xe7\x12 @\x80\x00\x01\x02\
\x04\x08\x10 @\x80\x00\x01\x02\xf9\x0bHH\x80\x00\x01\
\x02\x04\x08\x10 @\x80\xc0\xdf\x04\x0c\xd0\xff\x06\xe1\x03\
\x01\x029\x0a\xc8D\x80\x00\x01\x02\x04\x08\x10 @\x80\
\x00\x01\x02\x04\x08\xe4/ !\x01\x02\x04\x08\x10 @\
\x80\x00\x81\xe2\x04\x0c\xd0\x8b\xb3t\x12\x01\x02\x04\x8a\x15\
p\x1a\x01\x02\x04\x08\x10 @\x80\x00\x01\x02\x04\x08\x10\
 \x90\xbf\x80\x84\x04\x08\x10 @\x80\x00\x01\x02Q\x09\
\x18\xa0Gu\x1d\x9a!@\x80@>\x02\x92\x10 @\
\x80\x00\x01\x02\x04\x08\x10 @\x80\x00\x01\x02\xf9\x0bH\
H\x80\x00\x01\x02\x04\x08\x10\xc8M\xc0\x00=\xb7\x1b\x95\
\x87\x00\x01\x02\x04\x8a\x10p\x06\x01\x02\x04\x08\x10 @\
\x80\x00\x01\x02\x04\x08\x10 \x90\xbf\x80\x84\x04\x08\x10 \
@\x80\x00\x81%\x04\x0c\xd0\x97 \xf1\x00\x01\x02\x04\x08\
\x10H]@\xff\x04\x08\x10 @\x80\x00\x01\x02\x04\x08\
\x10 @\x80@\xfe\x02\x12\x12 @\x80\x00\x01\x02e\
\x08\x18\xa0\x97\xa1\xeaL\x02\x04\x08\x10 @\xa0\xff\x02\
v\x12 @\x80\x00\x01\x02\x04\x08\x10 @\x80\x00\x01\
\x02\xf9\x0bHH\x80\x00\x01\x02\x04\x22\x150@\x8f\xf4\
b\xb4E\x80\x00\x01\x02\x04\x08\xa4)\xa0k\x02\x04\x08\
\x10 @\x80\x00\x01\x02\x04\x08\x10 @ \x7f\x01\x09\
\x09\x10 @ _\x01\x03\xf4|\xefV2\x02\x04\x08\
\x10 @\x80@\xa7\x02\xd6\x13 @\x80\x00\x01\x02\x04\
\x08\x10 @\x80\x00\x01\x02\xf9\x0bHH\x80\x00\x01\x02\
\xcb\x100@_\x06\x8e\xa7\x08\x10 @\x80\x00\x01\x02\
\x04R\x12\xd0+\x01\x02\x04\x08\x10 @\x80\x00\x01\x02\
\x04\x08\x10 \x90\xbf\x80\x84\x04\x08\x10(W\xc0\x00\xbd\
\x5c_\xa7\x13 @\x80\x00\x01\x02\x04\x08\x10hO\xc0\
*\x02\x04\x08\x10 @\x80\x00\x01\x02\x04\x08\x10 @\
 \x7f\x01\x09\x09\x10\x88^\xc0\x00=\xfa+\xd2 \x01\
\x02\x04\x08\x10 @\x80\x00\x81\xf8\x05tH\x80\x00\x01\
\x02\x04\x08\x10 @\x80\x00\x01\x02\x04\x08\xe4/ !\
\x81&\x08\x18\xa07\xe1\x96e$@\x80\x00\x01\x02\x04\
\x08\x10 @`Y\x02\x9e#@\x80\x00\x01\x02\x04\x08\
\x10 @\x80\x00\x01\x02\x04\xf2\x17\x90\x90@[\x02\x06\
\xe8m1YD\x80\x00\x01\x02\x04\x08\x10 @\x80\x00\
\x81X\x05\xf4E\x80\x00\x01\x02\x04\x08\x10 @\x80\x00\
\x01\x02\x04\x08\xe4/ aU\x02\x06\xe8UI\xabC\
\x80\x00\x01\x02\x04\x08\x10 @\x80\x00\x01\x02K\x0ax\
\x84\x00\x01\x02\x04\x08\x10 @\x80\x00\x01\x02\x04\x08\x10\
\xc8_ \xa1\x84\x06\xe8\x09]\x96V\x09\x10 @\x80\
\x00\x01\x02\x04\x08\x10 @ .\x01\xdd\x10 @\x80\
\x00\x01\x02\x04\x08\x10 @\x80\x00\x01\x02y\x09\xf46\
@\xcf+\xa14\x04\x08\x10 @\x80\x00\x01\x02\x04\x08\
\x10 @\x80@o\x02\x1e#@\x80\x00\x01\x02\x04\x08\
\x10 @\x80\x00\x01\x02\x04\x16\x13\xc8p\x80\xbeXB\
_\x12 @\x80\x00\x01\x02\x04\x08\x10 @\x80\x00\x01\
\x02\x19\x0a\x88D\x80\x00\x01\x02\x04\x08\x10 @\x80\x00\
\x01\x02\x04\x8a\x170@/\xde\xb4\xbb\x13\xed&@\x80\
\x00\x01\x02\x04\x08\x10 @\x80\x00\x01\x02\x04\xf2\x17\x90\
\x90\x00\x01\x02\x04\x08\x10 @\x80\x00\x01\x02\x04\xa2\x14\
0@\x8f\xf2Z\xd2mJ\xe7\x04\x08\x10 @\x80\x00\
\x01\x02\x04\x08\x10 @\x80@\xfe\x02\x12\x12 @\x80\
\x00\x01\x02\x04\x08\x10 @ W\x01\x03\xf4\x5coV\
\xae\xfe\x08\xd8C\x80\x00\x01\x02\x04\x08\x10 @\x80\x00\
\x01\x02\x04\x08\xe4/ !\x01\x02\x04\x08\x10 @\x80\
\x00\x01\x02\x04\x96*`\x80\xbeT\x1aO\x10HM@\
\xbf\x04\x08\x10 @\x80\x00\x01\x02\x04\x08\x10 @\x80\
@\xfe\x02\x12\x12 @\x80\x00\x01\x02\x04\x08\x10 P\
\xa6\x80\x01z\x99\xba\xce&@\xa0}\x01+\x09\x10 \
@\x80\x00\x01\x02\x04\x08\x10 @\x80\x00\x81\xfc\x05$\
$@\x80\x00\x01\x02\x04\x08\x10 \x10\xb9\x80\x01z\xe4\
\x17\xa4=\x02\x04\xd2\x10\xd0%\x01\x02\x04\x08\x10 @\
\x80\x00\x01\x02\x04\x08\x10 \x90\xbf\x80\x84\x04\x08\x10 \
@\x80\x00\x01\x02\xf9\x0b\x18\xa0\xe7\x7f\xc7\x12\x12 @\
\xa0/\x01\xcf\x13 @\x80\x00\x01\x02\x04\x08\x10 @\
\x80\x00\x01\x02\xf9\x0bHH\x80\x00\x01\x02\x04\x08\x10 \
\xd0\x86\x80\x01z\x1bH\x96\x10 @\x80@\xcc\x02z\
#@\x80\x00\x01\x02\x04\x08\x10 @\x80\x00\x01\x02\x04\
\xf2\x17\x90\x90\x00\x01\x02\x04\x08\x10 P\x8d\x80\x01z\
5\xce\xaa\x10 @\x80\x00\x81\xde\x05<J\x80\x00\x01\
\x02\x04\x08\x10 @\x80\x00\x01\x02\x04\x08\xe4/ !\
\x01\x02\x04\x08\x10 \x90\x8c\x80\x01z2W\xa5Q\x02\
\x04\x08\x10 \x10\x9f\x80\x8e\x08\x10 @\x80\x00\x01\x02\
\x04\x08\x10 @\x80\x00\x81\xfc\x05$$@\x80\x00\x01\
\x02M\x120@o\xd2m\xcbJ\x80\x00\x01\x02\x04\x08\
,*\xe0s\x02\x04\x08\x10 @\x80\x00\x01\x02\x04\x08\
\x10 @ \x7f\x01\x09\x09\x10 @\x80@G\x02\x06\
\xe8\x1dqYL\x80\x00\x01i\xe9i\xad\x00\x00\x10\x00\
IDAT\x02\x04\x08\x10\x88E@\x1f\x04\x08\x10 \
@\x80\x00\x01\x02\x04\x08\x10 @\x80@\xfe\x02\x12\x12\
 @\x80@\xd5\x02\x06\xe8U\x8b\xabG\x80\x00\x01\x02\
\x04\x08\x10 \x10\x02\x03\x02\x04\x08\x10 @\x80\x00\x01\
\x02\x04\x08\x10 @ \x7f\x01\x09\x09\x10 \x90\xa0\x80\
\x01z\x82\x97\xa6e\x02\x04\x08\x10 @\x80\x00\x81z\
\x05T'@\x80\x00\x01\x02\x04\x08\x10 @\x80\x00\x01\
\x02\x04\xf2\x17\x90\x90\x00\x81f\x0a\x18\xa07\xf3\xde\xa5\
&@\x80\x00\x01\x02\x04\x08\x10h\xae\x80\xe4\x04\x08\x10\
 @\x80\x00\x01\x02\x04\x08\x10 @\x80@\xfe\x02\x12\
\x12 \xd0O\x01\x03\xf4~\xc2\xd9F\x80\x00\x01\x02\x04\
\x08\x10 @\x80@\x1d\x02j\x12 @\x80\x00\x01\x02\
\x04\x08\x10 @\x80\x00\x01\x02\xf9\x0bHH\xa0>\x01\
\x03\xf4\xfa\xecU&@\x80\x00\x01\x02\x04\x08\x10 @\
\xa0i\x02\xf2\x12 @\x80\x00\x01\x02\x04\x08\x10 @\
\x80\x00\x01\x02\xf9\x0bH\x98\xb4\x80\x01z\xd2\xd7\xa7y\
\x02\x04\x08\x10 @\x80\x00\x01\x02\x04\x08T'\xa0\x12\
\x01\x02\x04\x08\x10 @\x80\x00\x01\x02\x04\x08\x10 \x90\
\xbf@\xd3\x13\x1a\xa07\xfdo\x80\xfc\x04\x08\x10 @\
\x80\x00\x01\x02\x04\x08\x10h\x86\x80\x94\x04\x08\x10 @\
\x80\x00\x01\x02\x04\x08\x10 @\x80@\xfe\x02]'4\
@\xef\x9a\xd0\x01\x04\x08\x10 @\x80\x00\x01\x02\x04\x08\
\x10 @\xa0l\x01\xe7\x13 @\x80\x00\x01\x02\x04\x08\
\x10 @\x80\x00\x01\x02U\x08\xd4;@\xaf\x22\xa1\x1a\
\x04\x08\x10 @\x80\x00\x01\x02\x04\x08\x10 @\x80@\
\xbd\x02\xaa\x13 @\x80\x00\x01\x02\x04\x08\x10 @\x80\
\x00\x81D\x04\x0c\xd0\xbb\xb8([\x09\x10 @\x80\x00\
\x01\x02\x04\x08\x10 @\x80\x00\x81\xfc\x05$$@\x80\
\x00\x01\x02\x04\x08\x10 @\x80\x00\x81\xe6\x08\x18\xa07\
\xe7\xae\x17O\xeak\x02\x04\x08\x10 @\x80\x00\x01\x02\
\x04\x08\x10 @ \x7f\x01\x09\x09\x10 @\x80\x00\x01\
\x02\x04\x08\x10 @\xa0\x03\x01\x03\xf4\x0e\xb0,\x8dI\
@/\x04\x08\x10 @\x80\x00\x01\x02\x04\x08\x10 @\
\x80@\xfe\x02\x12\x12 @\x80\x00\x01\x02\x04\x08\x10 \
@\xa0Z\x01\x03\xf4j\xbdU#\xf0\xb2\x80?\x09\x10\
 @\x80\x00\x01\x02\x04\x08\x10 @\x80\x00\x81\xfc\x05\
$$@\x80\x00\x01\x02\x04\x08\x10 @ 9\x01\x03\
\xf4\xe4\xaeL\xc3\x04\xea\x17\xd0\x01\x01\x02\x04\x08\x10 \
@\x80\x00\x01\x02\x04\x08\x10 \x90\xbf\x80\x84\x04\x08\x10\
 @\x80\x00\x01\x02\x04\x9a(`\x80\xde\xc4[\x97\x99\
@\xb3\x05\xa4'@\x80\x00\x01\x02\x04\x08\x10 @\x80\
\x00\x01\x02\x04\xf2\x17\x90\x90\x00\x01\x02\x04\x08\x10 @\
\x80@\xbf\x04\x0c\xd0\xfb\xc5f\x13\x01\x02\x04\xea\x12P\
\x97\x00\x01\x02\x04\x08\x10 @\x80\x00\x01\x02\x04\x08\x10\
\xc8_@B\x02\x04\x08\x10 @\x80\x00\x81\xba\x04\x0c\
\xd0\xeb\x92W\x97\x00\x01\x02M\x14\x90\x99\x00\x01\x02\x04\
\x08\x10 @\x80\x00\x01\x02\x04\x08\x10\xc8_@B\x02\
\x04\x08\x10 @\x80@\xc2\x02\x06\xe8\x09_\x9e\xd6\x09\
\x10 @\xa0Z\x01\xd5\x08\x10 @\x80\x00\x01\x02\x04\
\x08\x10 @\x80\x00\x81\xfc\x05$$@\x80\x00\x01\x02\
\x04\x9a-`\x80\xde\xec\xfb\x97\x9e\x00\x01\x02\x04\x9a#\
 )\x01\x02\x04\x08\x10 @\x80\x00\x01\x02\x04\x08\x10\
 \x90\xbf\x80\x84\x04\x08\x10 @\x80@\x97\x02\x06\xe8\
]\x02\xdaN\x80\x00\x01\x02\x04\x08T!\xa0\x06\x01\x02\
\x04\x08\x10 @\x80\x00\x01\x02\x04\x08\x10 \x90\xbf\x80\
\x84\x04\x08\x10 @\xa0~\x01\x03\xf4\xfa\xef@\x07\x04\
\x08\x10 @\x80@\xee\x02\xf2\x11 @\x80\x00\x01\x02\
\x04\x08\x10 @\x80\x00\x01\x02\xf9\x0bHH\x80\x00\x01\
\x02Y\x08\x18\xa0gq\x8dB\x10 @\x80\x00\x01\x02\
\x04\xca\x13p2\x01\x02\x04\x08\x10 @\x80\x00\x01\x02\
\x04\x08\x10 \x90\xbf\x80\x84\x04\x08\x10 \xf0\xb2\x80\x01\
\xfa\xcb\x0e\xfe$@\x80\x00\x01\x02\x04\x08\x10\xc8S@\
*\x02\x04\x08\x10 @\x80\x00\x01\x02\x04\x08\x10 @\
 \x7f\x01\x09\x09\x10 P\x98\x80\x01za\x94\x0e\x22\
@\x80\x00\x01\x02\x04\x08\x10 P\xb4\x80\xf3\x08\x10 \
@\x80\x00\x01\x02\x04\x08\x10 @\x80\x00\x81\xfc\x05$\
$@ &\x01\x03\xf4\x98nC/\x04\x08\x10 @\
\x80\x00\x01\x02\x04r\x12\x90\x85\x00\x01\x02\x04\x08\x10 \
@\x80\x00\x01\x02\x04\x08\x10\xc8_@B\x02\x99\x09\x18\
\xa0gv\xa1\xe2\x10 @\x80\x00\x01\x02\x04\x08\x10 \
P\x8c\x80S\x08\x10 @\x80\x00\x01\x02\x04\x08\x10 \
@\x80\x00\x81\xfc\x05$$\xb0\xb8\x80\x01\xfa\xe2\x22\xbe\
&@\x80\x00\x01\x02\x04\x08\x10 @\x80@\xfa\x02\x12\
\x10 @\x80\x00\x01\x02\x04\x08\x10 @\x80\x00\x01\x02\
\xf9\x0bHX\x82\x80\x01z\x09\xa8\x8e$@\x80\x00\x01\
\x02\x04\x08\x10 @\x80\x00\x81n\x04\xec%@\x80\x00\
\x01\x02\x04\x08\x10 @\x80\x00\x01\x02\x04\xf2\x17\x883\
\xa1\x01z\x9c\xf7\xa2+\x02\x04\x08\x10 @\x80\x00\x01\
\x02\x04\x08\x10HU@\xdf\x04\x08\x10 @\x80\x00\x01\
\x02\x04\x08\x10 @\x80@\xb2\x02m\x0f\xd0\x93M\xa8\
q\x02\x04\x08\x10 @\x80\x00\x01\x02\x04\x08\x10 @\
\xa0m\x01\x0b\x09\x10 @\x80\x00\x01\x02\x04\x08\x10 \
@\x80@\x93\x05\x9a2@o\xf2\x1d\xcbN\x80\x00\x01\
\x02\x04\x08\x10 @\x80\x00\x01\x02\x04\x9a\x22 '\x01\
\x02\x04\x08\x10 @\x80\x00\x01\x02\x04\x08\x10\xe8J\xc0\
\x00\xbd+\xbe\xaa6\xabC\x80\x00\x01\x02\x04\x08\x10 \
@\x80\x00\x01\x02\x04\x08\xe4/ !\x01\x02\x04\x08\x10\
 @\x80\x00\x01\x02\x04\x08\xd4-`\x80^\xf7\x0d4\
\xa1\xbe\x8c\x04\x08\x10 @\x80\x00\x01\x02\x04\x08\x10 \
@\x80@\xfe\x02\x12\x12 @\x80\x00\x01\x02\x04\x08\x10\
 @ \x03\x01\x03\xf4\x0c.Q\x84r\x05\x9cN\x80\
\x00\x01\x02\x04\x08\x10 @\x80\x00\x01\x02\x04\x08\xe4/\
 !\x01\x02\x04\x08\x10 @\x80\x00\x01\x02\x04Z\x02\
\x06\xe8-\x05\xff\x12\xc8W@2\x02\x04\x08\x10 @\
\x80\x00\x01\x02\x04\x08\x10 @ \x7f\x01\x09\x09\x10 \
@\x80\x00\x01\x02\x04\x08\x10(H\xc0\x00\xbd H\xc7\
\x10 P\x86\x803\x09\x10 @\x80\x00\x01\x02\x04\x08\
\x10 @\x80\x00\x81\xfc\x05$$@\x80\x00\x01\x02\x04\
\x08\x10 \x10\x8f\x80\x01z<w\xa1\x13\x02\x04r\x13\
\x90\x87\x00\x01\x02\x04\x08\x10 @\x80\x00\x01\x02\x04\x08\
\x10\xc8_@B\x02\x04\x08\x10 @\x80\x00\x81\xac\x04\
\x0c\xd0\xb3\xbaNa\x08\x10 P\x9c\x80\x93\x08\x10 \
@\x80\x00\x01\x02\x04\x08\x10 @\x80\x00\x81\xfc\x05$\
$@\x80\x00\x01\x02\x04\x08\x10x\xbd\x80\x01\xfa\xeb=\
|E\x80\x00\x01\x02y\x08HA\x80\x00\x01\x02\x04\x08\
\x10 @\x80\x00\x01\x02\x04\x08\xe4/ !\x01\x02\x04\
\x08\x10 @\xa0p\x01\x03\xf4\xc2I\x1dH\x80\x00\x01\
\x02\x04\xba\x15\xb0\x9f\x00\x01\x02\x04\x08\x10 @\x80\x00\
\x01\x02\x04\x08\x10\xc8_@B\x02\x04\x08\x10 @ \
F\x01\x03\xf4\x18oEO\x04\x08\x10 @ e\x01\
\xbd\x13 @\x80\x00\x01\x02\x04\x08\x10 @\x80\x00\x01\
\x02\xf9\x0bHH\x80\x00\x01\x02\x042\x150@\xcf\xf4\
b\xc5\x22@\x80\x00\x01\x02\x04\xfa'`\x17\x01\x02\x04\
\x08\x10 @\x80\x00\x01\x02\x04\x08\x10 \x90\xbf\x80\x84\
\x04\x08\x10 @`i\x02\x06\xe8K\x93\xf18\x01\x02\
\x04\x08\x10 @ =\x01\x1d\x13 @\x80\x00\x01\x02\
\x04\x08\x10 @\x80\x00\x01\x02\xf9\x0bHH\x80\x00\x01\
\x02%\x0a\x18\xa0\x97\x88\xebh\x02\x04\x08\x10 @\x80\
\x00\x81N\x04\xac%@\x80\x00\x01\x02\x04\x08\x10 @\
\x80\x00\x01\x02\x04\xf2\x17\x90\x90\x00\x01\x02q\x0b\x18\xa0\
\xc7}?\xba#@\x80\x00\x01\x02\x04\x08\x10HE@\
\x9f\x04\x08\x10 @\x80\x00\x01\x02\x04\x08\x10 @\x80\
@\xfe\x02\x12\x12 \x90\xbd\x80\x01z\xf6W, \x01\
\x02\x04\x08\x10 @\x80\x00\x81\xbe\x05\xac @\x80\x00\
\x01\x02\x04\x08\x10 @\x80\x00\x01\x02\x04\xf2\x17\x90\x90\
\x00\x81\xbe\x05\x0c\xd0\xfb6\xb2\x82\x00\x01\x02\x04\x08\x10\
 @\x80\x00\x81\xb8\x05tG\x80\x00\x01\x02\x04\x08\x10\
 @\x80\x00\x01\x02\x04\x08\xe4/ !\x81J\x04\x0c\
\xd0+aV\x84\x00\x01\x02\x04\x08\x10 @\x80\x00\x01\
\x02K\x13\xf08\x01\x02\x04\x08\x10 @\x80\x00\x01\x02\
\x04\x08\x10 \x90\xbf\x80\x84\xa9\x08\x18\xa0\xa7rS\xfa\
$@\x80\x00\x01\x02\x04\x08\x10 @\x80@\x8c\x02z\
\x22@\x80\x00\x01\x02\x04\x08\x10 @\x80\x00\x01\x02\x04\
\xf2\x17hPB\x03\xf4\x06]\xb6\xa8\x04\x08\x10 @\
\x80\x00\x01\x02\x04\x08\x10 \xf0z\x01_\x11 @\x80\
\x00\x01\x02\x04\x08\x10 @\x80\x00\x01\x02\xf9\x0bt\x92\
\xd0\x00\xbd\x13-k\x09\x10 @\x80\x00\x01\x02\x04\x08\
\x10 @\x80@<\x02:!@\x80\x00\x01\x02\x04\x08\
\x10 @\x80\x00\x01\x02\x04\x0a\x16\x88p\x80^pB\
\xc7\x11 @\x80\x00\x01\x02\x04\x08\x10 @\x80\x00\x01\
\x02\x11\x0ah\x89\x00\x01\x02\x04\x08\x10 @\x80\x00\x01\
\x02\x04\x08\xc4'`\x80^\xf4\x9d8\x8f\x00\x01\x02\x04\
\x08\x10 @\x80\x00\x01\x02\x04\x08\x10\xc8_@B\x02\
\x04\x08\x10 @\x80\x00\x01\x02\x04\x08\x10\xc8R\xc0\x00\
=\xcbk\xed\x7f(;\x09\x10 @\x80\x00\x01\x02\x04\
\x08\x10 @\x80\x00\x81\xfc\x05$$@\x80\x00\x01\x02\
\x04\x08\x10 @\x80\x00\x81\xde\x05\x0c\xd0{w\xf1h\
\x9a\x02\xba&@\x80\x00\x01\x02\x04\x08\x10 @\x80\x00\
\x01\x02\x04\xf2\x17\x90\x90\x00\x01\x02\x04\x08\x10 @\x80\
\x00\x01\x02\xa5\x09\x18\xa0\x97F\xeb`\x02\x9d\x0aXO\
\x80\x00\x01\x02\x04\x08\x10 @\x80\x00\x01\x02\x04\x08\xe4\
/ !\x01\x02\x04\x08\x10 @\x80\x00\x01\x021\x0b\
\x18\xa0\xc7|;z#\x90\x92\x80^\x09\x10 @\x80\
\x00\x01\x02\x04\x08\x10 @\x80\x00\x81\xfc\x05$$@\
\x80\x00\x01\x02\x04\x08\x10 \x90\xb9\x80\x01z\xe6\x17,\
\x1e\x01\x02\xed\x09XE\x80\x00\x01\x02\x04\x08\x10 @\
\x80\x00\x01\x02\x04\x08\xe4/ !\x01\x02\x04\x08\x10 \
@\x80\x00\x81\xbe\x04\x0c\xd0\xfb\x12\xf2<\x01\x02\x04\xe2\
\x17\xd0!\x01\x02\x04\x08\x10 @\x80\x00\x01\x02\x04\x08\
\x10 \x90\xbf\x80\x84\x04\x08\x10 @\x80\x00\x01\x02\x15\
\x08\x18\xa0W\x80\xac\x04\x01\x02\x04\x08,K\xc0s\x04\
\x08\x10 @\x80\x00\x01\x02\x04\x08\x10 @\x80@\xfe\
\x02\x12\x12 @\x80\x00\x01\x02\x04\xd2\x100@O\xe3\
\x9etI\x80\x00\x01\x02\xb1\x0a\xe8\x8b\x00\x01\x02\x04\x08\
\x10 @\x80\x00\x01\x02\x04\x08\x10\xc8_@B\x02\x04\
\x08\x10 @\xa01\x02\x06\xe8\x8d\xb9jA\x09\x10 \
@\x80\xc0\x92\x02\x1e!@\x80\x00\x01\x02\x04\x08\x10 \
@\x80\x00\x01\x02\x04\xf2\x17\x90\x90\x00\x01\x02\x04\x08\x10\
h_\xc0\x00\xbd}++\x09\x10 @\x80\x00\x81\xb8\
\x04tC\x80\x00\x01\x02\x04\x08\x10 @\x80\x00\x01\x02\
\x04\x08\xe4/ !\x01\x02\x04\x08\x10\xa8T\xc0\x00\xbd\
Rn\xc5\x08\x10 @\x80\x00\x01\x02\xaf\x08\xf8H\x80\
\x00\x01\x02\x04\x08\x10 @\x80\x00\x01\x02\x04\x08\xe4/\
 !\x01\x02\x04\x08\xa4&`\x80\x9e\xda\x8d\xe9\x97\x00\
\x01\x02\x04\x08\x10 \x10\x83\x80\x1e\x08\x10 @\x80\x00\
\x01\x02\x04\x08\x10 @\x80\x00\x81\xfc\x05$$@\x80\
@\x03\x05\x0c\xd0\x1bx\xe9\x22\x13 @\xa0N\x817\
\xbf\xf9\xcda\xd4\xa8Qa\x97]v\x09\x13&L\x08\
\x1f\xfb\xd8\xc7\xc2!\x87\x1c\x12\x8e<\xf2\xc8\xf0\xa5/\
}\xe9u\xff\x1e|\xf0\xc1\xe1\xdd\xef~w\xd8p\xc3\
\x0d\xeblYm\x02\x042\x14\x10\x89\x00\x01\x02\x04\x08\
\x10 @\x80\x00\x01\x02\x04\x08\x10\xc8_@B\x02\x04\
\x08\xf4G\xc0\x00\xbd?j\xf6\x10 @\x80@\x9f\x02\
\xad!\xf9\x81\x07\x1e\x18N;\xed\xb40g\xce\x9c\xf0\
\xab_\xfd*,\x5c\xb80<\xf9\xe4\x93\xe1\x8e;\xee\
\x08\xd7^{m\x986mZ8\xfb\xec\xb3\xc37\xbf\
\xf9\xcdp\xfc\xf1\xc7\x87c\x8f=\xf6u\xff\xb6\xf6^\
}\xf5\xd5\xe1\xfe\xfb\xef\x0f\xad\xbd\xad3f\xcc\x98\x11\
\xce:\xeb\xac\xf0\xf9\xcf\x7f>\xec\xbe\xfb\xeea\xe8\xd0\
\xa1}\xf6b\x01\x01\x02\x042\x13\x10\x87\x00\x01\x02\x04\
\x08\x10 @\x80\x00\x01\x02\x04\x08\x10\xc8_@B\x02\
\x04j\x120@\xaf\x09^Y\x02\x04\x08\xe4&\xb0\xf3\
\xce;\x87\xa9S\xa7\x86\xd9\xb3g\xf7\x0c\xbb[C\xf2\
\xd3O?=\xb4^E\xbe\xcd6\xdb\x84\x11#Ft\
\x1d\xb9u\xc6\x8e;\xee\x18&O\x9e\x1cN8\xe1\x84\
p\xd5UW\x85g\x9ey&<\xf6\xd8c\xe1\xa2\x8b\
.\x0a\x07\x1cp@\x186lX\xd7u\x1c@\x80\x00\
\x01\x02e\x0a8\x9b\x00\x01\x02\x04\x08\x10 @\x80\x00\
\x01\x02\x04\x08\x10\xc8_@B\x02\xe9\x0a\x18\xa0\xa7{\
w:'@\x80@\xad\x02\xeb\xaf\xbf~8\xfc\xf0\xc3\
\xc3O~\xf2\x93\x9e\x81\xf9u\xd7]\x17\x8e>\xfa\xe8\
\xb0\xed\xb6\xdbV\xde\xd7\xba\xeb\xae\x1b\xf6\xd9g\x9f\xf0\
\x9d\xef|'<\xf1\xc4\x13\xe1\xae\xbb\xee\x0a_\xf9\xca\
W\xc2\xdb\xdf\xfe\xf6\xca{Q\x90\x00\x01\x02\x042\x17\
\x10\x8f\x00\x01\x02\x04\x08\x10 @\x80\x00\x01\x02\x04\x08\
\x10\xc8_@\xc2F\x0b\x18\xa07\xfa\xfa\x85'@\x80\
@g\x02\xa3G\x8f\xeey\x95\xf9=\xf7\xdc\x13\x1ez\
\xe8\xa1p\xd2I'\x85]w\xdd\xb5\xb3C*X\xbd\
\xf9\xe6\x9b\x87/~\xf1\x8b\xe1\xde{\xef\xed\x19\xa6\x1f\
q\xc4\x11\xe1MozS\x05\x95\x95 @\x80\x00\x01\
\x02q\x0b\xe8\x8e\x00\x01\x02\x04\x08\x10 @\x80\x00\x01\
\x02\x04\x08\x10\xc8_@\xc2\xee\x04\x0c\xd0\xbb\xf3\xb3\x9b\
\x00\x01\x02\x8d\x10\xd8k\xaf\xbd\xc2\xed\xb7\xdf\x1en\xbb\
\xed\xb6\x9eW\x99o\xb2\xc9&\xc9\xe4n\x0d\xd3O<\
\xf1\xc4\xf0\x9b\xdf\xfc&\x9cu\xd6Ya\xd4\xa8Q\xc9\
\xf4\xaeQ\x02\x04\x08\x10 @\xe0u\x02\xbe @\x80\
\x00\x01\x02\x04\x08\x10 @\x80\x00\x01\x02\x04\xf2\x17\xa8\
=\xa1\x01z\xedW\xa0\x01\x02\x04\x08\xc4+\xf0\xa1\x0f\
}(\xcc\x9d;7L\x9f>=l\xb1\xc5\x16\xf16\
\xdaFg+\xac\xb0B\x98<yr\xb8\xe3\x8e;\xc2\
\x9c9s\xc2\xc4\x89\x13\xdb\xd8e\x09\x01\x02\x04\x08\x10\
 @\xa0(\x01\xe7\x10 @\x80\x00\x01\x02\x04\x08\x10\
 @\x80\x00\x01\x02)\x08t7@O!\xa1\x1e\x09\
\x10 @\xa0c\x81\xfd\xf6\xdb/<\xf0\xc0\x03\xe1\x82\
\x0b.\x08\x9bn\xbai\xc7\xfbc\xdf\xb0\xcd6\xdb\x84\
\x8b/\xbe8<\xfe\xf8\xe3\xe1\xb0\xc3\x0e\x8b\xbd]\xfd\
\x11 @\x80\x00\x01\x02\x04\xea\x17\xd0\x01\x01\x02\x04\x08\
\x10 @\x80\x00\x01\x02\x04\x08\x10h\x88@\xa3\x07\xe8\
\x0d\xb9c1\x09\x10 \xd0\xb6\xc0?\xfc\xc3?\xf4\x0c\
\xce\xcf9\xe7\x9c0r\xe4\xc8\xb6\xf7\xa5\xbap\xf8\xf0\
\xe1\xe1\xe4\x93O\x0e\x0f?\xfcp\xd8e\x97]R\x8d\
\xa1o\x02\x04\x08\x10 @\x80\x00\x81>\x04<M\x80\
\x00\x01\x02\x04\x08\x10 @\x80\x00\x01\x02\x04\xda\x150\
@oW*\xbeu:\x22@\x80@a\x02\xada\xf9\
}\xf7\xdd\x17.\xbb\xec\xb2F\x0c\xce\x17\x87[o\xbd\
\xf5\xc2\xb5\xd7^\x1b~\xf0\x83\x1f\x84\x11#F,\xfe\
\xb4\xaf\x09\x10 @\x80\x00\x01\x02\x04\x08\xd4)\xa06\
\x01\x02\x04\x08\x10 @\x80\x00\x01\x02\x04\x08T(`\
\x80^!\xb6R\x8b\x0a\xf8\x9c\x00\x81\x18\x04\x06\x0c\x18\
\x10\xbe\xf0\x85/\xf4\xbc\xea|\xa3\x8d6\x8a\xa1\xa5Z\
{\x18?~|\xb8\xff\xfe\xfb\xc3QG\x1dUk\x1f\
\x8a\x13 @\x80\x00\x01\x02\x04\x08\x10\xc8G@\x12\x02\
\x04\x08\x10 @\x80\x00\x01\x02\x04\x08\xa4%`\x80\x9e\
\xd6}\xe96\x16\x01}\x10\xc8@`\xf5\xd5W\x0fw\
\xdduW\xf8\xeaW\xbf\x9aA\x9a\xe2\x22\x0c\x1e<8\
\x1cw\xdcq=o\xeb\xbe\xed\xb6\xdb\x16w\xb0\x93\x08\
\x10 @\x80\x00\x01\x02\x04\x08\x10HO@\xc7\x04\x08\
\x10 @\x80\x00\x01\x02\x04\x084N\xc0\x00\xbdqW\
.0\x81\x10\x18\x10\xd8{\xef\xbd\xc3\xef~\xf7\xbb\xb0\
\xd9f\x9b\xc1X\x8a@\xebm\xddg\xcf\x9e\x1d\xa6N\
\x9d\xba\x94\x15\x1e&@\x80\x00\x01\x02\x04\x08\x10 @\
\x80@\xdc\x02\xba#@\x80\x00\x01\x02\x04\x08\x10 @\
\xa0s\x01\x03\xf4\xce\xcd\xec @\xa0^\x01\xd5\xbb\x10\
Xn\xb9\xe5\xc2\xf4\xe9\xd3\xc3\xf7\xbf\xff\xfd.Ni\
\xd6\xd6\xa3\x8f>:\xdcr\xcb-\xe1mo{[\xb3\
\x82KK\x80\x00\x01\x02\x04\x08\x10 @\x80\x00\x81z\
\x05T'@\x82\xdf\xe4w\x00\x00\x10\x00IDAT\
\x80\x00\x01\x02\x04\x08\x10 P\x8b\x80\x01z-\xec\x8a\
\x12 \xd0\x5c\x81\xfa\x92\xaf\xb3\xce:\xe1\xd1G\x1f\x0d\
{\xed\xb5W}M$Zy\xab\xad\xb6\x0a\xb7\xddv\
[\xd8a\x87\x1d\x12M\xa0m\x02\x04\x08\x10 @\x80\
\x00\x01\x02\x04\x08\x10\xa8V@5\x02\x04\x08\x10 @\
\x80\x00\x81T\x05\x0c\xd0S\xbd9}\x13 @\xa0\x03\
\x81\xc9\x93'\x87\xff\xfe\xef\xff\x0e\xc3\x87\x0f\xef`W\
/K\x1b\xfc\xd0\xd0\xa1C\xc3\x0d7\xdc\x10>\xf5\xa9\
O5XAt\x02\x04\x08\x10 @\x80\x00\x01\x02\x04\
\x08\x10h\x84\x80\x90\x04\x08\x10 @\x80\x00\x81\x06\x0b\
\x18\xa07\xf8\xf2E'@ \x7f\x81A\x83\x06\xf5\xbc\
]\xfbYg\x9d\x95\x7f\xd86\x12\x16\xb1\xe4\x1b\xdf\xf8\
F8\xfd\xf4\xd3\x8b8\xca\x19\x04\x08\x10 @\x80\x00\
\x01\x02\x04\x08\x10 @\x80@\x09\x02\x8e$@\x80\x00\
\x01\x02\x04\x08t#`\x80\xde\x8d\x9e\xbd\x04\x08\x10\x88\
X`\xf9\xe5\x97\x0f\xd7\x5csM\xd8{\xef\xbd#\xee\
2\xcd\xd6\x0e<\xf0\xc0p\xfd\xf5\xd7\x87\x95W^\xb9\
\xca\x00j\x11 @\x80\x00\x01\x02\x04\x08\x10 @\x80\
\x00\x01\x02\xf9\x0bHH\x80\x00\x01\x02\x04\x08\xd4,`\
\x80^\xf3\x05(O\x80\x00\x812\x04\xde\xf0\x867\x84\
\x1f\xff\xf8\xc7a\xe7\x9dw.\xe3xg\xfeU`\xa7\
\x9dv\x0a\xb7\xdcrK\x181b\xc4_\xbf\xf2O\xdf\
\x02V\x10 @\x80\x00\x01\x02\x04\x08\x10 @\x80\x00\
\x01\x02\xf9\x0bHH\x80\x00\x01\x02\x04\xd2\x170@O\
\xff\x0e% @\x80\xc0\xeb\x04VXa\x85\x9e\xe1\xf9\
.\xbb\xec\xf2\xba\xc7}Q\xbc\xc0\xc6\x1bo\xdc\xf3{\
\xd1W[m\xb5\xe2\x0fwb\x5c\x02\xba!@\x80\x00\
\x01\x02\x04\x08\x10 @\x80\x00\x01\x02\x04\xf2\x17\x90\x90\
\x00\x01\x02\x04\x08\xfcU\xc0\x00\xfd\xaf\x08\xfe!@\x80\
@N\x02W^y\xa5W\x9eWx\xa1\xeb\xad\xb7^\
\xb8\xee\xba\xeb\xbc\x9d{\x85\xe6Ju.`\x07\x01\x02\
\x04\x08\x10 @\x80\x00\x01\x02\x04\x08\x10 \x90\xbf\x80\
\x84\x04\x08\x10 P\x8c\x80\x01z1\x8eN!@\x80\
@\x14\x02\x97_~\xb9\xe1y\x0d7\xf1\xcew\xbe\xb3\
\xe7U\xff\xcb-\xb7\x5c\x0d\xd5\x95$\x90\xbd\x80\x80\x04\
\x08\x10 @\x80\x00\x01\x02\x04\x08\x10 @\x80@\xfe\
\x02\x12\x12 @ \x1a\x01\x03\xf4h\xaeB#\x04\x08\
\x10\xe8N\xe0\x8c3\xce\x08\x1f\xf8\xc0\x07\xba;\xc4\xee\
~\x0bl\xb7\xddv\xe1\xe2\x8b/\xee\xf7~\x1b\x09\x10\
\xc8U@.\x02\x04\x08\x10 @\x80\x00\x01\x02\x04\x08\
\x10 @ \x7f\x01\x09\x09\x10\xc8I\xc0\x00=\xa7\xdb\
\x94\x85\x00\x81\xc6\x0a\x1c~\xf8\xe1a\xca\x94)\x8d\xcd\
\x1fK\xf0\xf1\xe3\xc7\x87\xe3\x8f?>\x96v\xf4A\x80\
\x00\x81\xee\x05\x9c@\x80\x00\x01\x02\x04\x08\x10 @\x80\
\x00\x01\x02\x04\x08\xe4/ !\x01\x02\xaf\x130@\x7f\
\x1d\x87/\x08\x10 \x90\x9e\xc0\x87>\xf4\xa1p\xd2I\
'\xa5\xd7x\xa6\x1d\x1fy\xe4\x91a\xc2\x84\x09\x99\xa6\
\x13\x8b\x00\x01\x02i\x09\xe8\x96\x00\x01\x02\x04\x08\x10 \
@\x80\x00\x01\x02\x04\x08\x10\xc8_@B\x02E\x0b\x18\
\xa0\x17-\xea<\x02\x04\x08T(0v\xec\xd8p\xc1\
\x05\x17TXQ\xa9v\x04\xa6M\x9b\x16\xd6]w\xdd\
v\x96ZC\x80\x00\x01\x02\x04\x96&\xe0q\x02\x04\x08\
\x10 @\x80\x00\x01\x02\x04\x08\x10 @ \x7f\x01\x09\
#\x140@\x8f\xf0R\xb4D\x80\x00\x81v\x04\xd6X\
c\x8dp\xf9\xe5\x97\xb7\xb3\xd4\x9a\x1a\x04n\xbd\xf5\xd6\
\xb0\xfc\xf2\xcb\xd7PYI\x02\x04\x08\x10 \x10\x83\x80\
\x1e\x08\x10 @\x80\x00\x01\x02\x04\x08\x10 @\x80\x00\
\x81\xfc\x05\xf2Lh\x80\x9e\xe7\xbdJE\x80@\x03\x04\
\xce;\xef\xbc0t\xe8\xd0\x06$M3\xe2\xea\xab\xaf\
\x1eZ\xafDO\xb3{]\x13 @\x80\x00\x81\x86\x0b\
\x88O\x80\x00\x01\x02\x04\x08\x10 @\x80\x00\x01\x02\x04\
\x08\xe4/\xb0\x94\x84\x06\xe8K\x81\xf10\x01\x02\x04b\
\x16\xd8\x7f\xff\xfd\xc3\xbb\xdf\xfd\xee\x98[\xd4\xdb_\x05\
>\xf0\x81\x0f\x84\x8f|\xe4#\x7f\xfd\xcc?\x04\x08\x10\
 @\x80\x00\x81\xea\x04T\x22@\x80\x00\x01\x02\x04\x08\
\x10 @\x80\x00\x01\x02\x04\xfa/\x90\xca\x00\xbd\xff\x09\
\xed$@\x80@f\x02#F\x8c\x08\xdf\xfc\xe673\
K\x95o\x9cs\xcf=7\x0c\x1b6,\xdf\x80\x92\x11\
 @\x80\x00\x01\x02\x04\x8a\x15p\x1a\x01\x02\x04\x08\x10\
 @\x80\x00\x01\x02\x04\x08\x10\xa8U\xc0\x00\xbd\x12~\
E\x08\x10 P\x9c\xc0%\x97\x5c\x12VZi\xa5\xe2\
\x0etR\xe9\x02\xb3f\xcd\x0a\x03\x07\xfa?\xb9\xa5C\
+@\x80\x00\x01\x02\x04\x08\x10\xa8]@\x03\x04\x08\x10\
 @\x80\x00\x01\x02\x04\x08\x10 \x90\xba\x80\xff5?\
\xf5\x1b\xac\xa2\x7f5\x08\x10\x88F\xe0\xe3\x1f\xffx\x18\
3fL4\xfdh\xa4=\x81\x91#G\x86/}\xe9\
K\xed-\xb6\x8a\x00\x01\x02\x04\x08\x10 @\x80@]\
\x02\xea\x12 @\x80\x00\x01\x02\x04\x08\x10 @\x80@\
0@\xf7\x97 {\x01\x01\x09\xe4\x220d\xc8\x90p\
\xdcq\xc7\xe5\x12\xa7q9\xbe\xf8\xc5/\x86Q\xa3F\
5.\xb7\xc0\x04\x08\x10 @\x80\x00\x01\x02\x04\xaa\x12\
P\x87\x00\x01\x02\x04\x08\x10 @\x80\x00\x01\x02E\x08\
\x18\xa0\x17\xa1\xe8\x0c\x02\xe5\x098\x99\xc0\xab\x02\xad\x01\
\xec\xd0\xa1C_\xfd\xda'\xe9\x09\xcc\x9c93,\xbf\
\xfc\xf2\xe95\xaec\x02\x04\x08\x10 @\x80\x00\x01\x02\
\x04\xca\x16p>\x01\x02\x04\x08\x10 @\x80\x00\x01\x02\
\x91\x08\x18\xa0Gr\x11\xda \x90\xa7\x80TE\x09\xac\
\xbb\xee\xba\xe1s\x9f\xfb\x5cQ\xc79\xa7&\x81\xd6\xbb\
\x08\x9c{\xee\xb95UW\x96\x00\x01\x02\x04\x08\x10 \
@\x80\x00\x01\x02e\x098\x97\x00\x01\x02\x04\x08\x10 \
@\x80@>\x02\x06\xe8\xf9\xdc\xa5$\x04\x08\x14-\x10\
\xd1y'\x9f|rD\xddh\xa5\x1b\x81\x89\x13'\x86\
=\xf6\xd8\xa3\x9b#\xec%@\x80\x00\x01\x02\x04\x08\x10\
 @\x80\x00\x81\x22\x05\x9cE\x80\x00\x01\x02\x04\x08\x10\
 @`\x11\x01\x03\xf4E0|J\x80\x00\x81\x18\x05\
\xb6\xdez\xeb\xd0\x1a\xbav\xda\x9b\xf5\xf1\x0a\xfc\xe8G\
?\x0ao|\xe3\x1b\xe3mPg\x04\x08\x10 @\x80\
\x00\x01\x02\x04\x08\x10 \x90\x8c\x80F\x09\x10 @\x80\
\x00\x01\x02\x04\x8a\x150@/\xd6\xd3i\x04\x08\x10(\
\x5c\xe0\x0b_\xf8B\xe1g&p`\xf6-^{\xed\
\xb5a\xc0\x80\x01\xd9\xe7\x14\x90\x00\x01\x02\x04\x08\x10 \
@\x80\x00\x01\x02\x04\x08,C\xc0S\x04\x08\x10 @\
\x80\x00\x81\xe8\x04\x0c\xd0\xa3\xbb\x12\x0d\x11 @\xe05\
\x81\xf5\xd6[/\x8c\x1b7\xee\xb5\x07|\x96\x88@\xdf\
mn\xb9\xe5\x96\xe1\x13\x9f\xf8D\xdf\x0b\xad @\x80\
\x00\x01\x02\x04\x08\x10 @\x80\x00\x01\x02\x04\x22\x15\xd0\
\x16\x01\x02\x04\x08\x10 \x90\xa3\x80\x01z\x8e\xb7*\x13\
\x01\x02\xd9\x08|\xeaS\x9f\xca&\x8b K\x0a\x9cz\
\xea\xa9a\xfd\xf5\xd7_\xf2\x89\xba\x1fQ\x9f\x00\x01\x02\
\x04\x08\x10 @\x80\x00\x01\x02\x04\x08\x10\xc8_@B\
\x02\x04\x08\x10 @\xa0W\x01\x03\xf4^Y<H\x80\
\x00\x81\xfa\x05VYe\x95p\xe0\x81\x07\xd6\xdf\x88\x0e\
J\x15\x98={v\x184hP\xa95\x9av\xb8\xbc\
\x04\x08\x10 @\x80\x00\x01\x02\x04\x08\x10 @\x80@\
\xfe\x02\x12\x12 @\x80\x00\x81\xb2\x04\x0c\xd0\xcb\x92u\
.\x01\x02\x04\xba\x14\x982eJXq\xc5\x15\xbb<\
\xc5\xf6\xd8\x05\x86\x0d\x1b\x16Z\xafD\x8f\xbdO\xfdU\
&\xa0\x10\x01\x02\x04\x08\x10 @\x80\x00\x01\x02\x04\x08\
\x10 \x90\xbf\x80\x84\x04\x08\x10 \x10\xb1\x80\x01z\xc4\
\x97\xa35\x02\x04\x9a-p\xe8\xa1\x876\x1b\xa0A\xe9\
\x0f>\xf8\xe0\xb0\xfd\xf6\xdb7(\xb1\xa8\xf9\x0aHF\
\x80\x00\x01\x02\x04\x08\x10 @\x80\x00\x01\x02\x04\x08\xe4\
/ !\x01\x02\x04\xf2\x160@\xcf\xfb~\xa5#@\
 Q\x81-\xb7\xdc2\xbc\xf5\xadoM\xb4{m\xf7\
G`\xc6\x8c\x19\xdeq\xa0?p\xf6\x10(R\xc0Y\
\x04\x08\x10 @\x80\x00\x01\x02\x04\x08\x10 @\x80@\
\xfe\x02\x12\x12 @\xa0\x0f\x01\x03\xf4>\x80<M\x80\
\x00\x81:\x04&L\x98PGY5k\x14\x188p\
`\xb8\xec\xb2\xcbj\xec@i\x02\x04R\x17\xd0?\x01\
\x02\x04\x08\x10 @\x80\x00\x01\x02\x04\x08\x10 \x90\xbf\
\x80\x84\x04\x08\x94/`\x80^\xbe\xb1\x0a\x04\x08\x10\xe8\
X`\xd2\xa4I\x1d\xef\xb1!}\x81]w\xdd5|\
\xf4\xa3\x1fM?\x88\x04\x04\x08\x10\xe8\x5c\xc0\x0e\x02\x04\
\x08\x10 @\x80\x00\x01\x02\x04\x08\x10 @ \x7f\x01\
\x09\x09$!`\x80\x9e\xc45i\x92\x00\x81&\x09l\
\xba\xe9\xa6a\x9du\xd6iRdY\x17\x11\xf8\xde\xf7\
\xbe\x17\x86\x0d\x1b\xb6\xc8#>%@\x80\x00\x81\xf8\x05\
tH\x80\x00\x01\x02\x04\x08\x10 @\x80\x00\x01\x02\x04\
\x08\xe4/ aS\x04\x0c\xd0\x9br\xd3r\x12 \x90\
\x8c\x80\xb7oO\xe6\xaaJkt\xd6\xacY\xa1\xf5\x96\
\xee\xa5\x15p0\x01\x02\x04\x08\x10XT\xc0\xe7\x04\x08\
\x10 @\x80\x00\x01\x02\x04\x08\x10 @\x80@\xfe\x02\
\x12\xb6-`\x80\xde6\x95\x85\x04\x08\x10\xa8F`\xdc\
\xb8q\xd5\x14R%Z\x81\x91#G\x86/\x7f\xf9\xcb\
\xd1\xf6\xa71\x02\x04\x08\x10 \x10\x93\x80^\x08\x10 \
@\x80\x00\x01\x02\x04\x08\x10 @\x80\x00\x81\xfc\x05\xaa\
Lh\x80^\xa5\xb6Z\x04\x08\x10\xe8C`\xf0\xe0\xc1\
a\xf4\xe8\xd1}\xac\xf2t\x13\x04\x8e>\xfa\xe80j\
\xd4\xa8&D\x95\x91\x00\x01\x02\x04\x084Y@v\x02\
\x04\x08\x10 @\x80\x00\x01\x02\x04\x08\x10 @ 2\
\x81\x12\x06\xe8\x91%\xd4\x0e\x01\x02\x04\x12\x12\xd8z\xeb\
\xad\x13\xeaV\xabe\x0b\xcc\x9c93,\xbf\xfc\xf2e\
\x97q>\x01\x02\x04\x08\x10 @\xa0\x9f\x02\xb6\x11 \
@\x80\x00\x01\x02\x04\x08\x10 @\x80\x00\x81\xfc\x04\x0c\
\xd0\x17\xbfS_\x13 @\xa0F\x01\x03\xf4\x1a\xf1#\
,=d\xc8\x90p\xee\xb9\xe7F\xd8\x99\x96\x08\x10 \
@\x80\x00\x01\x02\x19\x08\x88@\x80\x00\x01\x02\x04\x08\x10\
 @\x80\x00\x01\x02\x04z\x110@\xef\x05%\xe5\x87\
\xf4N\x80@\xda\x02c\xc6\x8cI;\x80\xee\x0b\x17\x98\
8qb\x187n\x5c\xe1\xe7:\x90\x00\x01\x02\x04\x08\
\x10 @ m\x01\xdd\x13 @\x80\x00\x01\x02\x04\x08\
\x10 @\x80@9\x02\x06\xe8\xe5\xb8:\xb5\x7f\x02v\
\x11h\xbc\xc0\xd8\xb1c\x1bo\x00`I\x81K/\xbd\
4\xac\xba\xea\xaaK>\xe1\x11\x02\x04\x08\x10 @\x80\
\x00\x01\x02i\x0a\xe8\x9a\x00\x01\x02\x04\x08\x10 @\x80\
\x00\x01\x02\xd1\x0a\x18\xa0G{5\x1aKO@\xc7\x04\
\xba\x13Xg\x9du\xc2\xea\xab\xaf\xde\xdd!vg+\
p\xfd\xf5\xd7\x87\x01\x03\x06d\x9bO0\x02\x04\x08\x10\
 @\x80\x00\x01\x02\xe9\x08\xe8\x94\x00\x01\x02\x04\x08\x10\
 @\x80\x00\x81\x9c\x05\x0c\xd0s\xbe]\xd9\x08t\x22\
`m\xed\x02\x1bm\xb4Q\xed=h ^\x81\xd1\xa3\
G\x87\xc3\x0f?<\xde\x06uF\x80\x00\x01\x02\x04\x08\
\x10 @\x80@\x1a\x02\xba$@\x80\x00\x01\x02\x04\x08\
\x10 @`\x99\x02\x06\xe8\xcb\xe4\xf1$\x01\x02\xa9\x08\
\xe4\xd0\xe7\xdb\xde\xf6\xb6\x1cb\xc8P\xa2\xc0\x89'\x9e\
\x18\xd6_\x7f\xfd\x12+8\x9a\x00\x01\x02\x04\x08\x10 \
@\x80\x00\x01\x02q\x0b\xe8\x8e\x00\x01\x02\x04\x08\x10 \
@\x80@\xd9\x02\x06\xe8e\x0b;\x9f\x00\x01\x02}\x0b\
\xf4\xacx\xeb[\xdf\xda\xf3\xd1\x1f\x04\x96%0{\xf6\
\xec\xf0\xff\xfe\xdf\xff[\xd6\x12\xcf\x11 @\x80\x00\x01\
\x02\x04\x08\x10 @\x80@\x9c\x02\xba\x22@\x80\x00\x01\
\x02\x04\x08\x10H@\xc0\x00=\x81K\xd2\x22\x01\x02\xcd\
\x10H\xf7\x15\xe8\xcd\xb8\x9fXR\x0e\x1b6,\xfc\xc7\
\x7f\xfcG,\xed\xe8\x83\x00\x01\x02\x04\x08\x10 @\x80\
\x00\x01\x02\x04\x1a# (\x01\x02\x04\x08\x10 @\xa0\
\x19\x02\x06\xe8\xcd\xb8g)\x09\x10H@\xc0\x00\xbd\xa6\
KJ\xb0\xec\x01\x07\x1c\x10v\xd8a\x87\x04;\xd72\
\x01\x02\x04\x08\x10 @\x80\x00\x01\x02\x04\x08\x10\xa8I\
@Y\x02\x04\x08\x10 @\x80@\x9b\x02\x06\xe8mB\
YF\x80\x00\x81\xb2\x05\xd6]w\xdd\xb2K8?#\
\x81\xeb\xaf\xbf>\xac\xb4\xd2J!\xa3H\xa2\x10 @\
\x80\x00\x01\x02\x04\x08\x10 @\x80\x00\x01\x02K\x11\xf0\
0\x01\x02\x04\x08\x10 P\x9d\x80\x01zu\xd6*\x11\
 @`\x99\x02\xab\xae\xba\xea2\x9f\xf7$\x81E\x05\
\x06\x0e\x1c\x18.\xbd\xf4\xd20`\xc0\x80E\x1fN\xed\
s\xfd\x12 @\x80\x00\x01\x02\x04\x08\x10 @\x80\x00\
\x01\x02\xf9\x0bHH\x80\x00\x01\x02\x04\x92\x120@O\
\xea\xba4K\x80@\xce\x02\x83\x07\x0f\xce9\x9el%\
\x08\xec\xba\xeb\xaea\xf2\xe4\xc9%\x9c\xec\xc8\xf6\x04\xac\
\x22@\x80\x00\x01\x02\x04\x08\x10 @\x80\x00\x01\x02\x04\
\xf2\x17\x90\x90\x00\x01\x02\x04\x9a&`\x80\xde\xb4\x1b\x97\
\x97\x00\x01\x02\x04\xb2\x128\xf3\xcc3\xc3\xb0a\xc3\xb2\
\xca$LE\x02\xca\x10 @\x80\x00\x01\x02\x04\x08\x10\
 @\x80\x00\x01\x02\xf9\x0bHH\x80\x00\x01\x02\x1d\x0b\
\x18\xa0wLf\x03\x01\x02\x04\x8a\x17Xi\xa5\x95\x8a\
?\xd4\x89\x8d\x11\x985kV\x184hPc\xf2\x0a\
J\xa0%\xe0_\x02\x04\x08\x10 @\x80\x00\x01\x02\x04\
\x08\x10 @ \x7f\x01\x09\x09\x10 P\x87\x80\x01z\
\x1d\xeaj\x12 @`1\x817\xbc\xe1\x0d\x8b=\xe2\
K\x02\xed\x0b\x8c\x1c92\x9cr\xca)\xedo\xb0\x92\
\x00\x81\xba\x05\xd4'@\x80\x00\x01\x02\x04\x08\x10 @\
\x80\x00\x01\x02\x04\xf2\x17\x90\x90\x00\x81D\x05\x0c\xd0\x13\
\xbd8m\x13 \x90\x97\x80\x01z^\xf7YG\x9aC\
\x0f=4l\xb1\xc5\x16u\x94V\x93\x00\x81\xc6\x09\x08\
L\x80\x00\x01\x02\x04\x08\x10 @\x80\x00\x01\x02\x04\x08\
\xe4/ !\x81\xe6\x0a\x18\xa07\xf7\xee%'@ \
\x22\x81?\xfd\xe9O\x11u\xa3\x95T\x05n\xb8\xe1\x86\
\xe0\x871R\xbd=}\x13 P\x99\x80B\x04\x08\x10\
 @\x80\x00\x01\x02\x04\x08\x10 @\x80@\xfe\x02\x12\
\x12\xe8B\xc0\x00\xbd\x0b<[\x09\x10 P\x94\xc0\xd3\
O?]\xd4Q\xcei\xb0\xc0\x90!C\xc2\x05\x17\x5c\
\xd0`\x01\xd1\x09\x10 \x90\xbf\x80\x84\x04\x08\x10 @\
\x80\x00\x01\x02\x04\x08\x10 @\x80@\xfe\x02\x12\xd6+\
`\x80^\xaf\xbf\xea\x04\x08\x10xU\xe0\xf9\xe7\x9f\x7f\
\xf5s\x9f\x10\xe8\xaf\xc0^{\xed\x15\xf6\xdcs\xcf\xfe\
n\xb7\x8f\x00\x01\x02\x04\x08\x94)\xe0l\x02\x04\x08\x10\
 @\x80\x00\x01\x02\x04\x08\x10 @ \x7f\x81\xe4\x13\
\x1a\xa0'\x7f\x85\x02\x10 \x90\x8b\xc0\xb3\xcf>\x9bK\
\x149j\x16\xf8\xe1\x0f\x7f\x18V]u\xd5\x9a\xbbP\
\x9e\x00\x01\x02\x04\x08\xe4& \x0f\x01\x02\x04\x08\x10 \
@\x80\x00\x01\x02\x04\x08\x10 \x90\xbf@\x08\x06\xe8M\
\xb8e\x19\x09\x10HB\xc0\x00=\x89kJ\xa6\xc9\xeb\
\xae\xbb.\x0c\x180 \x99~5J\x80\x00\x01\x02\x04\
\x08\x94,\xe0x\x02\x04\x08\x10 @\x80\x00\x01\x02\x04\
\x08\x10 @\xa0-\x81\xa4\x07\xe8m%\xb4\x88\x00\x01\
\x02\x89\x08<\xf3\xcc3\x89t\xaa\xcd\x14\x04\xb6\xdcr\
\xcbp\xe4\x91G\xa6\xd0\xaa\x1e\x09\x10 @\x80\x00\x01\
\x02}\x0aX@\x80\x00\x01\x02\x04\x08\x10 @\x80\x00\
\x01\x02\x04\xaa\x120@\xafJz\xc9:\x1e!@\x80\
\xc0\xeb\x04\x9e|\xf2\xc9\xd7}\xed\x0b\x02\xdd\x0a\x1cw\
\xdcqa\xe4\xc8\x91\xdd\x1ec?\x01\x02\x04\x08\x10 \
@\x80@w\x02v\x13 @\x80\x00\x01\x02\x04\x08\x10\
 @\x80@B\x02\x06\xe8\x09]V\x5c\xad\xea\x86\x00\
\x81\xa2\x05\xee\xbd\xf7\xde\xa2\x8ft\x1e\x810k\xd6\xac\
\xb0\xdcr\xcb\x91 @\x80\x00\x01\x02\x04\x08\x10 \xd0\
O\x01\xdb\x08\x10 @\x80\x00\x01\x02\x04\x08\x10 \xd0\
,\x01\x03\xf4f\xdd\xb7\xb4\xaf\x08\xf8H B\x81{\
\xee\xb9'\xc2\xae\xb4\x94\xba\xc0\xb0a\xc3\xc2\xd9g\x9f\
\x9dz\x0c\xfd\x13 @\x80\x00\x01\x02\x04\x08\x10\xe8\x9f\
\x80]\x04\x08\x10 @\x80\x00\x01\x02\x04\x08\x10\xe8P\
\xc0\x00\xbdC0\xcb\x09\xc4 \xa0\x87<\x05\xbc\x02=\
\xcf{\x8d!\xd5\xa4I\x93\xc2\x8e;\xee\x18C+z\
 @\x80\x00\x01\x02\x04\x08\x10 @\xa0\x03\x01K\x09\
\x10 @\x80\x00\x01\x02\x04\x08\x10\xa8^\xc0\x00\xbdz\
s\x15\x094]@\xfe\xa5\x08\xdc\x7f\xff\xfdKy\xc6\
\xc3\x04\xba\x17\xb8\xee\xba\xeb\xc2J+\xad\xd4\xfdAN\
r\xac\xdbJ\x00\x00\x10\x00IDAT @\x80\x00\
\x01\x02\x04\x08\x10 @\x80@{\x02V\x11 @\x80\
\x00\x01\x02\x04\x08\x10HR\xc0\x00=\xc9k\xd34\x01\
\x02\xf5\x09\x94[y\xee\xdc\xb9\xe5\x16pzc\x05\x06\
\x0e\x1c\x18\xae\xbc\xf2\xca0`\xc0\x80\xc6\x1a\x08N\x80\
\x00\x01\x02\x04\x08\x10 @\x80\x00\x81\xf6\x05\xac$@\
\x80\x00\x01\x02\x04\x08\x10h\xaa\x80\x01zSo^n\
\x02\x04\xa2\x14\xb8\xfb\xee\xbb\xcb\xed\xcb\xe9\x8d\x16\xd8a\
\x87\x1d\xc2\xfe\xfb\xef\xdfh\x03\xe1\x09\x10 @\x80\x00\
\x01\x02\x04\x08\x10 \xd0\x08\x01!\x09\x10 @\x80\x00\
\x01\x02\x04\xfa-`\x80\xdeo:\x1b\x09\x10 P\xbc\
\xc0\x8c\x193\x8a?4\xa3\x13E\xe9^\xe0\x8c3\xce\
\x08\xc3\x86\x0d\xeb\xfe '\x10 @\x80\x00\x01\x02\x04\
\x08\x10 @\x80\x00\x81\x92\x04\x1cK\x80\x00\x01\x02\x04\
\x08\x10\xa8S\xc0\x00\xbdN}\xb5\x09\x10 \xb0\x98\xc0\
\xb5\xd7^\xbb\xd8#\xbe\xccH \x9a(\xb3f\xcd\x0a\
\x83\x06\x0d\x8a\xa6\x1f\x8d\x10 @\x80\x00\x01\x02\x04\x08\
\x10 @\x80\x00\x81\x8c\x04D!@\x80\x00\x01\x02\x04\
\x12\x170@O\xfc\x02\xb5O\x80@^\x02\x8f>\xfa\
hx\xec\xb1\xc7\xf2\x0a%Mt\x02#G\x8e\x0c\xa7\
\x9crJ\x87}YN\x80\x00\x01\x02\x04\x08\x10 @\
\x80\x00\x01\x02\x04\x08\xe4/ !\x01\x02\x04\x08\x10 \
`\x80\xee\xef\x00\x01\x02\x04\x22\x13\xb8\xe6\x9ak\x22\xeb\
H;9\x0a\x1cz\xe8\xa1a\xf4\xe8\xd19F\xeb=\
\x93G\x09\x10 @\x80\x00\x01\x02\x04\x08\x10 @\x80\
\x00\x81\xfc\x05$$@\x80\x00\x01\x02\x05\x08\x18\xa0\x17\
\x80\xe8\x08\x02\x04\x08\x14)\xe0m\xdc\x8b\xd4t\xd6\xb2\
\x04f\xcc\x98\x11\x06\x0f\x1e\xbc\xac%\x9e\x8bD@\x1b\
\x04\x08\x10 @\x80\x00\x01\x02\x04\x08\x10 @\x80@\
\xfe\x02\x12\x12 @\x80@\x1c\x02\x06\xe8q\xdc\x83.\
\x08\x10 \xf0\xaa@k\xa8\xf9\xea\x17>!P\xa2\xc0\
\x90!C\xc2%\x97\x5cRb\x05G\x13\xe8\x11\xf0\x07\
\x01\x02\x04\x08\x10 @\x80\x00\x01\x02\x04\x08\x10 \x90\
\xbf\x80\x84\x04\x08\x10\xc8F\xc0\x00=\x9b\xab\x14\x84\x00\
\x81\x5c\x04\x9e~\xfa\xe9p\xd5UW\xe5\x12G\x8e\xc8\
\x05\xde\xff\xfe\xf7\x87\xf1\xe3\xc7G\xde\xa5\xf6\x08\xd4)\
\xa06\x01\x02\x04\x08\x10 @\x80\x00\x01\x02\x04\x08\x10\
 \x90\xbf\x80\x84\x04\x08\x10xM\xc0\x00\xfd5\x0b\x9f\
\x11 @ \x1a\x81\xb3\xcf>;\x9a^4\x92\xbf\xc0\
\x0f~\xf0\x830t\xe8\xd0\xfc\x83JH\xa0\x89\x022\
\x13 @\x80\x00\x01\x02\x04\x08\x10 @\x80\x00\x01\x02\
\xf9\x0bHH\x80@\xa1\x02\x06\xe8\x85r:\x8c\x00\x01\
\x02\xc5\x08\xb4\xdeV\xfb\xb9\xe7\x9e+\xe60\xa7\x10h\
C\xe0\xfa\xeb\xaf\x0f\x03\x06\x0chc\xa5%\x04\x08\x10\
\xa8N@%\x02\x04\x08\x10 @\x80\x00\x01\x02\x04\x08\
\x10 @ \x7f\x01\x09\x09\xc4&`\x80\x1e\xdb\x8d\xe8\
\x87\x00\x01\x02\x7f\x138\xef\xbc\xf3\xfe\xf6\x99\x0f\x04\xca\
\x17\x185jT8\xf2\xc8#\xcb/\xa4\x02\x01\x02\x04\
\x9a# )\x01\x02\x04\x08\x10 @\x80\x00\x01\x02\x04\
\x08\x10 \x90\xbf\x80\x84\x19\x0a\x18\xa0gx\xa9\x22\x11\
 \x90\x87\x80\xb7q\xcf\xe3\x1eSJq\xdcq\xc7\x85\
\x0d7\xdc0\xa5\x96\xf5J\x80\x00\x01\x02\xa5\x098\x98\
\x00\x01\x02\x04\x08\x10 @\x80\x00\x01\x02\x04\x08\x10\xc8\
_@\xc2\xde\x04\x0c\xd0{S\xf1\x18\x01\x02\x04\x22\x10\
\xb8\xfd\xf6\xdb\xc3\xddw\xdf\x1dA'Zh\x92\xc0\xac\
Y\xb3\xc2r\xcb-\xd7\xa4\xc8\xb2\x12 @\x80@\x8e\
\x022\x11 @\x80\x00\x01\x02\x04\x08\x10 @\x80\x00\
\x01\x02\xf9\x0b\x94\x94\xd0\x00\xbd$X\xc7\x12 @\xa0\
\x08\x81\xe3\x8f?\xbe\x88c\x9cA\xa0m\x815\xd7\x5c\
3x\xf7\x83\xb6\xb9,$@\x80\x00\x01\x02\xa5\x088\
\x94\x00\x01\x02\x04\x08\x10 @\x80\x00\x01\x02\x04\x08\x10\
\xa8O\xa0\xaa\x01z}\x09U&@\x80@\xc2\x02\x17\
_|q\xb8\xf7\xde{\x13N\xa0\xf5\x14\x05&M\x9a\
\x14v\xdai\xa7\x14[\xd73\x01\x02\x04\x08\x10 P\
\xbf\x80\x0e\x08\x10 @\x80\x00\x01\x02\x04\x08\x10 @\
\x80@\xd2\x02\x06\xe8m]\x9fE\x04\x08\x10\xa8O\xe0\
\x98c\x8e\xa9\xaf\xb8\xca\x8d\x15\xb8\xf6\xdak\xc3\x90!\
C\x1a\x9b_p\x02\x04\x08\x10 @\xa0\xa9\x02r\x13\
 @\x80\x00\x01\x02\x04\x08\x10 @\x80@\xd3\x05\x0c\
\xd0\x9b\xf07@F\x02\x04\x92\x16\x98>}\xbaW\xa1\
'}\x83i6?p\xe0\xc0p\xf5\xd5W\x87\x01\x03\
\x06\xa4\x19@\xd7\x04\x08\x10 @\x80\x00\x81&\x0a\xc8\
L\x80\x00\x01\x02\x04\x08\x10 @\x80\x00\x01\x02]\x0b\
\x18\xa0wM\xe8\x80\xb2\x05\x9cO\x80@\x08\x9f\xfc\xe4\
'1\x10\xa8\x5c`\xcc\x981a\xca\x94)\x95\xd7U\
\x90\x00\x01\x02\x04\x08\x10 @\xa0\x99\x02R\x13 @\
\x80\x00\x01\x02\x04\x08\x10 @ \x06\x01\x03\xf4\x18n\
A\x0f9\x0b\xc8F\xa0\x10\x81\x193f\x849s\xe6\
\x14r\x96C\x08t\x22\xf0\x9d\xef|'\xac\xbd\xf6\xda\
\x9dl\xb1\x96\x00\x01\x02\x04\x08\x10 @\x80@\x13\x05\
d&@\x80\x00\x01\x02\x04\x08\x10 @ \x13\x01\x03\
\xf4L.R\x0c\x02\xe5\x0885&\x81q\xe3\xc6\xc5\
\xd4\x8e^\x1a$p\xf3\xcd7\x87A\x83\x065(\xb1\
\xa8\x04\x08\x10 @\x80\x00\x01\x02\x04\x9a& /\x01\
\x02\x04\x08\x10 @\x80\x00\x01\x02\xaf\x08\x18\xa0\xbf\x22\
\xe1#\x01\x02\xf9\x09d\x96h\xde\xbcy\xdeN;\xb3\
;M%\xce\xf0\xe1\xc3\xc3)\xa7\x9c\x92J\xbb\xfa$\
@\x80\x00\x01\x02\x04\x08\x10 @\xa0i\x02\xf2\x12 \
@\x80\x00\x01\x02\x04\x08\x10(P\xc0\x00\xbd@LG\
\x11 @\xa0H\x81\xde\xce:\xeb\xac\xb3\xc2\x9dw\xde\
\xd9\xdbS\x1e#P\xaa\xc0\xa1\x87\x1e\x1a\xb6\xdcr\xcb\
Rk8\x9c\x00\x01\x02\x04\x08\x10 @\x80\x00\x01\x02\
M\x14\x90\x99\x00\x01\x02\x04\x08\x10 @ .\x01\x03\
\xf4\xb8\xeeC7\x04\x08\x10\xe8S`\xf7\xddw\xefs\
M\x04\x0b\xb4\x90\xa1\xc0\xf5\xd7_\x1f\x06\x0f\x1e\x9ca\
2\x91\x08\x10 @\x80\x00\x01\x02\x04\x08\x10 @\xa0\
\x9f\x02\xb6\x11 @\x80\x00\x01\x02\x04\xb2\x130@\xcf\
\xeeJ\x05\x22@ w\x81\xa7\x9ez*\x1cx\xe0\x81\
\xb9\xc7\xac9\x9f\xf2\xbd\x09\x0c\x192$L\x9f>\xbd\
\xb7\xa7<F\x80\x00\x01\x02\x04\x08\x10 @\x80\x00\x01\
\x02\x04\x12\x14\xd02\x01\x02\x04\x08\x10 @`I\x01\
\x03\xf4%M<B\x80\x00\x81\xe8\x05\xce<\xf3\xccp\
\xd3M7E\xdf\xa7\x06k\x12(\xb1\xec{\xdf\xfb\xde\
\xb0\xd7^{\x95X\xc1\xd1\x04\x08\x10 @\x80\x00\x01\
\x02\x04\x08\x10 @\x80@[\x02\x16\x11 @\x80\x00\
\x01\x02\xa5\x08\x18\xa0\x97\xc2\xeaP\x02\x04\x08\x94+\xb0\
p\xe1\xc2\xf0\x9e\xf7\xbc'\xfc\xe5/\x7f)\xb7\x90\xd3\
\x09\xf4\x22\xd0z\x15\xfa\x1ak\xac\xd1\xcb3\xc5<\xe4\
\x14\x02\x04\x08\x10 @\x80\x00\x01\x02\x04\x08\x10 @\
 \x7f\x01\x09\x09\x10 @\x80@\xac\x02\x06\xe8\xb1\xde\
\x8c\xbe\x08\x10 \xd0\x87\xc0\xf3\xcf?\x1fZ\xaf\x06\xee\
c\x99\xa7\x09\x94\x220k\xd6\xac0`\xc0\x80R\xce\
N\xfcP\xed\x13 @\x80\x00\x01\x02\x04\x08\x10 @\
\x80\x00\x01\x02\xf9\x0bHH\x80\x00\x01\x02\x19\x0b\x18\xa0\
g|\xb9\xa2\x11 \x90\xbf\xc05\xd7\x5c\x13\xce?\xff\
\xfc\xfc\x83J\x18\x9d\xc0\xc6\x1bo\x1c\x8e<\xf2\xc8\xe8\
\xfa\xd2P\xb7\x02\xf6\x13 @\x80\x00\x01\x02\x04\x08\x10\
 @\x80\x00\x01\x02\xf9\x0bHH\x80\x00\x01\x02\xcb\x12\
0@_\x96\x8e\xe7\x08\x10 \x90\x80\xc0\xe4\xc9\x93\xc3\
\xbcy\xf3\x12\xe8T\x8b\xb9\x09\x1cw\xdcq\xe1\xedo\
\x7f{n\xb1\xe4IY@\xef\x04\x08\x10 @\x80\x00\
\x01\x02\x04\x08\x10 @\x80@\xfe\x02\x12\x12 @\xa0\
d\x01\x03\xf4\x92\x81\x1dO\x80\x00\x81\xb2\x05\xfe\xf4\xa7\
?\x85\xed\xb6\xdb\xae\xec2\xce'\xd0\xab\xc0\x9c9s\
\xc2r\xcb-\xd7\xebs\x1e$@\xa03\x01\xab\x09\x10\
 @\x80\x00\x01\x02\x04\x08\x10 @\x80\x00\x81\xfc\x05\
$$@ ~\x01\x03\xf4\xf8\xefH\x87\x04\x08\x10\xe8\
S\xe0\x97\xbf\xfce8\xea\xa8\xa3\xfa\x5cg\x01\x81\xa2\
\x05\x86\x0e\x1d\x1a\xce>\xfb\xec\xa2\x8fu\x1e\x01\x02\xe9\
\x09\xe8\x98\x00\x01\x02\x04\x08\x10 @\x80\x00\x01\x02\x04\
\x08\x10\xc8_@B\x02\x8d\x100@o\xc45\x0bI\
\x80@\x13\x04N8\xe1\x84p\xdf}\xf75!\xaa\x8c\
\x91\x09L\x9a4)\xec\xbc\xf3\xce\x91u\xa5\x1d\x02\x04\
\x08t\x22`-\x01\x02\x04\x08\x10 @\x80\x00\x01\x02\
\x04\x08\x10 \x90\xbf\x80\x84\x04\xda\x130@o\xcf\xc9\
*\x02\x04\x08D/\xb0p\xe1\xc2\xb0\xfd\xf6\xdbG\xdf\
\xa7\x06\xf3\x14\xf8\xc9O~\x12\x86\x0c\x19\x92g8\xa9\
\x08\x10 \x10\xbb\x80\xfe\x08\x10 @\x80\x00\x01\x02\x04\
\x08\x10 @\x80\x00\x81\xfc\x05$\xacL\xc0\x00\xbd2\
j\x85\x08\x10 P\xbe\xc0\xef~\xf7\xbb\xb0\xcf>\xfb\
\x94_H\x05\x02\x8b\x09\x0c\x1c80\x5c}\xf5\xd5a\
\xc0\x80\x01\x8b=\xe3K\x02\x04\x08\x10 \xb0l\x01\xcf\
\x12 @\x80\x00\x01\x02\x04\x08\x10 @\x80\x00\x01\x02\
\xf9\x0b\xa4\x94\xd0\x00=\xa5\xdb\xd2+\x01\x02\x04\xda\x10\
\xb8\xe4\x92K\xc2\x7f\xfd\xd7\x7f\xb5\xb1\xd2\x12\x02\xc5\x0a\
\x8c\x193&\x1cp\xc0\x01\xc5\x1e\xea4\x02\x04\x08\x10\
 \x10\xb7\x80\xee\x08\x10 @\x80\x00\x01\x02\x04\x08\x10\
 @\x80\x00\x81\xcc\x04z\x19\xa0g\x96P\x1c\x02\x04\
\x084P`\xc2\x84\x09\xe1\x8f\x7f\xfcc\x03\x93\x8b\x5c\
\xb7\xc0\xe9\xa7\x9f\x1eF\x8c\x18Qw\x1b\xea\x13 @\
\x80\x00\x01\x02m\x09XD\x80\x00\x01\x02\x04\x08\x10 \
@\x80\x00\x01\x02\x04\x08,.\x90\xdf\x00}\xf1\x84\xbe\
&@\x80@\x03\x05\xe6\xcf\x9f\x1f\xb6\xdbn\xbb\x06&\
\x179\x06\x81\x9bn\xba)\x0c\x1a4(\x86V\xf4@\
\x80\x00\x01\x02\x04\x08\xe4, \x1b\x01\x02\x04\x08\x10 \
@\x80\x00\x01\x02\x04\x08\x10(A\xc0\x00\xbd\x04\xd4n\
\x8e\xb4\x97\x00\x01\x02E\x09\xfc\xfc\xe7?\x0f\xdf\xf8\xc6\
7\x8a:\xce9\x04\xda\x16\x18>|x8\xe5\x94S\
\xda^o!\x01\x02\x04\x08\x10 @\xa0\x89\x022\x13\
 @\x80\x00\x01\x02\x04\x08\x10 @\x80@\x9c\x02\x06\
\xe8q\xdeK\xaa]\xe9\x9b\x00\x81\xc8\x04>\xfb\xd9\xcf\
\x86_\xfd\xeaW\x91u\xa5\x9d&\x08\x1cz\xe8\xa1a\
\xeb\xad\xb7nBT\x19\x09\x10 @\x80\x00\x01\x02M\
\x14\x90\x99\x00\x01\x02\x04\x08\x10 @\x80\x00\x01\x02\xd9\
\x0a\x0c\xcc6\x99`\x04:\x16\xb0\x81@~\x02\x7f\xfe\
\xf3\x9f\xbd\x95{~\xd7\x9aL\xa2\x9f\xfe\xf4\xa7a\xf0\
\xe0\xc1\xc9\xf4\xabQ\x02\x04\x08\x10 @\x80\x00\x81\xa6\
\x08\xc8I\x80\x00\x01\x02\x04\x08\x10 @\x80\x00\x81\xa5\
\x0b\x18\xa0/\xdd\xc63\x04\xd2\x12\xd0-\x81\xa5\x08\xb4\
^\x81~\xd0A\x07-\xe5Y\x0f\x13(O`\xe0\xc0\
\x81a\xfa\xf4\xe9\xe5\x15p2\x01\x02\x04\x08\x10 @\
\x80\x00\x81&\x0a\xc8L\x80\x00\x01\x02\x04\x08\x10 @\
\x80@\xa9\x02\x06\xe8\xa5\xf2:\x9c\x00\x81v\x05\xac+\
W\xe0\x8c3\xce\x087\xdf|s\xb9E\x9cN\xa0\x17\
\x81\xf7\xbe\xf7\xbda\xc2\x84\x09\xbd<\xe3!\x02\x04\x08\
\x10 @\x80\x00\x01\x02\x04\x9a( 3\x01\x02\x04\x08\
\x10 @\x80\x00\x81\xd8\x05\x0c\xd0c\xbf!\xfd\x11 \
\x90\x82@\xf4=.\x5c\xb80\xec\xbe\xfb\xee\xe1\x8f\x7f\
\xfcc\xf4\xbdj0?\x81i\xd3\xa6\x855\xd6X#\
\xbf`\x12\x11 @\x80\x00\x01\x02\x04\x08\x10 \xd04\
\x01y\x09\x10 @\x80\x00\x01\x02\x04\x1a `\x80\xde\
\x80K\x16\x91\x00\x01\x02-\x81\xe7\x9f\x7f\xbeg\x88\xde\
\xfa\xfc\xf5\xff\xfa\x8a@\xf9\x02\xb3f\xcd\x0a\xad\xb7t\
/\xbf\x92\x0a\x04\x08\x10 @\x80\x00\x01\x02\x04\x08\x10\
 \xd0\xbb\x80G\x09\x10 @\x80\x00\x01\x02\x04\xda\x11\
0@oG\xc9\x1a\x02\x04\x08d\x22p\xc3\x0d7\x84\
\xf3\xcf??\x934\x7f\x8b\xe1C\x12\x02\x1bo\xbcq\
8\xf6\xd8c\x93\xe8U\x93\x04\x08\x10 @\x80\x00\x01\
\x02\x04\x08\x10 \x10\xa1\x80\x96\x08\x10 @\x80\x00\x01\
\x02\x15\x09\x18\xa0W\x04\xad\x0c\x01\x02\x04b\x11\x98<\
yr\x987o^,\xed4\xbe\x8f&\x01\x1cs\xcc\
1a\x93M6iRdY\x09\x10 @\x80\x00\x01\
\x02\x04\x08\x10 @\x80@\x8f\x80?\x08\x10 @\x80\
\x00\x81t\x04\x0c\xd0\xd3\xb9+\x9d\x12 @\xa0\x10\x81\
?\xfd\xe9Oa\xec\xd8\xb1\x85\x9c\xe5\x90\xc6\x0bt\x0c\
0{\xf6\xec\xb0\xdcr\xcbu\xbc\xcf\x06\x02\x04\x08\x10\
 @\x80\x00\x01\x02\x04\x08\x10 @\xa06\x01\x85\x09\
\x10 @\x80@\xa3\x04\x0c\xd0\x1bu\xdd\xc2\x12 @\
\xe0e\x81\xfb\xee\xbb/\x1cu\xd4Q/\x7f\xe1O\x02\
\x15\x0a\x0c\x1d:4\x9c}\xf6\xd9\x15V\x5cV)\xcf\
\x11 @\x80\x00\x01\x02\x04\x08\x10 @\x80\x00\x01\x02\
\xf9\x0bHH\x80\x00\x01\x02\x04:\x130@\xef\xcc\xcb\
j\x02\x04\x08d#p\xc2\x09'\x84\xb9s\xe7f\x93\
G\x90t\x04&M\x9a\x14v\xdf}\xf7t\x1a\x8e\xb5\
S}\x11 @\x80\x00\x01\x02\x04\x08\x10 @\x80\x00\
\x01\x02\xf9\x0bHH\x80\x00\x01\x02\x95\x0b\x18\xa0WN\
\xae \x01\x02\x04\xe2\x10X\xb8pa\xd8q\xc7\x1d\xc3\
_\xfe\xf2\x978\x1a\xd2E\xa3\x04\xae\xba\xea\xaa0d\
\xc8\x90Fe\x16\xf6\xf5\x02\xbe\x22@\x80\x00\x01\x02\x04\
\x08\x10 @\x80\x00\x01\x02\x04\xf2\x17\x90\x90\x00\x01\x02\
)\x0a\x18\xa0\xa7xkz&@\x80@A\x02\xf3\xe6\
\xcd\x0b{\xed\xb5WA\xa79\x86@g\x02W_}\
u\x180`@g\x9b\xac&\x10\x87\x80.\x08\x10 \
@\x80\x00\x01\x02\x04\x08\x10 @\x80\x00\x81\xfc\x05$\
$@\xa0\xa1\x02\x06\xe8\x0d\xbdx\xb1\x09\x10 \xf0\x8a\
\xc0e\x97]\x16\xae\xb8\xe2\x8aW\xbe\xf4\x91@e\x02\
c\xc6\x8c\x09\x07\x1dtPe\xf5\x14\x22@\xe0\x15\x01\
\x1f\x09\x10 @\x80\x00\x01\x02\x04\x08\x10 @\x80\x00\
\x81\xfc\x05$$@\xa0\xbf\x02\x06\xe8\xfd\x95\xb3\x8f\x00\
\x01\x02\x19\x09L\x9c81\xbc\xf8\xe2\x8b\x19%\x12%\
\x15\x81\xff\xfc\xcf\xff\x0c#F\x8cH\xa5]}\x12 \
\x10\x83\x80\x1e\x08\x10 @\x80\x00\x01\x02\x04\x08\x10 \
@\x80\x00\x81\xfc\x05$$P\xa3\x80\x01z\x8d\xf8J\
\x13 @ \x16\x81\x05\x0b\x16\x84\xed\xb6\xdb.\x96v\
\xf4\xd10\x81\x9bn\xba)\x0c\x1a4\xa8a\xa9\xc5%\
@\xa0\xa9\x02r\x13 @\x80\x00\x01\x02\x04\x08\x10 \
@\x80\x00\x01\x02\xf9\x0bH\x98\xb6\x80\x01z\xda\xf7\xa7\
{\x02\x04\x08\x14&p\xc7\x1dw\x84o|\xe3\x1b\x85\
\x9d\xe7 \x02\xed\x0a\x0c\x1f><\x9cz\xea\xa9\xed.\
\xb7\x8e\x00\x01\x02\x04\xea\x13P\x99\x00\x01\x02\x04\x08\x10\
 @\x80\x00\x01\x02\x04\x08\x10\xc8_\xa0\xf1\x09\x0d\xd0\
\x1b\xffW\x00\x00\x01\x02\x04^\x13\xf8\xecg?\x1b~\
\xf5\xab_\xbd\xf6\x80\xcf\x08T$p\xf0\xc1\x07\x871\
c\xc6TTM\x19\x02\x04\x08\x10h\xa6\x80\xd4\x04\x08\
\x10 @\x80\x00\x01\x02\x04\x08\x10 @\x80@\xfe\x02\
\xdd'\x1c\xd8\xfd\x11N @\x80\x00\x81\x5c\x04\xfe\xfc\
\xe7?\x87m\xb7\xdd6\x978r$&0g\xce\x9c\
0x\xf0\xe0\xc4\xba\xd6.\x01\x02\x04\x08\x10\xa8H@\
\x19\x02\x04\x08\x10 @\x80\x00\x01\x02\x04\x08\x10 @\
\xa0\x12\x81Z\x07\xe8\x95$T\x84\x00\x01\x02\x04:\x12\
x\xfc\xf1\xc7\xc3\xfe\xfb\xef\xdf\xd1\x1e\x8b\x09\x14!0\
p\xe0\xc00}\xfa\xf4\x22\x8er\x06\x01\x02\x04\x08\x10\
 \x10\x99\x80v\x08\x10 @\x80\x00\x01\x02\x04\x08\x10\
 @\x80@*\x02\x06\xe8\xfd\xbf);\x09\x10 \x90\
\xad\xc09\xe7\x9c\x13Z\xaf\x06\xce6\xa0`\xd1\x0a\xbc\
\xf7\xbd\xef\x0d\xfb\xee\xbbo\xb4\xfdi\x8c\x00\x01\x02\x04\
\x08\x10h\xa4\x80\xd0\x04\x08\x10 @\x80\x00\x01\x02\x04\
\x08\x10 \xd0 \x01\x03\xf4\x06]\xf6\xeb\xa3\xfa\x8a\x00\
\x01\x02K\x17X\xb8pax\xcf{\xde\x13\xfe\xf8\xc7\
?.}\x91g\x08\x94$p\xe1\x85\x17\x867\xbf\xf9\
\xcd%\x9d\xeeX\x02\x04\x08\x10 @\x80@\xd3\x04\xe4\
%@\x80\x00\x01\x02\x04\x08\x10 @\x80\x00\x81N\x04\
\x0c\xd0;\xd1\xb26\x1e\x01\x9d\x10 P\xba\xc0\x0b/\
\xbc\x10v\xdbm\xb7\xd2\xeb(@\xa07\x81\x993g\
\x86\xd6[\xba\xf7\xf6\x9c\xc7\x08\x10 @\x80\x00\x01\x02\
\x04\x1a$ *\x01\x02\x04\x08\x10 @\x80\x00\x01\x02\
\x04*\x160@\xaf\x18\x5c9\x02-\x01\xd4\xb4\xb8P\
\x00\x00\x10\x00IDAT\xff\x12HE`\xd6\xacY\
\xe1\xbb\xdf\xfdn*\xed\xea3#\x81\x8d7\xde8\x1c\
{\xec\xb1\x19%\x12\x85\x00\x01\x02\x04\x08\x10 @\xa0\
\x89\x022\x13 @\x80\x00\x01\x02\x04\x08\x10 \x90\x9e\
\x80\x01zzw\xa6c\x02u\x0b\xa8\xdf0\x81\x03\x0f\
<0\xfc\xf6\xb7\xbfmXjqc\x108\xe6\x98c\
\xc2&\x9bl\x12C+z @\x80\x00\x01\x02\x04\x08\
\x10 \xd0D\x01\x99\x09\x10 @\x80\x00\x01\x02\x04\x08\
4R\xc0\x00\xbd\x91\xd7.4\x81&\x0b\xc8\xde\xa9\xc0\
\x9f\xfe\xf4\xa70v\xec\xd8N\xb7YO\xa0\x10\x81\xd9\
\xb3g\x87\xe5\x97_\xbe\x90\xb3\x1cB\x80\x00\x01\x02\x04\
\x08\x10 @\x80@\x93\x04d%@\x80\x00\x01\x02\x04\
\x08\x10 \xd0?\x01\x03\xf4\xfe\xb9\xd9E\x80\x00\x81z\
\x04j\xaa\xfa\xf0\xc3\x0f\x87\xc3\x0f?\xbc\xa6\xea\xca6\
Y`\xe8\xd0\xa1\xe1\xdcs\xcfm2\x81\xec\x04\x08\x10\
 @\x80\x00\x01\x02\x04\x084Q@f\x02\x04\x08\x10\
 @\x80\x00\x81\xda\x04\x0c\xd0k\xa3W\x98\x00\x01\x02\
i\x09|\xedk_\x0bs\xe7\xce\xed\xaai\x9b\x09\xf4\
G`\xe2\xc4\x89\xe1=\xefyO\x7f\xb6\xdaC\x80\x00\
\x01\x02\x04\x08\x10 @\x80\x00\x01\x025\x08(I\x80\
\x00\x01\x02\x04\x08\x10HY\xc0\x00=\xe5\xdb\xd3;\x01\
\x02\x04*\x14X\xb8pa\xd8q\xc7\x1d\xc3_\xfe\xf2\
\x97\x0a\xabFUJ35\x0a\xfc\xd7\x7f\xfdW\x182\
dH\x8d\x1d(M\x80\x00\x01\x02\x04\x08\x10 @\x80\
\x00\x01\x02\x0d\x11\x10\x93\x00\x01\x02\x04\x08\x10h\xb8\x80\
\x01z\xc3\xff\x02\x88O\x80\x00\x81N\x04\xe6\xcd\x9b\x17\
\xc6\x8f\x1f\xdf\xc9\x16k\xa3\x11H\xbf\x91\xab\xaf\xbe:\
\x0c\x180 \xfd \x12\x10 @\x80\x00\x01\x02\x04\x08\
\x10 @\x80\x00\x81\xd2\x04\x1cL\x80\x00\x01\x02\x04\x08\
t+`\x80\xde\xad\xa0\xfd\x04\x08\x10h\x98\xc0\xe5\x97\
_\x1e\xae\xb8\xe2\x8a\x86\xa5\x16\xb7v\x81\xbf60f\
\xcc\x98\xf0\xcf\xff\xfc\xcf\x7f\xfd\xcc?\x04\x08\x10 @\
\x80\x00\x01\x02\x04\x08\x10 @\x80@\x96\x02B\x11 \
@\x80\x00\x81\x08\x04\x0c\xd0#\xb8\x04-\x10 @ \
5\x81\xd6\xef\xa4~\xf1\xc5\x17Sk[\xbf\x19\x08\x9c\
v\xdaia\xddu\xd7M.\x89\x86\x09\x10 @\x80\
\x00\x01\x02\x04\x08\x10 @\x80\x00\x81\xfc\x05$$@\
\x80\x00\x81<\x04\x0c\xd0\xf3\xb8G)\x08\x10 P\xa9\
\xc0\x82\x05\x0b\xc2\xb6\xdbn[iM\xc5\x08\xbc\x220\
g\xce\x9c0h\xd0\xa0W\xbe\xf4\xb1|\x01\x15\x08\x10\
 @\x80\x00\x01\x02\x04\x08\x10 @\x80\x00\x81\xfc\x05\
$$@\x80\x00\x81\xbf\x09\x18\xa0\xff\x0d\xc2\x07\x02\x04\
\x08\x10\xe8L\xe0\x17\xbf\xf8E\xf8\xda\xd7\xbe\xd6\xd9&\
\xab\x09\x14 0|\xf8\xf0p\xea\xa9\xa7\x16p\x92#\
\x9a! %\x01\x02\x04\x08\x10 @\x80\x00\x01\x02\x04\
\x08\x10 \x90\xbf\x80\x84\x04\x08\x10(N\xc0\x00\xbd8\
K'\x11 @\xa0q\x02G\x1cqDx\xe0\x81\x07\
\x1a\x97[\xe0\xfa\x05\x0e>\xf8\xe00v\xec\xd8\xfa\x1b\
\xd1\x01\x81\xb2\x05\x9cO\x80\x00\x01\x02\x04\x08\x10 @\
\x80\x00\x01\x02\x04\x08\xe4/ !\x01\x02Q\x09\x18\xa0\
Gu\x1d\x9a!@\x80@Z\x02\x7f\xf9\xcb_\xc2\xf6\
\xdbo\x9fV\xd3\xba\xcdF`\xe6\xcc\x99a\xc5\x15W\
\xcc&\x8f \x04r\x14\x90\x89\x00\x01\x02\x04\x08\x10 \
@\x80\x00\x01\x02\x04\x08\x10\xc8_@B\x02\xb9\x09\x18\
\xa0\xe7v\xa3\xf2\x10 @\xa0b\x81'\x9f|2|\
\xecc\x1f\xab\xb8\xaar\x04\xfe?{\xf7\x02lWU\
\xdf\x0f|\xddD@\x10\xc8\x1fA\x1aA\xcc(e`\
\x14[\x1c*\xf2\xc8\x8b\x80\x924`PJ\xd4P\x14\
\xac\xb1DA\xa0(\x01\x9abA$\x8aA\xa5((\
\x86\xd2\xa8\x11\x0b\x12\x84(\x08\xf2H\x80P\x04\xa9Q\
\x03\xa6\xbe\x82\xc18\x12z\x87\xca$\x027p\xee\x9f\
\x93 \x8f$\xf7q\xce\xdd{\x9f\xb5\xd7\xfat\xcc\xbd\
\xe7\xec\xbd\xf6\xfa\xfd\xbe\x9f\x95\x99N\xf8\xe5\x9e\x840\
l\xd8\xb0p\xddu\xd7\xa1 @\x80\x00\x01\x02\x04\x08\
\x10 @\x80\x00\x01\x02\x04\x92\x15\x10\x8c\x00\x01\x02\x04\
\x08T/`\x80^\xbd\xb9\x8a\x04\x08\x10HN`\xde\
\xbcya\xc9\x92%\xc9\xe5\x12(~\x81C\x0f=4\
L\x9b6-\xfeF7\xee\xd0{\x02\x04\x08\x10 @\
\x80\x00\x01\x02\x04\x08\x10 @ }\x01\x09\x09\x10 \
@\xa0\x96\x02\x06\xe8\xb5<6M\x13 @ >\x81\
\x89\x13'\x86\x9e\x9e\x9e\xf8\x1a\xd3Q\xf2\x02\xf3\xe7\xcf\
\x0f;\xef\xbcs\xf29c\x0a\xa8\x17\x02\x04\x08\x10 \
@\x80\x00\x01\x02\x04\x08\x10 @ }\x01\x09\x09\x10\
 \x90\xab\x80\x01z\xae'/7\x01\x02\x04\x0a\x16X\
\xb3fMh\xfe4p\xc1\xdb\xda\x8e\xc0\xa0\x04\x16/\
^\xbc\xfe#\xdd\x07\xb5\xd8\xa2\xdc\x05\xe4'@\x80\x00\
\x01\x02\x04\x08\x10 @\x80\x00\x01\x02\x04\xd2\x17\x90\x90\
\x00\x01\x02m\x0b\x18\xa0\xb7M\xe7A\x02\x04\x08\x10\xd8\
X\xe0\xce;\xef\x0c\xcd\x8fs\xdf\xf8\xba\xf7\x04\xca\x16\
\xd8k\xaf\xbd\xc2'>\xf1\x89\xb2\xcb\xd8\x9f@\x04\x02\
Z @\x80\x00\x01\x02\x04\x08\x10 @\x80\x00\x01\x02\
\x04\xd2\x17\x90\x90\x00\x81N\x0a\x18\xa0wR_m\x02\
\x04\x08$(0}\xfa\xf4\xb0j\xd5\xaa\x04\x93\x89\x14\
\xbb\xc0\xd9g\x9f\x1d\xfe\xea\xaf\xfe*\xf66\xf5G \
o\x01\xe9\x09\x10 @\x80\x00\x01\x02\x04\x08\x10 @\
\x80\x00\x81\xf4\x05$$Ps\x01\x03\xf4\x9a\x1f\xa0\xf6\
\x09\x10 \x10\x9b\xc0\xbau\xeb\xc2\xd8\xb1cckK\
?\x99\x08,Z\xb4(l\xb9\xe5\x96\x99\xa4\x15\x93\x00\
\x81\xaa\x05\xd4#@\x80\x00\x01\x02\x04\x08\x10 @\x80\
\x00\x01\x02\x04\xd2\x17\x90\x90\x80\x01\xba\xdf\x03\x04\x08\x10\
 P\xb8\xc0o~\xf3\x9bp\xfa\xe9\xa7\x17\xbe\xaf\x0d\
\x09\x0c$\xb0\xc3\x0e;\x84\xaf\x7f\xfd\xeb\x03-s\x9f\
\x00\x01\x029\x0a\xc8L\x80\x00\x01\x02\x04\x08\x10 @\
\x80\x00\x01\x02\x04\x08\xa4/ a\x01\x02\x06\xe8\x05 \
\xda\x82\x00\x01\x02\x046\x15\x983gN\xb8\xe7\x9e{\
6\xbd\xe1\x0a\x81\x92\x05\xa6N\x9d\x1a\x0e?\xfc\xf0\x92\
\xab\xd8\x9e\x00\x01\x02\x04\xaa\x15P\x8d\x00\x01\x02\x04\x08\
\x10 @\x80\x00\x01\x02\x04\x08\x10H_ \x8e\x84\x06\
\xe8q\x9c\x83.\x08\x10 \x90\x9c@ooo8\xec\
\xb0\xc3B\xa3\xd1H.\x9b@\xf1\x0b,\x5c\xb80\x8c\
\x181\x22\xfeFuH\x80\x00\x01\x02y\x08HI\x80\
\x00\x01\x02\x04\x08\x10 @\x80\x00\x01\x02\x04\x08\xd4F\
\xa0\xed\x01zm\x12j\x94\x00\x01\x02\x04:&\xf0\xf8\
\xe3\x8f\x87)S\xa6t\xac\xbe\xc2y\x0b\xdcz\xeb\xad\
\xa1\xab\xab+o\x04\xe9\x09\x10 @\x80@\x01\x02\xb6\
 @\x80\x00\x01\x02\x04\x08\x10 @\x80\x00\x01\x029\
\x09\xe4:@\xcf\xe9\x8ce%@\x80@G\x05\xbe\xfb\
\xdd\xef\x86\xab\xae\xba\xaa\xa3=(\x9e\xa7\xc0\xbe\xfb\xee\
\x1bf\xcc\x98\x91gx\xa9\x09\x10 @\x80\x00\x81?\
\x0b\xf8N\x80\x00\x01\x02\x04\x08\x10 @\x80\x00\x01\x02\
\x04Z\x120@o\x89+\x96\xc5\xfa @\x80@\xbd\
\x04\x8e=\xf6\xd8\xb0v\xed\xdaz5\xad\xdb$\x04\xbe\
\xf4\xa5/\x85Q\xa3F%\x91E\x08\x02\x04\x08\x10 \
@ G\x01\x99\x09\x10 @\x80\x00\x01\x02\x04\x08\x10\
 @\xa0j\x01\x03\xf4\xaa\xc5\xd5\x0b\x81\x01\x01\x02\xd9\
\x09\xf4\xf4\xf4\x84\x03\x0f<0\xbb\xdc\x02\xc7!\xb0d\
\xc9\x920|\xf8\xf08\x9a\xd1\x05\x01\x02\x04\x08\x10 \
@ '\x01Y\x09\x10 @\x80\x00\x01\x02\x04\x08\x10\
 PC\x01\x03\xf4\x1a\x1e\x9a\x96;+\xa0:\x01\x02\
\xed\x09\xfc\xf4\xa7?\x0ds\xe6\xcci\xefaO\x11\x18\
\x82\xc0\xae\xbb\xee\x1a.\xbe\xf8\xe2!\xec\xe0Q\x02\x04\
\x08\x10 @\x80\x00\x81\x1c\x05d&@\x80\x00\x01\x02\
\x04\x08\x10 @ O\x01\x03\xf4<\xcf]\xea|\x05\
$'\xd0Q\x81\x993g\x86\xe5\xcb\x97w\xb4\x07\xc5\
\xf3\x14\x981cF\x183fL\x9e\xe1\xa5&@\x80\
\x00\x01\x02\x04\x08\x10\xc8Q@f\x02\x04\x08\x10 @\
\x80\x00\x01\x02\x04\xda\x140@o\x13\xcec\x04\x08t\
B@\xcd\xba\x0b4\x1a\x8d0v\xec\xd8\xba\xc7\xd0\x7f\
M\x05\x16-Z\x14\xb6\xd9f\x9b\x9av\xafm\x02\x04\
\x08\x10 @\x80\x00\x01\x029\x09\xc8J\x80\x00\x01\x02\
\x04\x08\x10 @\xa0s\x02\x06\xe8\x9d\xb3W\x99\x00\x81\
\xdc\x04\xe4]/\xf0\xe8\xa3\x8f\x86\xf7\xbf\xff\xfd\xeb_\
\xfbB\xa0J\x81a\xc3\x86\x85\xeb\xae\xbb\xae\xca\x92j\
\x11 @\x80\x00\x01\x02\x04\x08\x10 \x90\xa3\x80\xcc\x04\
\x08\x10 @\x80\x00\x01\x02\xb5\x160@\xaf\xf5\xf1i\
\x9e\x00\x01\x02\xd5\x09\x14Y\xe9k_\xfbZ\xb8\xf1\xc6\
\x1b\x8b\xdc\xd2^\x04\x06%p\xe8\xa1\x87\xfa\x0b\x1c\x83\
\x92\xb2\x88\x00\x01\x02\x04\x08\x10 @\x80\x00\x81\x5c\x05\
\xe4&@\x80\x00\x01\x02\x04\x08\xe4.`\x80\x9e\xfb\xef\
\x00\xf9\x09\x10 \xd0!\x81\xa3\x8e:*\xf4\xf4\xf4T\
U]\x1d\x02\xcf\x0b\xfc\xc7\x7f\xfcG\x189r\xe4\xf3\
\xef\xbd @\x80\x00\x01\x02\x04\x08\x10 @\x80\x00\x81\
d\x04\x04!@\x80\x00\x01\x02\x04\x08\x0cY\xc0\x00}\
\xc8\x846 @\x80\x00\x81v\x04\x9ex\xe2\x890a\
\xc2\x84v\x1e\xcd\xf0\x19\x91\x8b\x16\xb8\xe3\x8e;B\xf3\
#\xdd\x8b\xde\xd7~\x04\x08\x10 @\x80\x00\x01\x02\x04\
\x08\x10 @\xa0}\x01O\x12 @\x80\x00\x01\x021\
\x08\x18\xa0\xc7p\x0az @\x80@\xa6\x02K\x96,\
\x09\x97\x5crI\xa6\xe93\x8a\x1da\xd4=\xf6\xd8#\
|\xe2\x13\x9f\x88\xb03-\x11 @\x80\x00\x01\x02\x04\
\x08\x10 @\x80\x00\x81\x9a\x0ah\x9b\x00\x01\x02\x04\x08\
$\x22`\x80\x9e\xc8A\x8aA\x80\x00\x81\xba\x0a|\xf4\
\xa3\x1f\x0d\xabV\xad\xaak\xfb\xfa\xae\xb1\xc0\xd9g\x9f\
\x1d\xfe\xfa\xaf\xffz\xc0\x04\x16\x10 @\x80\x00\x01\x02\
\x04\x08\x10 @\x80\x00\x01\x02\xe9\x0bHH\x80\x00\x01\
\x02\x04\xfe,`\x80\xfeg\x09\xdf\x09\x10 @\xa0#\
\x02\xcf<\xf3L\x183fLGj+J\xe0\xf6\xdb\
o\x0f[n\xb9e\xca\x10\xb2\x11 @\x80\x00\x01\x02\
\x04\x08\x10 @\x80\x00\x01\x02\xe9\x0bHH\x80\x00\x01\
\x02\x05\x0a\x18\xa0\x17\x88i+\x02\x04\x08\x10hO`\
\xc5\x8a\x15\xe1\xf4\xd3Oo\xefaO\x11\x18\x82\xc0\x0e\
;\xec\x10\xbe\xfe\xf5\xaf\x0fa\x07\x8f\x96+`w\x02\
\x04\x08\x10 @\x80\x00\x01\x02\x04\x08\x10 @ }\
\x01\x09\x09\x10 \x10\x97\x80\x01z\x5c\xe7\xa1\x1b\x02\x04\
\x08d+0g\xce\x9cp\xcf=\xf7d\x9b_\xf0\xce\
\x09L\x9d:5\x1cq\xc4\x11\x9dk@\xe5t\x05$\
#@\x80\x00\x01\x02\x04\x08\x10 @\x80\x00\x01\x02\x04\
\xd2\x17\x90\x90\x00\x81\xe4\x04\x0c\xd0\x93;R\x81\x08\x10\
 PO\x81\xde\xde\xdep\xd8a\x87\x85F\xa3Q\xcf\
\x00\xba\xae\xb5\xc0\xf5\xd7_\x1fF\x8c\x18Q\xeb\x0c\x9a\
'P\xb4\x80\xfd\x08\x10 @\x80\x00\x01\x02\x04\x08\x10\
 @\x80\x00\x81\xf4\x05$$@`S\x01\x03\xf4M\
M\x5c!@\x80\x00\x81\x0e\x09<\xfe\xf8\xe3\xe1\x1d\xef\
xG\x87\xaa+\x9b\xbb\xc0\xad\xb7\xde\x1a\xba\xba\xbar\
g\x90\x9f@*\x02r\x10 @\x80\x00\x01\x02\x04\x08\
\x10 @\x80\x00\x01\x02\xe9\x0bHH\xa0\x14\x01\x03\xf4\
RXmJ\x80\x00\x01\x02\xed\x0a|\xef{\xdf\x0b\xf3\
\xe7\xcfo\xf7q\xcf\x11h[`\xdf}\xf7\x0d\xa7\x9d\
vZ\xdb\xcf{\x90\x00\x01\x02\xc5\x09\xd8\x89\x00\x01\x02\
\x04\x08\x10 @\x80\x00\x01\x02\x04\x08\x10H_@\xc2\
X\x05\x0c\xd0c=\x19}\x11 @ c\x81\xe3\x8f\
?>\xac]\xbb6c\x01\xd1;%\xf0\xd9\xcf~6\
\xec\xbe\xfb\xee\x9d*\xaf.\x01\x02\x04\xd2\x10\x90\x82\x00\
\x01\x02\x04\x08\x10 @\x80\x00\x01\x02\x04\x08\x10H_\
 \xe1\x84\x06\xe8\x09\x1f\xaeh\x04\x08\x10\xa8\xab\xc0\xba\
u\xeb\xc2\xfe\xfb\xef_\xd7\xf6\xf5]s\x81\xbb\xee\xba\
+\x0c\x1f>\xbc\xe6)\xb4O\x80\x00\x01\x02\xed\x0ax\
\x8e\x00\x01\x02\x04\x08\x10 @\x80\x00\x01\x02\x04\x08\x10\
H_\xa0\xbf\x84\x06\xe8\xfd\xe9\xb8G\x80\x00\x01\x02\x1d\
\x13X\xb6lY\x985kV\xc7\xea+\x9c\xaf\xc0\xc8\
\x91#\xc3\xc5\x17_\x9c/\x80\xe4\x04\x08\x10 Pg\
\x01\xbd\x13 @\x80\x00\x01\x02\x04\x08\x10 @\x80\x00\
\x01\x02C\x14\xa8\xc1\x00}\x88\x09=N\x80\x00\x01\x02\
\xb5\x158\xff\xfc\xf3\xc3\xf2\xe5\xcbk\xdb\xbf\xc6\xeb+\
0c\xc6\x8c0v\xec\xd8\xfa\x06\xd09\x01\x02\x04\x08\
\x10\xa8\xa5\x80\xa6\x09\x10 @\x80\x00\x01\x02\x04\x08\x10\
 @\x80@\xe7\x05\x0c\xd0\xcb>\x03\xfb\x13 @\x80\
@\xdb\x02\xbd\xbd\xbd\x86\x98m\xebyp\xa8\x02\xb7\xdf\
~{\xd8f\x9bm\x86\xba\x8d\xe7\x09\x10 @\x80\x00\
\x81\x5c\x04\xe4$@\x80\x00\x01\x02\x04\x08\x10 @\x80\
\x00\x81$\x04\x0c\xd0\x938\xc6\xf2B\xd8\x99\x00\x01\x02\
\x9d\x16x\xf4\xd1G\xc3\xb1\xc7\x1e\xdb\xe96\xd4\xcfP\
`\xd8\xb0a\xe1\xba\xeb\xae\x0b]]]\x19\xa6\x17\x99\
\x00\x01\x02\x04\x08\x10\xc8M@^\x02\x04\x08\x10 @\
\x80\x00\x01\x02\x04\x08\x10\xd8 `\x80\xbe\xc1\xc1\xd74\
\x05\xa4\x22@ \x11\x81o|\xe3\x1b\xe1\xc6\x1boL\
$\x8d\x18u\x128\xf4\xd0C\xc3\xfb\xdf\xff\xfe:\xb5\
\xacW\x02\x04\x08\x10 @\x80@\x8e\x022\x13 @\
\x80\x00\x01\x02\x04\x08\x10 @\xa00\x01\x03\xf4\xc2(\
mD\xa0h\x01\xfb\x11 \xf0b\x81\xa3\x8e:*\xf4\
\xf4\xf4\xbc\xf8\x92\xd7\x04*\x11\xb8\xe2\x8a+\xc2\xc8\x91\
#+\xa9\xa5\x08\x01\x02\x04\x08\x10 @\x80@\x8e\x02\
2\x13 @\x80\x00\x01\x02\x04\x08\x10 \x10\x93\x80\x01\
zL\xa7\xa1\x17\x02)\x09\xc8B\xa0`\x81'\x9ex\
\x22\x1c|\xf0\xc1\x05\xefj;\x02\x83\x13\xb8\xe3\x8e;\
B\xf3#\xdd\x07\xb7\xda*\x02\x04\x08\x10 @\x80\x00\
\x01\x02\x19\x09\x88J\x80\x00\x01\x02\x04\x08\x10 @ \
1\x01\x03\xf4\xc4\x0eT\x1c\x02\x04\x8a\x11\xb0K\x9c\x02\
w\xdf}w\xb8\xe8\xa2\x8b\xe2lNWI\x0b\xec\xb1\
\xc7\x1e\xe13\x9f\xf9L\xd2\x19\x85#@\x80\x00\x01\x02\
\x04\x08\x10 \x90\xa3\x80\xcc\x04\x08\x10 @\x80\x00\x01\
\x02\x046\x160@\xdfX\xc4{\x02\x04\x08\xd4_ \
\xe9\x04\xa7\x9dvZX\xb5jU\xd2\x19\x85\x8bS\xe0\
c\x1f\xfbX\xd8g\x9f}\xe2lNW\x04\x08\x10 \
@\x80\x00\x01\x02\x04\x08\xe4( 3\x01\x02\x04\x08\x10\
 @\x80@\x09\x02\x06\xe8%\xa0\xda\x92\x00\x01\x02\x04\
\x86\x22\xd0\xff\xb3\xcf<\xf3L\x18=zt\xff\x8b\xdc\
%P\x92\xc0\xe2\xc5\x8b\xc3V[mU\xd2\xee\xb6%\
@\x80\x00\x01\x02\x04\x08\x10 @\x80@N\x02\xb2\x12\
 @\x80\x00\x01\x02\x04\xe2\x140@\x8f\xf3\x5ctE\
\x80\x00\x01\x02\xfd\x08<\xf4\xd0C\xe1\xc4\x13O\xecg\
E\x07o)\x9d\xb4\xc0\xf6\xdbo\x1f\xae\xbe\xfa\xea\xa4\
3\x0aG\x80\x00\x01\x02\x04\x08\x10 @\x80\x00\x01\x02\
\x83\x10\xb0\x84\x00\x01\x02\x04\x08\x10HV\xc0\x00=\xd9\
\xa3\x15\x8c\x00\x01\x02i\x0b\x5cr\xc9%\xe1\x9e{\xee\
I;d\x07\xd2)9\xb0\xc0\x11G\x1c\x11\xa6L\x99\
2\xf0B+\x08\x10 @\x80\x00\x01\x02\x04\x08\x10 \
@\x80@\xa4\x02\xda\x22@\x80\x00\x01\x02\x04\xfa\x160\
@\xef\xdb\xc6\x1d\x02\x04\x08\x10\x88X\xa0\xb7\xb77\x1c\
v\xd8a\xa1\xd1hD\xdc\xa5\xd6*\x16\xa8\xac\xdcw\
\xbe\xf3\x9d0b\xc4\x88\xca\xea)D\x80\x00\x01\x02\x04\
\x08\x10 @\x80\x00\x01\x02\x04\x08</\xe0\x05\x01\x02\
\x04\x08\x10(U\xc0\x00\xbdT^\x9b\x13 @\x80@\
\x99\x02\x8f?\xfex8\xfc\xf0\xc3\xcb,ao\x02}\
\x0a\xdcz\xeb\xad\xa1\xab\xab\xab\xcf\xfb\xad\xdf\xf0\x04\x01\
\x02\x04\x08\x10 @\x80\x00\x01\x02\x04\x08\x10 \x90\xbe\
\x80\x84\x04\x08\x10 \x10\xbb\x80\x01z\xec'\xa4?\x02\
\x04\x08\x10\xe8W\xe0\xc6\x1bo\x0c\xf3\xe7\xcf\xefw\x8d\
\x9b\x04\xca\x10\xd8w\xdf}\xc3\xc7?\xfe\xf12\xb6\xae\
\xe7\x9e\xba&@\x80\x00\x01\x02\x04\x08\x10 @\x80\x00\
\x01\x02\x04\xd2\x17\x90\x90\x00\x01\x02\x19\x08\x18\xa0gp\
\xc8\x22\x12 @ u\x81\xe3\x8f?>tww\xa7\
\x1eS\xbe\x08\x05>\xf3\x99\xcf\x84\xddw\xdf=\xc2\xce\
\xb4\xd4\xaa\x80\xf5\x04\x08\x10 @\x80\x00\x01\x02\x04\x08\
\x10 @\x80@\xfa\x02\x12\x12 @`0\x02\x06\xe8\
\x83Q\xb2\x86\x00\x01\x02\x04\xa2\x16X\xb7n]\x187\
n\x5c\xd4=j.]\x81a\xd1\xf7\xb1\x00\x00\x10\x00\
IDAT\xbb\xee\xba+\xbc\xece/K7\xa0d\
u\x10\xd0#\x01\x02\x04\x08\x10 @\x80\x00\x01\x02\x04\
\x08\x10 \x90\xbe\x80\x84\x04\x08T$`\x80^\x11\xb4\
2\x04\x08\x10 P\xae\xc0\x03\x0f<\x10f\xcd\x9aU\
n\x11\xbb\x13\xd8\x8c\xc0\xc8\x91#\xc3e\x97]\xb6\x99\
;.\x11 08\x01\xab\x08\x10 @\x80\x00\x01\x02\
\x04\x08\x10 @\x80\x00\x81\xf4\x05$$P\x1f\x01\x03\
\xf4\xfa\x9c\x95N\x09\x10 @`\x00\x81\xf3\xcf??\
,[\xb6l\x80Un\x13(^\xa0\xf9\xcf\x08\x8c\x1d\
;\xb6\xf8\x8d\xedH\x80@\xfc\x02:$@\x80\x00\x01\
\x02\x04\x08\x10 @\x80\x00\x01\x02\x04\xd2\x17\x900+\
\x01\x03\xf4\xac\x8e[X\x02\x04\x08\xa4-\xd0\xdb\xdb\x1b\
\xc6\x8f\x1f\x9fvH\xe9\xa2\x15\xb8\xfd\xf6\xdb\xc3\xb6\xdb\
n\x1bm\x7f\x1a#@\x80\xc0\xe6\x04\x5c#@\x80\x00\
\x01\x02\x04\x08\x10 @\x80\x00\x01\x02\x04\xd2\x17\x90\xb0\
5\x01\x03\xf4\xd6\xbc\xac&@\x80\x00\x81\xc8\x05\xba\xbb\
\xbb\xc3\xd4\xa9S#\xefR{)\x0a\x0c\x1b6,\xdc\
x\xe3\x8d\xa1\xab\xab+\xc5x2\x11 @ F\x01\
=\x11 @\x80\x00\x01\x02\x04\x08\x10 @\x80\x00\x01\
\x02\xe9\x0bT\x9e\xd0\x00\xbdrr\x05\x09\x10 @\xa0\
l\x81\xab\xaf\xbez\xfd \xb3\xec:\xf6'\xb0\xb1\xc0\
\xe8\xd1\xa3C\xf3\xe3\xdc7\xbe\xee=\x01\x02\x04\x08\x10\
\xd8T\xc0\x15\x02\x04\x08\x10 @\x80\x00\x01\x02\x04\x08\
\x10 @ F\x81b\x07\xe81&\xd4\x13\x01\x02\x04\
\x08d)p\xd4QG\x85\x9e\x9e\x9e,\xb3\x0b\xddY\
\x81\xcb/\xbf<\x8c\x1c9\xb2\xb3M\xa8N\x80\x00\x01\
\x02\x04\xca\x16\xb0?\x01\x02\x04\x08\x10 @\x80\x00\x01\
\x02\x04\x08\x10HT\xc0\x00\xfdE\x07\xeb%\x01\x02\x04\
\x08\xa4#\xf0\xc4\x13O\x84\xe6O\x03\xa7\x93H\x92:\
\x09\xdcq\xc7\x1da\xf8\xf0\xe1ujY\xaf\x04\x08\x10\
 @ +\x01a\x09\x10 @\x80\x00\x01\x02\x04\x08\
\x10 @\x80@_\x02\x06\xe8}\xc9\xd4\xef\xba\x8e\x09\
\x10 @`#\x81\xfb\xee\xbb/\x5ct\xd1E\x1b]\
\xf5\x96@\xf9\x02{\xec\xb1G\xb8\xf0\xc2\x0b\xcb/\xa4\
\x02\x01\x02\x04\x08\x10 \x90\xa3\x80\xcc\x04\x08\x10 @\
\x80\x00\x01\x02\x04\x08\x10 P\xa2\x80\x01z\x89\xb8\xb6\
nE\xc0Z\x02\x04\x08\x94#p\xdai\xa7\x85\x95+\
W\x96\xb3\xb9]\x09\xf4#p\xf2\xc9'\x87}\xf6\xd9\
\xa7\x9f\x15n\x11 @\x80\x00\x01\x02\x04r\x14\x90\x99\
\x00\x01\x02\x04\x08\x10 @\x80\x00\x01\x02q\x0b\x0c\x8b\
\xbb=\xdd\x11\xa8\x89\x806\x09\x10\x88V\xe0\x99g\x9e\
\x09c\xc7\x8e\x8d\xb6?\x8d\xa5-\xb0x\xf1\xe2\xb0\xd5\
V[\xa5\x1dR:\x02\x04\x08\x10 @\x80@N\x02\
\xb2\x12 @\x80\x00\x01\x02\x04\x08\x10 \x90\xbc\x80\x01\
z\xf2G, \x81\x81\x05\xac \x90\xba\xc0o\x7f\xfb\
\xdbp\xe2\x89'\xa6\x1eS\xbe\x08\x05\xb6\xdf~\xfbp\
\xf5\xd5WG\xd8\x99\x96\x08\x10 @\x80\x00\x01\x02\x04\
r\x14\x90\x99\x00\x01\x02\x04\x08\x10 @\x80\x00\x81\x81\
\x05\x0c\xd0\x076\xb2\x82\x00\x81\xb8\x05tG`P\x02\
\x97\x5crIX\xb2d\xc9\xa0\xd6ZD\xa0H\x81#\
\x8e8\x22L\x992\xa5\xc8-\xedE\x80\x00\x01\x02\x04\
\x08\x10 @ G\x01\x99\x09\x10 @\x80\x00\x01\x02\
\x04\x08T\x22`\x80^\x09\xb3\x22\x04\x08\x10\xe8K\xc0\
\xf5\xaa\x04z{{\xc3\xc4\x89\x13C\xa3\xd1\xa8\xaa\xa4\
:\x04\x9e\x17\xf8\xcew\xbe\x13v\xdcq\xc7\xe7\xdf{\
A\x80\x00\x01\x02\x04\x08\x10 @\x80@n\x02\xf2\x12\
 @\x80\x00\x01\x02\x04\x08\xd4E\xc0\x00\xbd.'\xa5\
O\x02\x04\x08\xc4(P\xb3\x9e\xd6\xacY\x13\xde\xfe\xf6\
\xb7\xd7\xack\xed\xa6\x22\xb0h\xd1\xa2\xd0\xd5\xd5\x95J\
\x1c9\x08\x10 @\x80\x00\x01\x02\x04\x08\x10\xc8I@\
V\x02\x04\x08\x10 @\x80@F\x02\x06\xe8\x19\x1d\xb6\
\xa8\x04\x08\x10 \x10\xc2\xad\xb7\xde\x1a\xe6\xcf\x9f\xbf\x9e\
\xc2\x17\x02U\x0a\xec\xbd\xf7\xde\xe1\xf4\xd3O\xaf\xb2\xa4\
Z\x04\x08\x10 @\x80\x00\x01\x02\x04\x08\x10 \x10B\
\x80@\x80\x00\x01\x02\x04\x08\x10hE\xc0\x00\xbd\x15-\
k\x09\x10 @ \x09\x81\xe3\x8f?>tww\xd7\
=\x8b\xfek(\xf0\xe9O\x7f:\xec\xbe\xfb\xee5\xec\
\x5c\xcb\x04\x08\x10 @\x80\x00\x01\x02\x04\x08\x10 \xd0\
!\x01e\x09\x10 @\x80\x00\x81\x8a\x05\x0c\xd0+\x06\
W\x8e\x00\x01\x02\x04:/\xb0n\xdd\xbap\xd0A\x07\
u\xbe\x91\xac;\xc87\xfc]w\xdd\x15\xb6\xd8b\x8b\
|\x01$'@\x80\x00\x01\x02\x04\x08\x10 @\x80\x00\
\x81\x8c\x04D%@\x80\x00\x01\x02\xf5\x130@\xaf\xdf\
\x99\xe9\x98\x00\x01\x02\x04\x0a\x10\xf8\x9f\xff\xf9\x9f\xf0\xcf\
\xff\xfc\xcf\x05\xecd\x8b,\x05\x86\x10z\xe4\xc8\x91\xe1\
\x8a+\xae\x18\xc2\x0e\x1e%@\x80\x00\x01\x02\x04\x08\x10\
 @\x80\x00\x01\x02\x04*\x11P\x84\x00\x01\x02\x04\xb2\
\x140@\xcf\xf2\xd8\x85&@\x80\x00\x81\xa6\xc0\xec\xd9\
\xb3\xc3\xb2e\xcb\x9a/\xfd\x22P\xa9\xc01\xc7\x1c\x13\
\xc6\x8d\x1bWi\xcd\x17\x17\xf3\x9a\x00\x01\x02\x04\x08\x10\
 @\x80\x00\x01\x02\x04\x08\x10H_@B\x02\x04\x08\
\x10hO\xc0\x00\xbd=7O\x11 @\x80@\x02\x02\
\xbd\xbd\xbda\xfc\xf8\xf1\x09$\x11\xa1\x8e\x02\xb7\xddv\
[\xd8v\xdbm\xeb\xd8z\xa7{V\x9f\x00\x01\x02\x04\
\x08\x10 @\x80\x00\x01\x02\x04\x08\x10H_@B\x02\
\x04\x08tL\xc0\x00\xbdc\xf4\x0a\x13 @\x80@\x0c\
\x02\xdd\xdd\xdd\xe1\xe8\xa3\x8f\x8e\xa1\x15=d&0l\
\xd8\xb0p\xe3\x8d7\x86\xae\xae\xae\xcc\x92\xe7\x1eW~\
\x02\x04\x08\x10 @\x80\x00\x01\x02\x04\x08\x10 @ \
}\x01\x09\x09\x10\xa8\xb3\x80\x01z\x9dOO\xef\x04\x08\
\x10 P\x88\xc0\xb7\xbf\xfd\xed\xb0p\xe1\xc2B\xf6\xb2\
\x09\x81V\x04F\x8f\x1e\x1d\x8e?\xfe\xf8V\x1e\xb1\x96\
@g\x05T'@\x80\x00\x01\x02\x04\x08\x10 @\x80\
\x00\x01\x02\x04\xd2\x17\x90\x90@\xe6\x02\x06\xe8\x99\xff\x06\
\x10\x9f\x00\x01\x02\x046\x08L\x9d:5\xf4\xf4\xf4l\
x\xe3+\x81\x0a\x05.\xbf\xfc\xf2\xb0\xcb.\xbbTX\
Q)\x02\xf9\x0aHN\x80\x00\x01\x02\x04\x08\x10 @\
\x80\x00\x01\x02\x04\x08\xa4/ !\x81\xa1\x0a\x18\xa0\x0f\
U\xd0\xf3\x04\x08\x10 \x90\x84\xc0\x93O>\x19\x0e<\
\xf0\xc0$\xb2\x08Q?\x81\xbb\xef\xbe;\x0c\x1f>\xbc\
~\x8d\xeb\x98\x00\x81*\x05\xd4\x22@\x80\x00\x01\x02\x04\
\x08\x10 @\x80\x00\x01\x02\x04\xd2\x17\x900\x02\x01\x03\
\xf4\x08\x0eA\x0b\x04\x08\x10 \x10\x87\xc0\xfd\xf7\xdf\x1f\
\xe6\xcc\x99\x13G3\xba\xc8J`\xd4\xa8Q\xe1\xc2\x0b\
/\xcc*\xb3\xb0\x04\x08\xe4& /\x01\x02\x04\x08\x10\
 @\x80\x00\x01\x02\x04\x08\x10 \x90\xbe@\x1a\x09\x0d\
\xd0\xd38G)\x08\x10 @\xa0 \x81\x993g\x86\
\x95+W\x16\xb4\x9bm\x08\x0c^\xe0\xe4\x93O\x0eo\
~\xf3\x9b\x07\xff\x80\x95\x04\x08\x10 P\x9d\x80J\x04\
\x08\x10 @\x80\x00\x01\x02\x04\x08\x10 @\x80@\xfa\
\x02\xcf%4@\x7f\x0e\xc27\x02\x04\x08\x10 \xd0\x14\
h4\x1a\xe1\xa0\x83\x0ej\xbe\xf4\x8b@\xe5\x02\x8b\x16\
-\x0a[o\xbdu\xe5u\x15$@\x80\x00\x81\xb4\x05\
\xa4#@\x80\x00\x01\x02\x04\x08\x10 @\x80\x00\x01\x02\
\x04\x06/P\xd7\x01\xfa\xe0\x13ZI\x80\x00\x01\x02\x04\
Z\x14\xf8\xdd\xef~\x17\x8e?\xfe\xf8\x16\x9f\xb2\x9c\xc0\
\xd0\x05\xb6\xdf~\xfbp\xcd5\xd7\x0c}#;\x10 \
@\x80\x00\x81t\x04$!@\x80\x00\x01\x02\x04\x08\x10\
 @\x80\x00\x01\x02\x95\x0a\x18\xa0W\xca\xfd\xe7b\xbe\
\x13 @\x80@\xec\x02\xf3\xe6\xcd\x0bK\x96,\x89\xbd\
M\xfd%(0i\xd2\xa4p\xe4\x91G&\x98L$\
\x02\x04\x08\x10 \x90\xa3\x80\xcc\x04\x08\x10 @\x80\x00\
\x01\x02\x04\x08\x10 P7\x01\x03\xf4\xba\x9dX\x0c\xfd\
\xea\x81\x00\x01\x02\x19\x08\xf4\xf6\xf6\x86\x89\x13'\x86\xe6\
G\xbag\x10W\xc4\xc8\x04\xae\xbd\xf6\xda\xb0\xe3\x8e;\
F\xd6\x95v\x08\x10 @\x80\x00\x81\xec\x04\x04&@\
\x80\x00\x01\x02\x04\x08\x10 @\x80@\x86\x02\x06\xe8\x19\
\x1ez\xee\x91\xe5'@\x80\xc0`\x05\xd6\xacY\x13\xde\
\xf6\xb6\xb7\x0dv\xb9u\x04\x0a\x15X\xb4hQ\xe8\xea\
\xea*tO\x9b\x11 @\x80\x00\x01\x02\x04r\x12\x90\
\x95\x00\x01\x02\x04\x08\x10 @\x80\x00\x01\x02\xed\x08\x18\
\xa0\xb7\xa3\xe6\x19\x02\x9d\x13P\x99\x00\x81\x8a\x05n\xbb\
\xed\xb6\xd0\xfc8\xf7\x8a\xcb*G \xec\xbd\xf7\xde\xe1\
\xac\xb3\xce\x22A\x80\x00\x01\x02\x04\x08\x10 \x90\xa7\x80\
\xd4\x04\x08\x10 @\x80\x00\x01\x02\x04\x08tH\xc0\x00\
\xbdC\xf0\xca\x12\xc8S@j\x02\xf5\x14\x98>}z\
\xe8\xee\xee\xaeg\xf3\xba\xae\xb5\xc0y\xe7\x9d\x17\xf6\xda\
k\xafZg\xd0<\x01\x02\x04\x08\x10 @\x80@\x8e\
\x022\x13 @\x80\x00\x01\x02\x04\x08\x10\xa8\xaf\x80\x01\
z}\xcfN\xe7\x04\x08T-\xa0^\xb6\x02\xeb\xd6\xad\
\x0b\x07\x1ex`\xb6\xf9\x05\xef\xac\xc0\x9dw\xde\x19\xb6\
\xd8b\x8b\xce6\xa1:\x01\x02\x04\x08\x10 @\x80\x00\
\x81\x9c\x04d%@\x80\x00\x01\x02\x04\x08\x10\xc8Z\xc0\
\x00=\xeb\xe3\x17\x9e\x00\x81\x9c\x04d\x1d\x9a\xc0/~\
\xf1\x8bp\xfa\xe9\xa7\x0fm\x13O\x13hC`\xa7\x9d\
v\x0aW\x5cqE\x1bOz\x84\x00\x01\x02\x04\x08\x10\
 @\x80\x00\x81\x1c\x05d&@\x80\x00\x01\x02\x04\x08\
\x10\x18\x9a\x80\x01\xfa\xd0\xfc<M\x80\x00\x01\x02\xd5\x08\
DQe\xce\x9c9a\xd9\xb2eQ\xf4\xa2\x89\xbc\x04\
\x8e9\xe6\x98p\xe8\xa1\x87\xe6\x15ZZ\x02\x04\x08\x10\
 @\x80\x00\x01\x02\x04r\x14\x90\x99\x00\x01\x02\x04\x08\
\x10 \xd0q\x01\x03\xf4\x8e\x1f\x81\x06\x08\x10 @\xa0\
.\x02\xbd\xbd\xbda\xfc\xf8\xf1\xa1\xd1h\xb4\xd8\xb2\xe5\
\x04\x86.\xf0\x83\x1f\xfc l\xbf\xfd\xf6C\xdf\xc8\x0e\
\x04\x08\x10 @\x80\x00\x01\x02\x04\x08\x10 P\x92\x80\
m\x09\x10 @\x80\x00\x81\x14\x04\x0c\xd0S8E\x19\
\x08\x10 @\xa02\x81\xee\xee\xeep\xe4\x91GVV\
/\x8aB\x9a\x88F\xe0\xa6\x9bn\x0a]]]\xd1\xf4\
\xa3\x11\x02\x04\x08\x10 @\x80\x00\x01\x02\x04\x08\x10H\
H@\x14\x02\x04\x08\x10 @`\xbd\x80\x01\xfaz\x06\
_\x08\x10 @\x80\xc0\xe0\x05\x16.\x5c\x18\x9a\xbf\x06\
\xff\x84\x95\x9d\x14H\xa9\xf6\xfe\xfb\xef\x1f>\xf0\x81\x0f\
\xa4\x14I\x16\x02\x04\x08\x10 @\x80\x00\x01\x02\x04\x08\
\x10 P\x88\x80M\x08\x10 @\x80@Q\x02\x06\xe8\
EI\xda\x87\x00\x01\x02\x04\xb2\x12\x98:uj\xe8\xe9\
\xe9\xc9*\xb3\xb0\x1d\x11\xd8\xa4\xe8\xdc\xb9s\xc3.\xbb\
\xec\xb2\xc9u\x17\x08\x10 @\x80\x00\x01\x02\x04\x08\x10\
 @\x80\x00\x81\xda\x0ah\x9c\x00\x01\x02\x04\x22\x120\
@\x8f\xe80\xb4B\x80\x00\x01\x02\xf5\x11x\xf2\xc9'\
\xc3\x01\x07\x1cP\x9f\x86u\x9a\x94\xc0\xddw\xdf\x1d\x86\
\x0f\x1f^\x83LZ$@\x80\x00\x01\x02\x04\x08\x10 \
@\x80\x00\x01\x02\x04\xd2\x17\x90\x90\x00\x01\x02i\x09\x18\
\xa0\xa7u\x9e\xd2\x10 @\x80@\x85\x02\xff\xfd\xdf\xff\
\x1d\xe6\xcc\x99SaE\xa5\x08l\x10\x185jT\xb8\
\xf0\xc2\x0b7\xbc\xf1\xb5<\x01;\x13 @\x80\x00\x01\
\x02\x04\x08\x10 @\x80\x00\x01\x02\xe9\x0bHH\x80\x00\
\x81\x8d\x04\x0c\xd07\x02\xf1\x96\x00\x01\x02\x04\x08\xb4\x22\
0s\xe6\xcc\xb0b\xc5\x8aV\x1e\xb1\x96@!\x02'\
\x9f|rx\xcb[\xdeR\xc8^6IS@*\x02\
\x04\x08\x10 @\x80\x00\x01\x02\x04\x08\x10 @ }\
\x01\x09\x09\x10(^\xc0\x00\xbdxS;\x12 @\x80\
@F\x02\x8dF#\x8c\x1e=:\xa3\xc4\xa2\xc6$\xb0\
h\xd1\xa2\xb0\xf5\xd6[\xc7\xd4\x92^\x08\x14%`\x1f\
\x02\x04\x08\x10 @\x80\x00\x01\x02\x04\x08\x10 @ \
}\x01\x09\x09D)`\x80\x1e\xe5\xb1h\x8a\x00\x01\x02\
\x04\xea$\xf0\xfb\xdf\xff>\xbc\xff\xfd\xef\xafS\xcbz\
MD`\x9bm\xb6\x09\xd7\x5csM\x22i\xc4 \x90\
\x92\x80,\x04\x08\x10 @\x80\x00\x01\x02\x04\x08\x10 \
@\x80@\xfa\x02\x12\xa6*`\x80\x9e\xea\xc9\xcaE\x80\
\x00\x01\x02\x95\x0a|\xedk_\x0bK\x96,\xa9\xb4\xa6\
b\x04\x9a\x02\x93&M\x0aG\x1f}t\xf3\xa5_\x04\
\x08\x10(F\xc0.\x04\x08\x10 @\x80\x00\x01\x02\x04\
\x08\x10 @\x80@\xfa\x02\x12\xf6)`\x80\xde'\x8d\
\x1b\x04\x08\x10 @\xa05\x81\x89\x13'\x86\x9e\x9e\x9e\
\xd6\x1e\xb2\x9a@\x01\x02W]uU\xd8y\xe7\x9d\x0b\
\xd8\xc9\x16\x04\x08\x10\xa8\xbf\x80\x04\x04\x08\x10 @\x80\
\x00\x01\x02\x04\x08\x10 @\x80@\xfa\x02e&4@\
/S\xd7\xde\x04\x08\x10 \x90\x95\xc0\x9a5k\xc2!\
\x87\x1c\x92Ufa\xe3\x11X\xbcxq\xe8\xea\xea\x8a\
\xa7!\x9d\x10 @\x80@;\x02\x9e!@\x80\x00\x01\
\x02\x04\x08\x10 @\x80\x00\x01\x02\x04:,P\xc1\x00\
\xbd\xc3\x09\x95'@\x80\x00\x01\x02\x15\x0a\xdcu\xd7]\
a\xde\xbcy\x15VT\x8a\xc0\x06\x81\xbd\xf6\xda+\x9c\
u\xd6Y\x1b\xde\xf8J\x80\x00\x01\x02\x04:\x22\xa0(\
\x01\x02\x04\x08\x10 @\x80\x00\x01\x02\x04\x08\x10\xa8\xbf\
\x80\x01\xfa@g\xe8>\x01\x02\x04\x08\x10hQ`\xfa\
\xf4\xe9a\xd5\xaaU->e9\x81\xa1\x0b\x9cw\xde\
y\xa19H\x1f\xfaNv @\x80\x00\x01\x02\x19\x0a\
\x88L\x80\x00\x01\x02\x04\x08\x10 @\x80\x00\x01\x02\x04\
\x9e\x150@\x7f\x16!\xe5\xff\xc9F\x80\x00\x01\x02\xd5\
\x0b\xac[\xb7.\x8c\x193\xa6\xfa\xc2*\x12xV\xe0\
\xce;\xef\x0c[l\xb1\xc5\xb3\xaf\xfc\x8f\x00\x01\x02\x04\
\x08\x10\xc8I@V\x02\x04\x08\x10 @\x80\x00\x01\x02\
\x04\x08\x10(F\xc0\x00\xbd\x18G\xbb\x94#`W\x02\
\x04\x08\xd4V`\xc5\x8a\x15\xe1\xf4\xd3O\xafm\xff\x1a\
\xaf\xaf\xc0N;\xed\x14\xae\xb8\xe2\x8a\xfa\x06\xd09\x01\
\x02\x04\x08\x10 \x90\xa3\x80\xcc\x04\x08\x10 @\x80\x00\
\x01\x02\x04\x08\x10\x88F\xc0\x00=\x9a\xa3\xd0Hz\x02\
\x12\x11 \x90\xbb\xc0\x9c9s\xc2\xd2\xa5Ksg\x90\
\xbf\x03\x02\xc7\x1csLx\xdb\xdb\xde\xd6\x81\xcaJ\x12\
 @\x80\x00\x01\x02\x04r\x14\x90\x99\x00\x01\x02\x04\x08\
\x10 @\x80\x00\x81\x94\x04\x0c\xd0S:MY\x08\x14\
)`/\x02\x04\x86,\xd0\xdb\xdb\x1b&L\x98\x10\x1a\
\x8d\xc6\x90\xf7\xb2\x01\x81V\x05n\xbe\xf9\xe6\xb0\xfd\xf6\
\xdb\xb7\xfa\x98\xf5\x04\x08\x10 @\x80\x00\x01\x02\xb9\x09\
\xc8K\x80\x00\x01\x02\x04\x08\x10 @\x80\xc0K\x04\x0c\
\xd0_\xc2\xe1\x0d\x01\x02\xa9\x08\xc8A \x16\x81\xc7\x1e\
{,L\x992%\x96v\xf4\x91\x99\xc0M7\xdd\x14\
\xba\xba\xba2K-.\x01\x02\x04\x08\x10 @\x80@\
N\x02\xb2\x12 @\x80\x00\x01\x02\x04\x08\x10(Z\xc0\
\x00\xbdhQ\xfb\x11 @`\xe8\x02vHL\xe0\xbb\
\xdf\xfdnX\xb0`Ab\xa9\xc4\xa9\x83\xc0\xfe\xfb\xef\
\x1f>\xf8\xc1\x0f\xd6\xa1U=\x12 @\x80\x00\x01\x02\
\x04\x08\x10\xc8Q@f\x02\x04\x08\x10 @\x80\x00\x81\
\x08\x05\x0c\xd0#<\x14-\x11 @\xa0\xde\x02\xba\xdf\
\x9c\xc0\xb4i\xd3\xc2\xda\xb5k7w\xcb5\x02\xa5\x0a\
\x5cv\xd9ea\xd4\xa8Q\xa5\xd6\xb09\x01\x02\x04\x08\
\x10 @\x80\x00\x01\x029\x0a\xc8L\x80\x00\x01\x02\x04\
\x08\x10HS\xc0\x00=\xcds\x95\x8a\x00\x01\x02\x04\xda\
\x15(\xe9\xb9\xa7\x9ez*\x1cp\xc0\x01%\xedn[\
\x02\xfd\x0b,Y\xb2$\x0c\x1f>\xbc\xffE\xee\x12 \
@\x80\x00\x01\x02\x04\x08\x10 @ '\x01Y\x09\x10\
 @\x80\x00\x01\x02}\x08\x18\xa0\xf7\x01\xe32\x01\x02\
\x04\x08\x10(Z\xe0g?\xfbY\x983gN\xd1\xdb\
\xbed?o\x08lN`\xd7]w\x0d\x17^x\xe1\
\xe6n\xb9F\x80\x00\x01\x02\x04\x08\x10 @\x80\x00\x01\
\x025\x14\xd02\x01\x02\x04\x08\x10 P\x9e\x80\x01z\
y\xb6v&@\x80\x00\x01\x02\x9b\x08\xcc\x9c93,\
_\xbe|\x93\xeb.\xac\x17\xf0\xa5D\x81\x93O>9\
\xec\xb7\xdf~%V\xb05\x01\x02\x04\x08\x10 @\x80\
\x00\x01\x02\x04\x08\x10\x18\x94\x80E\x04\x08\x10 @ \
j\x01\x03\xf4\xa8\x8fGs\x04\x08\x10 \x90\x9a@\xa3\
\xd1\x08c\xc7\x8eM-\x96<\xeb\x05\xe2\xffr\xfb\xed\
\xb7\x87\xad\xb7\xde:\xfeFuH\x80\x00\x01\x02\x04\x08\
\x10 @\x80\x00\x01\x02\x04\xa2\x15\xd0\x18\x01\x02\x04\x08\
\xa4.`\x80\x9e\xfa\x09\xcbG\x80\x00\x01\x02\xd1\x09<\
\xfa\xe8\xa3\xe1\xc9QR\xc7\x00\x00\x10\x00IDAT\
\xd8c\x8f\x8d\xae/\x0d\xa5/\xb0\xcd6\xdb\x84k\xae\
\xb9f\xf3A]%@\x80\x00\x01\x02\x04\x08\x10 @\
\x80\x00\x01\x02\x04\xd2\x17\x90\x90\x00\x01\x02\x04\x06\x140\
@\x1f\x90\xc8\x02\x02\x04\x08\x10 P\xbc\xc07\xbe\xf1\
\x8d\xb0x\xf1\xe2\xe27\xb6#\x81\x01\x04&M\x9a\x14\
\xde\xfd\xeew\x0f\xb0\xaa~\xb7uL\x80\x00\x01\x02\x04\
\x08\x10 @\x80\x00\x01\x02\x04\x08\xa4/ !\x01\x02\
\x04\xaa\x100@\xafBY\x0d\x02\x04\x08\x10 \xb0\x19\
\x81\xc9\x93'\x87\x9e\x9e\x9e\xcd\xdcq\x89@\xb9\x02\xdf\
\xfa\xd6\xb7\xc2\xce;\xef\x5cn\x11\xbb\xb7\x22`-\x01\
\x02\x04\x08\x10 @\x80\x00\x01\x02\x04\x08\x10 \x90\xbe\
\x80\x84\x04\x08\xd4D\xc0\x00\xbd&\x07\xa5M\x02\x04\x08\
\x10HO`\xed\xda\xb5a\xc2\x84\x09\xe9\x05\x93\xa8\x16\
\x02\xcdO@\xe8\xea\xea\xaaE\xaf\x9a\x8c]@\x7f\x04\
\x08\x10 @\x80\x00\x01\x02\x04\x08\x10 @\x80@\xfa\
\x02\x12\x12\xc8G\xc0\x00=\x9f\xb3\x96\x94\x00\x01\x02\x04\
\x22\x14X\xb2dI\x98;wn\x84\x9di)u\x81\
\xbd\xf6\xda+\x9cu\xd6Y\xa9\xc7\x94\x8f\xc0\xc0\x02V\
\x10 @\x80\x00\x01\x02\x04\x08\x10 @\x80\x00\x01\x02\
\xe9\x0bHH\xa0\x05\x01\x03\xf4\x16\xb0,%@\x80\x00\
\x01\x02e\x08\xcc\x981#\xacZ\xb5\xaa\x8c\xad\xedI\
\xa0_\x81\xf3\xce;/\xec\xbd\xf7\xde\xfd\xaeq\x93\x00\
\x81\xb8\x05tG\x80\x00\x01\x02\x04\x08\x10 @\x80\x00\
\x01\x02\x04\x08\xa4/ a\xb5\x02\x06\xe8\xd5z\xabF\
\x80\x00\x01\x02\x046\x11x\xfa\xe9\xa7\xc3\xe8\xd1\xa37\
\xb9\xee\x02\x81*\x04\xee\xb8\xe3\x8e\xb0\xc5\x16[TQ\
J\x0d\x02\x04\x08l,\xe0=\x01\x02\x04\x08\x10 @\
\x80\x00\x01\x02\x04\x08\x10 \x90\xbe@\xed\x12\x1a\xa0\xd7\
\xee\xc84L\x80\x00\x01\x02)\x0a<\xf4\xd0C\xe1\xf4\
\xd3OO1\x9aL\x91\x0b\xec\xb0\xc3\x0e\xe1\x8a+\xae\
\x88\xbcK\xed\x11 @ F\x01=\x11 @\x80\x00\
\x01\x02\x04\x08\x10 @\x80\x00\x01\x02)\x0a\xbct\x80\
\x9ebB\x99\x08\x10 @\x80@M\x04\xe6\xcc\x99\x13\
\xee\xb9\xe7\x9e\x9at\xab\xcd\x94\x04\x8e9\xe6\x98\xf0\xf6\
\xb7\xbf=\xa5H\xb2\x10 @\x80\xc0@\x02\xee\x13 \
@\x80\x00\x01\x02\x04\x08\x10 @\x80\x00\x01\x02\x9b\x15\
Hj\x80\xbe\xd9\x84.\x12 @\x80\x00\x81\x9a\x08\xf4\
\xf6\xf6\x86\xc3\x0e;,4\x1a\x8d\x9at\xac\xcd\x94\x04\
n\xba\xe9\xa6\xb0\xfd\xf6\xdb\xa7\x14I\x16\x02\x04\x08\x10\
HX@4\x02\x04\x08\x10 @\x80\x00\x01\x02\x04\x08\
\x10 P\x96\x80\x01zY\xb2\xad\xef\xeb\x09\x02\x04\x08\
\x10 \x10\x1e\x7f\xfc\xf1p\xc4\x11G\x90 \xd0\x11\x81\
\xe6\x10\xbd\xab\xab\xab#\xb5\x15%@\x80\x00\x01\x02\x19\
\x09\x88J\x80\x00\x01\x02\x04\x08\x10 @\x80\x00\x01\x02\
\x11\x0b\x18\xa0G|8\xf5jM\xb7\x04\x08\x10 P\
\x94\xc0\x0d7\xdc\x10\x16,XP\xd4v\xf6!0h\
\x81\xfd\xf7\xdf?|\xe8C\x1f\x1a\xf4z\x0b\x09\x10 \
@\x80\x00\x81\x1c\x05d&@\x80\x00\x01\x02\x04\x08\x10\
 @\x80@\xda\x02\x06\xe8i\x9f\xaft\x83\x15\xb0\x8e\
\x00\x01\x02\x91\x09L\x9b6-twwG\xd6\x95v\
r\x10\xf8\xf2\x97\xbf\x1cF\x8d\x1a\x95CT\x19\x09\x10\
 @\x80\x00\x81\x1c\x05d&@\x80\x00\x01\x02\x04\x08\
\x10 @\x80\xc0\x00\x02\x06\xe8\x03\x00\xb9M\xa0\x0e\x02\
z$@ =\x81\xa7\x9ez*\x8c\x1f?>\xbd`\
\x12\xd5B`\xc9\x92%a\xf8\xf0\xe1\xb5\xe8U\x93\x04\
\x08\x10 @\x80\x00\x81\x9c\x04d%@\x80\x00\x01\x02\
\x04\x08\x10 @\xa0|\x01\x03\xf4\xf2\x8dU @\xa0\
\x7f\x01w\x09\x10\xe8C`\xd9\xb2ea\xf6\xec\xd9}\
\xdcu\x99@y\x02\xbb\xee\xbak\xb8\xf0\xc2\x0b\xcb+\
`g\x02\x04\x08\x10 @\x80\x00\x81\x1c\x05d&@\
\x80\x00\x01\x02\x04\x08\x10 P\x0b\x01\x03\xf4Z\x1c\x93\
&\x09\x10\x88W@g\x04\xca\x15\x985kVX\xbe\
|y\xb9E\xecN`3\x02'\x9f|r8\xf0\xc0\
\x037s\xc7%\x02\x04\x08\x10 @\x80\x00\x01\x029\
\x0a\xc8L\x80\x00\x01\x02\x04\x08\x10 \x90\x8b\x80\x01z\
.'-'\x01\x02\x046'\xe0Z\xf4\x02\x8dF#\
\x8c\x1d;6\xfa>5\x98\xa6\xc0\x9dw\xde\x19\xb6\xde\
z\xeb4\xc3IE\x80\x00\x01\x02\x04\x08\x10 @ \
'\x01Y\x09\x10 @\x80\x00\x01\x02\x04\x06-`\x80\
>h*\x0b\x09\x10 @ 6\x81\x5c\xfay\xf4\xd1\
G\xc3\xdf\xff\xfd\xdf\xe7\x12W\xce\x88\x04\x86\x0d\x1b\x16\
\xae\xb9\xe6\x9a\x88:\xd2\x0a\x01\x02\x04\x08\x10 @\x80\
\x00\x01\x029\x0a\xc8L\x80\x00\x01\x02\x04\x08\x10\xa8R\
\xc0\x00\xbdJm\xb5\x08\x10 @\x80\xc0\x0b\x02-\xbd\
\x9a?\x7f~\xb8\xf1\xc6\x1b[z\xc6b\x02E\x08L\
\x9a4\xc9_\xe0(\x02\xd2\x1e\x04\x08\x10 @\x80\x00\
\x01\x02\x04\x08\xe4* 7\x01\x02\x04\x08\x10 P3\
\x01\x03\xf4\x9a\x1d\x98v\x09\x10 @ _\x81\xa3\x8e\
:*\xf4\xf4\xf4D\x02\xa0\x8d\x9c\x04\xbe\xfe\xf5\xaf\x87\
\x9dw\xde9\xa7\xc8\xb2\x12 @\x80\x00\x01\x02\x04\x08\
\x10 @\x80\xc0z\x01_\x08\x10 @\x80@~\x02\
\x06\xe8\xf9\x9d\xb9\xc4\x04\x08\x10 PS\x81'\x9ex\
\x22\x8c\x1f?\xbe\xa6\xddG\xd6\xb6vZ\x16\xb8\xed\xb6\
\xdbZ~\xc6\x03\x04\x08\x10 @\x80\x00\x01\x02\x04\x08\
\x10 @\xa0\xa3\x02\x8a\x13 @\x80\x00\x816\x04\x0c\
\xd0\xdb@\xf3\x08\x01\x02\x04\x08\x10\xe8\x94\xc0\x7f\xfd\xd7\
\x7f\x85\xb9s\xe7v\xaa\xbc\xba\x91\x08t\xa2\x8d=\xf7\
\xdc\xb3\x13e\xd5$@\x80\x00\x01\x02\x04\x08\x10 @\
\x80\x00\x01\x02\xd9\x0a\x08N\x80\x00\x01\x02\x9d\x110@\
\xef\x8c\xbb\xaa\x04\x08\x10 @\xa0m\x81\x193f\x84\
\x95+W\xb6\xfd\xbc\x07\x09tX@y\x02\x04\x08\x10\
 @\x80\x00\x01\x02\x04\x08\x10 @ }\x01\x09\x09\
\x10 P[\x01\x03\xf4\xda\x1e\x9d\xc6\x09\x10 @ \
W\x81\xa7\x9f~:\x8c\x1d;6\xd7\xf8r\x13\xe8\xb0\
\x80\xf2\x04\x08\x10 @\x80\x00\x01\x02\x04\x08\x10 @\
\x80@\xfa\x02\x12\x12 \x90\xb3\x80\x01z\xce\xa7/;\
\x01\x02\x04\x08\xd4V\xe0\xb7\xbf\xfdm8\xf5\xd4Sk\
\xdb\xbf\xc6\x09\x10\xe8\x90\x80\xb2\x04\x08\x10 @\x80\x00\
\x01\x02\x04\x08\x10 @\x80@\xfa\x02\x12\x12 0$\
\x01\x03\xf4!\xf1y\x98\x00\x01\x02\x04\x08tN\xe0\xa2\
\x8b.\x0a\xf7\xdcsO\xe7\x1aP\x99\x00\x01\x02\x15\x0b\
(G\x80\x00\x01\x02\x04\x08\x10 @\x80\x00\x01\x02\x04\
\x08\xa4/ !\x81N\x0b\x18\xa0w\xfa\x04\xd4'@\
\x80\x00\x01\x02m\x0a\xf4\xf6\xf6\x86\xc3\x0e;,4\x1a\
\x8d6w\xf0\x18\x01\x02\x04\x08T(\xa0\x14\x01\x02\x04\
\x08\x10 @\x80\x00\x01\x02\x04\x08\x10 \x90\xbe\x80\x84\
\x09\x08\x18\xa0'p\x88\x22\x10 @\x80@\xbe\x02\x8f\
?\xfex\x98<yr\xbe\x00\x92\x13 @\x80@E\
\x02\xca\x10 @\x80\x00\x01\x02\x04\x08\x10 @\x80\x00\
\x01\x02\xe9\x0bH\xd8\x140@o*\xf8E\x80\x00\x01\
\x02\x04j,\xf0\xfd\xef\x7f?\xcc\x9f?\xbf\xc6\x09\xb4\
N\x80\x00\x01\x02\x04J\x16\xb0=\x01\x02\x04\x08\x10 \
@\x80\x00\x01\x02\x04\x08\x10 \x90\xbe@A\x09\x0d\xd0\
\x0b\x82\xb4\x0d\x01\x02\x04\x08\x10\xe8\xa4\xc0\xf1\xc7\x1f\x1f\
\xba\xbb\xbb;\xd9\x82\xda\x04\x08\x10 @\x80@I\x02\
\xb6%@\x80\x00\x01\x02\x04\x08\x10 @\x80\x00\x01\x02\
\x04\xaa\x13\xe8\xd4\x00\xbd\xba\x84*\x11 @\x80\x00\x81\
\x0c\x04\xd6\xad[\x17\xc6\x8d\x1b\x97AR\x11\x09\x10 \
@\x80\x00\x81\x9a\x09h\x97\x00\x01\x02\x04\x08\x10 @\
\x80\x00\x01\x02\x04\x08\xd4J\xc0\x00\xbd\xad\xe3\xf2\x10\x01\
\x02\x04\x08\x10\x88O\xe0\x81\x07\x1e\x08\xb3g\xcf\x8e\xaf\
1\x1d\x11 @\x80\x00\x01\x02\x04j+\xa0q\x02\x04\
\x08\x10 @\x80\x00\x01\x02\x04\x08\x10\xc8M\xc0\x00=\
\xb7\x13o\xe6\xf5\x8b\x00\x01\x02\x04\x92\x15\x985kV\
X\xb6lY\xb2\xf9\x04#@\x80\x00\x01\x02\x04\x08\x10\
hA\xc0R\x02\x04\x08\x10 @\x80\x00\x01\x02\x04\x08\
\x10hY\xc0\x00\xbde2\x0ftZ@}\x02\x04\x08\
\x10\xe8[\xa0\xd1h\x84\xf1\xe3\xc7\xf7\xbd\xc0\x1d\x02\x04\
\x08\x10 @\x80\x00\x01\x025\x11\xd0&\x01\x02\x04\x08\
\x10 @\x80\x00\x01\x02\x04:!`\x80\xde\x09u5\
s\x16\x90\x9d\x00\x01\x02\xa5\x0btww\x87i\xd3\xa6\
\x95^G\x01\x02\x04\x08\x10 @\x80\x00\x01\x02\x04\xfa\
\x14p\x83\x00\x01\x02\x04\x08\x10 @\x80\x00\x81\x9a\x0a\
\x18\xa0\xd7\xf4\xe0\xb4M\xa03\x02\xaa\x12 P\x17\x81\
+\xaf\xbc2,\x5c\xb8\xb0.\xed\xea\x93\x00\x01\x02\x04\
\x08\x10 @\x80\x00\x81\xa8\x044C\x80\x00\x01\x02\x04\
\x08\x10 @ _\x01\x03\xf4|\xcf^r\x02\xf9\x09\
HL 3\x81\xa9S\xa7\x86\x9e\x9e\x9e\xccR\x8bK\
\x80\x00\x01\x02\x04\x08\x10 @\x80@\xf6\x02\x00\x08\x10\
 @\x80\x00\x01\x02\x04\x08\x0cA\xc0\x00}\x08x\x1e\
%@\x80@\x95\x02j\x11hU\xe0\xc9'\x9f\x0c\xe3\
\xc6\x8dk\xf51\xeb\x09\x10 @\x80\x00\x01\x02\x04\x08\
\x10 @\xa0\x83\x02J\x13 @\x80\x00\x01\x02\x04\x08\
tV\xc0\x00\xbd\xb3\xfe\xaa\x13 @ \x17\x019;\
$p\xcf=\xf7\x84\x8b.\xba\xa8C\xd5\x95%@\x80\
\x00\x01\x02\x04\x08\x10 @\x80\x00\x81\xcc\x04\xc4%@\
\x80\x00\x01\x02\x04\x08\xd4^\xc0\x00\xbd\xf6G(\x00\x01\
\x02\x04\x08\x94/P\xef\x0a\xa7\x9dvZX\xb9re\
\xbdC\xe8\x9e\x00\x01\x02\x04\x08\x10 @\x80\x00\x01\x02\
\x04\x08\x94.\xa0\x00\x01\x02\x04\x08\x10 @ \x84a\
\x10\x08\x10 @\x80\x00\x81\xb4\x05\x9ey\xe6\x990z\
\xf4\xe8\xb4CJG\x80\x00\x01\x02\x04\x08\x10 @\x80\
\x00\x01\x02\x04r\x17\x90\x9f\x00\x01\x02\x04\x08\x10(D\
\xc0\x00\xbd\x10F\x9b\x10 @\x80\x00\x81\xb8\x05\x1e~\
\xf8\xe1\xf0\x8f\xff\xf8\x8fq7\xd9Gw.\x13 @\
\x80\x00\x01\x02\x04\x08\x10 @\x80\x00\x01\x02\xe9\x0bH\
H\x80\x00\x01\x02\x04b\x110@\x8f\xe5$\xf4A\x80\
\x00\x01\x02\x04J\x16\xf8\xeaW\xbf\x1a\x96,YRr\
\x15\xdbo$\xe0-\x01\x02\x04\x08\x10 @\x80\x00\x01\
\x02\x04\x08\x10 \x90\xbe\x80\x84\x04\x08\x10 \x90\x90\x80\
\x01zB\x87)\x0a\x01\x02\x04\x08\x10\xe8O\xa0\xb7\xb7\
7L\x9c814\x1a\x8d\xfe\x96\xb9G\xe0E\x02^\
\x12 @\x80\x00\x01\x02\x04\x08\x10 @\x80\x00\x01\x02\
\xe9\x0bHH\x80\x00\x01\x02/\x160@\x7f\xb1\x86\xd7\
\x04\x08\x10 @ q\x815k\xd6\x84I\x93&%\
\x9eR<\x02\xcf\x09\xf8F\x80\x00\x01\x02\x04\x08\x10 \
@\x80\x00\x01\x02\x04\x08\xa4/ !\x01\x02\x04\x0a\x16\
0@/\x18\xd4v\x04\x08\x10 @ v\x81\x9bo\
\xbe9\xcc\x9b7/\xf66\xf5G {\x01\x00\x04\x08\
\x10 @\x80\x00\x01\x02\x04\x08\x10 @\x80@\xfa\x02\
\x12\x12 \x10\x9f\x80\x01z|g\xa2#\x02\x04\x08\x10\
 P\xba\xc0\xf4\xe9\xd3Cwww\xe9u\x14 @\
 [\x01\xc1\x09\x10 @\x80\x00\x01\x02\x04\x08\x10 \
@\x80\x00\x81\xf4\x05$$\x90\xa4\x80\x01z\x92\xc7*\
\x14\x01\x02\x04\x08\x10\xe8_`\xdd\xbaua\xec\xd8\xb1\
\xfd/r\x97\x00\x01\x02\xd9\x0a\x08N\x80\x00\x01\x02\x04\
\x08\x10 @\x80\x00\x01\x02\x04\x08\xa4/ !\x81\xcd\
\x0b\x18\xa0o\xde\xc5U\x02\x04\x08\x10 \x90\xbc\xc0\x83\
\x0f>\x18\xce8\xe3\x8c\xe4s\x0aH\x80\x00\x81\xec\x04\
\x04&@\x80\x00\x01\x02\x04\x08\x10 @\x80\x00\x01\x02\
\x04\xd2\x17\x90\xb04\x01\x03\xf4\xd2hmL\x80\x00\x01\
\x02\x04\xe2\x17\xb8\xe0\x82\x0b\xc2\xb2e\xcb\xe2oT\x87\
\x04\x08\x10 \x90\x8d\x80\xa0\x04\x08\x10 @\x80\x00\x01\
\x02\x04\x08\x10 @\x80@\xfa\x021'4@\x8f\xf9\
t\xf4F\x80\x00\x01\x02\x04J\x16\xe8\xed\xed\x0d\xe3\xc7\
\x8f/\xb9\x8a\xed\x09\x10 @\x80@6\x02\x82\x12 \
@\x80\x00\x01\x02\x04\x08\x10 @\x80\x00\x01\x025\x17\
\x18\xc4\x00\xbd\xe6\x09\xb5O\x80\x00\x01\x02\x04\x08\xf4+\
\xd0\xdd\xdd\x1d\x8e:\xea\xa8~\xd7\xb8I\x80\x00\x01\x02\
\x04\x08\xe4  #\x01\x02\x04\x08\x10 @\x80\x00\x01\
\x02\x04\x08\x10 \x90\xfe\x00\xdd\x19\x13 @\x80\x00\x01\
\x02\x03\x0a,X\xb0 ,\x5c\xb8p\xc0u\x16\x10 \
@\x80\x00\x01\x02\x04\xa2\x15\xd0\x18\x01\x02\x04\x08\x10 \
@\x80\x00\x01\x02\x04\x08\x10(@\xc0\x00\xbd\x00\xc42\
\xb7\xb07\x01\x02\x04\x08\x10\xa8J`\xea\xd4\xa9\xa1\xa7\
\xa7\xa7\xaar\xea\x10 @\x80\x00\x01\x02\x04\x08\xbcH\
\xc0K\x02\x04\x08\x10 @\x80\x00\x01\x02\x04\x08\x10\x88\
C\xc0\x00=\x8esH\xb5\x0b\xb9\x08\x10 @\xa0F\
\x02O>\xf9d\x183fL\x8d:\xd6*\x01\x02\x04\
\x08\x10 @\x80@$\x02\xda @\x80\x00\x01\x02\x04\
\x08\x10 @\x80@2\x02\x06\xe8\xc9\x1c\xa5 \xc5\x0b\
\xd8\x91\x00\x01\x02\xf9\x09\xdc{\xef\xbda\xce\x9c9\xf9\
\x05\x97\x98\x00\x01\x02\x04\x08\x10 @ c\x01\xd1\x09\
\x10 @\x80\x00\x01\x02\x04\x08\x10 \xf0\x82\x80\x01\xfa\
\x0b\x16^\x11HK@\x1a\x02\x04\x08\xb4)0s\xe6\
\xcc\xb0r\xe5\xca6\x9f\xf6\x18\x01\x02\x04\x08\x10 @\
\x80\x00\x01\x02\x95\x0a(F\x80\x00\x01\x02\x04\x08\x10 \
@\x80@\xa1\x02\x06\xe8\x85r\xda\x8c\x00\x81\xa2\x04\xec\
C\x80@\xe7\x04\x1a\x8dF\x18=zt\xe7\x1aP\x99\
\x00\x01\x02\x04\x08\x10 @\x80\x00\x81l\x04\x04%@\
\x80\x00\x01\x02\x04\x08\x10 \x10\x9b\x80\x01zl'\xa2\
\x1f\x02\x04R\x10\x90\x81@\xed\x05\x1e~\xf8\xe10}\
\xfa\xf4\xda\xe7\x10\x80\x00\x01\x02\x04\x08\x10 @\x80\x00\
\x01\x02%\x0a\xd8\x9a\x00\x01\x02\x04\x08\x10 @ A\
\x01\x03\xf4\x04\x0fU$\x02\x04\x08\x0cM\xc0\xd3\x046\
\x08\xcc\x9d;7,Y\xb2d\xc3\x1b_\x09\x10 @\
\x80\x00\x01\x02\x04\x08\x10 @ 1\x01q\x08\x10 \
@\x80\x00\x01\x02\x046'`\x80\xbe9\x15\xd7\x08\x10\
 @\xa0\xbe\x02:/T`\xe2\xc4\x89\xa1\xf9\x91\xee\
\x85nj3\x02\x04\x08\x10 @\x80\x00\x01\x02\x04\x08\
\x10 0T\x01\xcf\x13 @\x80\x00\x01\x02\x04J\x12\
0@/\x09\xd6\xb6\x04\x08\x10 @\xa0\x1d\x81\xd8\x9e\
Y\xb3fM8\xf4\xd0CckK?\x04\x08\x10 \
@\x80\x00\x01\x02\x04\x08\x10 @\xa0\xd6\x02\x9a'@\
\x80\x00\x01\x02\x04\xe2\x150@\x8f\xf7ltF\x80\x00\
\x01\x02\x04\xa2\x10\xb8\xfd\xf6\xdb\xc3\xbcy\xf3\x06\xd3\x8b\
5\x04\x08\x10 @\x80\x00\x01\x02\x04\x08\x10 @\x80\
@\xfa\x02\x12\x12 @\x80\x00\x81\xa4\x05\x0c\xd0\x93>\
^\xe1\x08\x10 @\x80@1\x02\xd3\xa7O\x0f\xabW\
\xaf.f\xb3hw\xd1\x18\x01\x02\x04\x08\x10 @\x80\
\x00\x01\x02\x04\x08\x10 \x90\xbe\x80\x84\x04\x08\x10 @\
\xa0\x7f\x01\x03\xf4\xfe}\xdc%@\x80\x00\x01\x02\x04\x9e\
\x15X\xb7n]\x187n\xdc\xb3\xaf\xfc/Z\x01\x8d\
\x11 @\x80\x00\x01\x02\x04\x08\x10 @\x80\x00\x01\x02\
\xe9\x0bHH\x80\x00\x01\x02\xa5\x0b\x18\xa0\x97N\xac\x00\
\x01\x02\x04\x08\x10HC`\xf9\xf2\xe5\xe1\x8c3\xceH\
#\x8c\x14\xd1\x09h\x88\x00\x01\x02\x04\x08\x10 @\x80\
\x00\x01\x02\x04\x08\x10H_@B\x02\x04\x08\xd4A\xc0\
\x00\xbd\x0e\xa7\xa4G\x02\x04\x08\x10 \x10\x89\xc0\x05\x17\
\x5c\x10\x96.]\x1aI7\xda \x10\x8d\x80F\x08\x10\
 @\x80\x00\x01\x02\x04\x08\x10 @\x80\x00\x81\xf4\x05\
$$@ \x13\x01\x03\xf4L\x0eZL\x02\x04\x08\x10\
 P\x84@ooo\x980aB\x11[\xd9\x83\x00\
\x81h\x044B\x80\x00\x01\x02\x04\x08\x10 @\x80\x00\
\x01\x02\x04\x08\xa4/ !\x01\x02\x83\x150@\x1f\xac\
\x94u\x04\x08\x10 @\x80\xc0z\x81\xc7\x1e{,\xbc\
\xeb]\xefZ\xff\xda\x17\x02\x04\x08t\x5c@\x03\x04\x08\
\x10 @\x80\x00\x01\x02\x04\x08\x10 @\x80@\xfa\x02\
\x12\x12\xa8P\xc0\x00\xbdBl\xa5\x08\x10 @\x80@\
*\x02\xd7^{mX\xb8pa*q\xe4 @\x80\
@\xc7\x04\x14&@\x80\x00\x01\x02\x04\x08\x10 @\x80\
\x00\x01\x02\x04\xd2\x17\x90\xb0^\x02\x06\xe8\xf5:/\xdd\
\x12 @\x80\x00\x81h\x04\xa6N\x9d\x1azzz\xa2\
\xe9G#\x04\x08\x10 P\xb9\x80\x82\x04\x08\x10 @\
\x80\x00\x01\x02\x04\x08\x10 @\x80@\xfa\x02\xd9%4\
@\xcf\xee\xc8\x05&@\x80\x00\x01\x02\xc5\x08<\xf9\xe4\
\x1a\x12\xe7\xb7\x00\x00\x10\x00IDAT\x93a\xff\xfd\
\xf7/f3\xbb\x10 @\x80\x00\x81\xca\x05\x14$@\
\x80\x00\x01\x02\x04\x08\x10 @\x80\x00\x01\x02\x04\xd2\x17\
h=\xa1\x01z\xebf\x9e @\x80\x00\x01\x02\x04\x9e\
\x13\xf8\xf1\x8f\x7f\x1c\xe6\xcc\x99\xf3\xdc;\xdf\x08\x10 \
@\x80\x00\x81\xca\x04\x14\x22@\x80\x00\x01\x02\x04\x08\x10\
 @\x80\x00\x01\x02\x04J\x11\x88j\x80^JB\x9b\
\x12 @\x80\x00\x01\x02\xa5\x0a\xcc\x9c93\xacX\xb1\
\xa2\xd4\x1a6'@\x80\x00\x01\x02\x04\xd2\x12\x90\x86\x00\
\x01\x02\x04\x08\x10 @\x80\x00\x01\x02\x04\x08\xc4*`\
\x80^\xdc\xc9\xd8\x89\x00\x01\x02\x04\x08d)\xd0h4\
\xc2\x981c\xb2\xcc.4\x01\x02\x04\x08\x10 \x90\xa5\
\x80\xd0\x04\x08\x10 @\x80\x00\x01\x02\x04\x08\x10 \x90\
\xb0\x80\x01z\xc2\x87\xdbZ4\xab\x09\x10 @\x80@\
\xfb\x02\xabV\xad\x0a\x1f\xfc\xe0\x07\xdb\xdf\xc0\x93\x04\x08\
\x10 @\x80\x00\x01\x02\x15\x09(C\x80\x00\x01\x02\x04\
\x08\x10 @\x80\x00\x01\x02\xfd\x09\x18\xa0\xf7\xa7\xe3^\
}\x04tJ\x80\x00\x01\x02\x1d\x17\xb8\xfc\xf2\xcb\xc3\xe2\
\xc5\x8b;\xde\x87\x06\x08\x10 @\x80\x00\x01\x02\x04\x12\
\x16\x10\x8d\x00\x01\x02\x04\x08\x10 @\x80\x00\x01\x02%\
\x0b\x18\xa0\x97\x0cl{\x02\x83\x11\xb0\x86\x00\x01\x02\xa9\
\x08L\x9e<94?\xd2=\x95<r\x10 @\x80\
\x00\x01\x02\x04\x08\x10(R\xc0^\x04\x08\x10 @\x80\
\x00\x01\x02\x04\x08\xc4/`\x80\x1e\xff\x19\xe9\x90@\xec\
\x02\xfa#@\x80\xc0\xf3\x02k\xd7\xae\x0d\x13&Lx\
\xfe\xbd\x17\x04\x08\x10 @\x80\x00\x01\x02\x04\x08$#\
 \x08\x01\x02\x04\x08\x10 @\x80\x00\x81,\x04\x0c\xd0\
\xb38f!\x09\x10\xe8[\xc0\x1d\x02\x04\x8a\x16h~\
\x8c\xfb\xbcy\xf3\x8a\xde\xd6~\x04\x08\x10 @\x80\x00\
\x01\x02\x04\x08\x10\x18\x82\x80G\x09\x10 @\x80\x00\x01\
\x02\x04\x08\x0cN\xc0\x00}pNV\x11 @ N\
\x01]\x11\x88T`\xfa\xf4\xe9a\xf5\xea\xd5\x91v\xa7\
-\x02\x04\x08\x10 @\x80\x00\x01\x02\x04\x08\xd4L@\
\xbb\x04\x08\x10 @\x80\x00\x01\x02\x95\x09\x18\xa0WF\
\xad\x10\x01\x02\x04\x08l,\xe0}\xba\x02\xeb\xd6\xad\x0b\
\x07\x1dtP\xba\x01%#@\x80\x00\x01\x02\x04\x08\x10\
 @\x80\x00\x81A\x0bXH\x80\x00\x01\x02\x04\x08\x10\
\xa8\x93\x80\x01z\x9dNK\xaf\x04\x08\x10 \x10\x93\x80\
^\x06\x10\xf8\xd5\xaf~\x15N?\xfd\xf4\x01V\xb9M\
\x80\x00\x01\x02\x04\x08\x10 @\x80\x00\x01\x02\x04\xa2\x16\
\xd0\x1c\x01\x02\x04\x08\x10 \x90\x99\x80\x01zf\x07.\
.\x01\x02\x04\x08\x10\xd8 P\xcd\xd79s\xe6\x84\xa5\
K\x97VSL\x15\x02\x04\x08\x10 @\x80\x00\x01\x02\
\x04\x08\x10 @`#\x01o\x09\x10 @\x80\x00\x81\
V\x05\x0c\xd0[\x15\xb3\x9e\x00\x01\x02\x04\x08\x10\x18\xb4\
@ooo\x980aBh4\x1a\x83~fP\x0b\
-\x22@\x80\x00\x01\x02\x04\x08\x10 @\x80\x00\x01\x02\
\x04\xd2\x17\x90\x90\x00\x01\x02\x04\x08t@\xc0\x00\xbd\x03\
\xe8J\x12 @\x80\x00\x81\x9c\x04\x1e{\xec\xb1\xf0\x8e\
w\xbc#\xa7\xc8\x03f\xb5\x80\x00\x01\x02\x04\x08\x10 \
@\x80\x00\x01\x02\x04\x08\x10H_@B\x02\x04\x08\x10\
\xa8\xa7\x80\x01z=\xcfM\xd7\x04\x08\x10 @\xa0V\
\x02\xdf\xfb\xde\xf7\xc2\x82\x05\x0bj\xd5\xb3f\xfb\x14p\
\x83\x00\x01\x02\x04\x08\x10 @\x80\x00\x01\x02\x04\x08\x10\
H_@B\x02\x04\x08d+`\x80\x9e\xed\xd1\x0bN\
\x80\x00\x01\x02\x04\xaa\x15\x986mZ\xe8\xe9\xe9\xa9\xb6\
\xa8j\x046\x11p\x81\x00\x01\x02\x04\x08\x10 @\x80\
\x00\x01\x02\x04\x08\x10H_@B\x02\x04\x08\xb4/`\
\x80\xde\xbe\x9d'\x09\x10 @\x80\x00\x81\x16\x04\x9ez\
\xea\xa9\xf0\xd6\xb7\xbe\xb5\x85',%@`\x13\x01\x17\
\x08\x10 @\x80\x00\x01\x02\x04\x08\x10 @\x80\x00\x81\
\xf4\x05$$@\xa0\xa3\x02\x06\xe8\x1d\xe5W\x9c\x00\x01\
\x02\x04\x08\xe4%\xb0t\xe9\xd20{\xf6\xec\xbcBK\
K\x80\xc0\xf3\x02^\x10 @\x80\x00\x01\x02\x04\x08\x10\
 @\x80\x00\x01\x02\xe9\x0bHH\xa0\xee\x02\x06\xe8u\
?A\xfd\x13 @\x80\x00\x81\x9a\x09\xcc\x9a5+\xac\
X\xb1\xa2f]k\x97\x00\x01\x02\x01\x01\x01\x02\x04\x08\
\x10 @\x80\x00\x01\x02\x04\x08\x10 \x90\xbe\x80\x84\x04\
\x82\x01\xba\xdf\x04\x04\x08\x10 @\x80@\xa5\x02\x8dF\
#\x8c\x1e=\xba\xd2\x9a\x8a\x11 @\x80\x00\x01\x02\x04\
\x08\x10 @\x80\x00\x01\x02\x04\x08\x10 @ }\x01\
\x09\x8b\x100@/B\xd1\x1e\x04\x08\x10 @\x80@\
K\x02\xbf\xff\xfd\xef\xc3\xb1\xc7\x1e\xdb\xd23\x16\x13 \
@\x80@\xc6\x02\xa2\x13 @\x80\x00\x01\x02\x04\x08\x10\
 @\x80\x00\x01\x02\xe9\x0bD\x92\xd0\x00=\x92\x83\xd0\
\x06\x01\x02\x04\x08\x10\xc8M\xe0\x1b\xdf\xf8FX\xbcx\
qn\xb1\xe5%@\x80\x00\x81\x0c\x05D&@\x80\x00\
\x01\x02\x04\x08\x10 @\x80\x00\x01\x02\x04\xea#\xd0\xee\
\x00\xbd>\x09uJ\x80\x00\x01\x02\x04\x08D+0y\
\xf2\xe4\xd0\xd3\xd3\x13m\x7f\x1a#@\x80\x00\x01\x02\x04\
\x02\x02\x02\x04\x08\x10 @\x80\x00\x01\x02\x04\x08\x10 \
\x90\x95@\xa6\x03\xf4\xac\xceXX\x02\x04\x08\x10 \x10\
\xad\xc0\xda\xb5k\xc3\xc1\x07\x1f\x1cm\x7f\x1a#@\x80\
\x00\x01\x02\x04\xea.\xa0\x7f\x02\x04\x08\x10 @\x80\x00\
\x01\x02\x04\x08\x10 \xd0\x9a\x80\x01zk^q\xac\xd6\
\x05\x01\x02\x04\x08\x10HH\xe0\xee\xbb\xef\x0es\xe7\xce\
M(\x91(\x04\x08\x10 @\x80\x00\x81\x82\x04lC\
\x80\x00\x01\x02\x04\x08\x10 @\x80\x00\x01\x02\x95\x0b\x18\
\xa0WN\xae \x01\x02\x04\x08\x10 \xb0\xb1\xc0\x8c\x19\
3\xc2\xea\xd5\xab7\xbe\xec=\x01\x02\x04\x08\x10 @\
\x80@\x8d\x05\xb4N\x80\x00\x01\x02\x04\x08\x10 @\x80\
\x00\x81:\x0a\x18\xa0\xd7\xf1\xd4\xf4\xdcI\x01\xb5\x09\x10\
 @\xa0\x04\x81\xa7\x9f~:\x1cx\xe0\x81%\xecl\
K\x02\x04\x08\x10 @\x80\x00\x01\x02m\x09x\x88\x00\
\x01\x02\x04\x08\x10 @\x80\x00\x81L\x05\x0c\xd03=\
x\xb1s\x15\x90\x9b\x00\x01\x02\xf1\x0a\xfc\xfa\xd7\xbf\x0e\
\xa7\x9ezj\xbc\x0d\xea\x8c\x00\x01\x02\x04\x08\x10 @\
\x80@m\x044J\x80\x00\x01\x02\x04\x08\x10 @\x80\
@\xbb\x02\x06\xe8\xed\xcay\x8e\x00\x81\xea\x05T$@\
 y\x81\x8b.\xba(,]\xba4\xf9\x9c\x02\x12 \
@\x80\x00\x01\x02\x04\x08\x10 \xd0\x8f\x80[\x04\x08\x10\
 @\x80\x00\x01\x02\x04:(`\x80\xdeA|\xa5\x09\
\x10\xc8K@Z\x02\x04\x06\x16\xe8\xed\xed\x0d\x13&L\
\x08\x8dFc\xe0\xc5V\x10 @\x80\x00\x01\x02\x04\x08\
\x10 @ B\x01-\x11 @\x80\x00\x01\x02\x04\x08\
\xd4[\xc0\x00\xbd\xde\xe7\xa7{\x02\x04\x08T%\xa0\x0e\
\x81\xca\x04\x1e{\xec\xb1p\xf8\xe1\x87WVO!\x02\
\x04\x08\x10 @\x80\x00\x01\x02\x04\x08\x10x^\xc0\x0b\
\x02\x04\x08\x10 @\x80@\xf6\x02\x06\xe8\xd9\xff\x16\x00\
@\x80\x00\x81\x1c\x04d\xac\x9b\xc0\x8d7\xde\x18\x16,\
XP\xb7\xb6\xf5K\x80\x00\x01\x02\x04\x08\x10 @\x80\
\x00\x01\x02\x1d\x15P\x9c\x00\x01\x02\x04\x08\x10 0t\
\x01\x03\xf4\xa1\x1b\xda\x81\x00\x01\x02\x04\x08\x94+\x90\xe9\
\xee\xd3\xa6M\x0b\xdd\xdd\xdd\x99\xa6\x17\x9b\x00\x01\x02\x04\
\x08\x10 @\x80\x00\x01\x02\x04\xb2\x13\x10\x98\x00\x01\x02\
\x04\x08\x10\x88B\xc0\x00=\x8ac\xd0\x04\x01\x02\x04\x08\
\x10HW\xa0\xdddO=\xf5T\x187n\x5c\xbb\x8f\
{\x8e\x00\x01\x02\x04\x08\x10 @\x80\x00\x01\x02\x04\x08\
\x10\xa8P@)\x02\x04\x08\x10 \x90\x8a\x80\x01z*\
')\x07\x01\x02\x04\x08\x10HP\xe0\x81\x07\x1e\x08\xb3\
g\xcf\xeed2\xb5\x09\x10 @\x80\x00\x01\x02\x04\x08\
\x10 @\x80\x00\x81\xf4\x05$$@\x80\x00\x01\x02\xcf\
\x0b\x18\xa0?O\xe1\x05\x01\x02\x04\x08\x10 \x10\xa3\xc0\
\xacY\xb3\xc2/\x7f\xf9\xcb\x18[\xabAOZ$@\
\x80\x00\x01\x02\x04\x08\x10 @\x80\x00\x01\x02\x04\xd2\x17\
\x90\x90\x00\x01\x02\x04\x8a\x140@/R\xd3^\x04\x08\
\x10 @\x80@\xe1\x02\x8dF#\x8c\x193\xa6\xf0}\
mX\x03\x01-\x12 @\x80\x00\x01\x02\x04\x08\x10 \
@\x80\x00\x01\x02\xe9\x0bHH\x80\x00\x81\xc8\x04\x0c\xd0\
#;\x10\xed\x10 @\x80\x00\x01\x02\x9b\x0a<\xf2\xc8\
#\xe1\x98c\x8e\xd9\xf4\x86+\x04\x22\x16\xd0\x1a\x01\x02\
\x04\x08\x10 @\x80\x00\x01\x02\x04\x08\x10 \x90\xbe\x80\
\x84\x04\x08\xa4'`\x80\x9e\xde\x99JD\x80\x00\x01\x02\
\x04\x92\x14\xf8\xe67\xbf\x19\x16/^\x9cd6\xa1\x08\
D(\xa0%\x02\x04\x08\x10 @\x80\x00\x01\x02\x04\x08\
\x10 @ }\x01\x09\x09\x10\xd8\x8c\x80\x01\xfafP\
\x5c\x22@\x80\x00\x01\x02\x04\xe2\x14\x98<yr\xe8\xe9\
\xe9\x89\xb39]\x11 \x10\x91\x80V\x08\x10 @\x80\
\x00\x01\x02\x04\x08\x10 @\x80\x00\x81\xf4\x05$$P\
\x8e\x80\x01z9\xaev%@\x80\x00\x01\x02\x04J\x10\
X\xbbvm\x187n\x5c\x09;\xdb\x92\x00\x01\x02\x11\
\x09h\x85\x00\x01\x02\x04\x08\x10 @\x80\x00\x01\x02\x04\
\x08\x10H_@\xc2h\x05\x0c\xd0\xa3=\x1a\x8d\x11 \
@\x80\x00\x01\x02\x9b\x13\xb8\xe7\x9e{\xc2\xdc\xb9s7\
w\xcb5\x02\x04\x08\x10\x88@@\x0b\x04\x08\x10 @\
\x80\x00\x01\x02\x04\x08\x10 @\x80@\xfa\x02)'4\
@O\xf9te#@\x80\x00\x01\x02\x89\x0a\xcc\x981\
#\xac\x5c\xb92\xd1tb\x11 @\x80@\x07\x05\x94\
&@\x80\x00\x01\x02\x04\x08\x10 @\x80\x00\x01\x02\x04\
\xd2\x17\xe87\xa1\x01z\xbf<n\x12 @\x80\x00\x01\
\x021\x0a<\xfd\xf4\xd3a\xec\xd8\xb11\xb6\xa6'\x02\
\x04\x08\x10 \xd0A\x01\xa5\x09\x10 @\x80\x00\x01\x02\
\x04\x08\x10 @\x80\x00\x81\xa1\x0a\xc4?@\x1fjB\
\xcf\x13 @\x80\x00\x01\x02I\x0a\xfc\xf6\xb7\xbf\x0d\xa7\
\x9ezj\x92\xd9\x84\x22@\x80\x00\x01\x02Y\x0a\x08M\
\x80\x00\x01\x02\x04\x08\x10 @\x80\x00\x01\x02\x04\x22\x10\
0@/\xf9\x10lO\x80\x00\x01\x02\x04\x08\x94'p\
\xd1E\x17\x85\xfb\xef\xbf\xbf\xbc\x02v&@\x80\x00\x01\
\x02\x04\x08\x0cR\xc02\x02\x04\x08\x10 @\x80\x00\x01\
\x02\x04\x08\x10HC\xc0\x00=\x8ds,+\x85}\x09\
\x10 @\x80@\xd4\x02\xbd\xbd\xbd\xe1\x90C\x0e\x09\x8d\
F#\xea>5G\x80\x00\x01\x02\x04\x08\x10\x88\x5c@\
{\x04\x08\x10 @\x80\x00\x01\x02\x04\x08\x10 \xf0\x9c\
\x80\x01\xfas\x10\xbe\xa5( \x13\x01\x02\x04\x08\xe4 \
\xf0\xc7?\xfe1\xfc\xed\xdf\xfem\x0eQe$@\x80\
\x00\x01\x02\x04\x08\x10\xd8\xac\x80\x8b\x04\x08\x10 @\x80\
\x00\x01\x02\x04\x08\x10(N\xc0\x00\xbd8K;\x11(\
V\xc0n\x04\x08\x10 0h\x81\x9bn\xba)\x5cu\
\xd5U\x83^o!\x01\x02\x04\x08\x10 @\x80\x00\x81\
h\x044B\x80\x00\x01\x02\x04\x08\x10 @\x80@T\
\x02\x06\xe8Q\x1d\x87f\x08\xa4# \x09\x01\x02\x04\xaa\
\x168\xf6\xd8cCwww\xd5e\xd5#@\x80\x00\
\x01\x02\x04\x08\x10 \x90\xb5\x80\xf0\x04\x08\x10 @\x80\
\x00\x01\x02\x04R\x130@O\xedD\xe5!@\xa0\x08\
\x01{\x10 PC\x81\x9e\x9e\x9e0v\xec\xd8\x1av\
\xaee\x02\x04\x08\x10 @\x80\x00\x01\x02\x04:$\xa0\
,\x01\x02\x04\x08\x10 @\x80\x00\x81M\x04\x0c\xd07\
!q\x81\x00\x01\x02u\x17\xd0?\x81|\x05\x1e|\xf0\
\xc10{\xf6\xec|\x01$'@\x80\x00\x01\x02\x04\x08\
\x10 @ #\x01Q\x09\x10 @\x80\x00\x01\x02\x04\
\xca\x100@/C\xd5\x9e\x04\x08\x10 \xd0\xbe\x80'\
\x09\x0cQ`\xd6\xacYa\xd9\xb2eC\xdc\xc5\xe3\x04\
\x08\x10 @\x80\x00\x01\x02\x04\x08\x10 P\xaa\x80\xcd\
\x09\x10 @\x80\x00\x01\x02\x91\x0a\x18\xa0Gz0\xda\
\x22@\x80\x00\x81z\x0a\xe8\xba\xf3\x02\x8dF#\x8c\x1f\
?\xbe\xf3\x8d\xe8\x80\x00\x01\x02\x04\x08\x10 @\x80\x00\
\x01\x02\x04\x92\x15\x10\x8c\x00\x01\x02\x04\x08\x10HW\xc0\
\x00=\xdd\xb3\x95\x8c\x00\x01\x02\x04\x08\xb4*\x90\xcc\xfa\
\xee\xee\xee\xf0\xde\xf7\xbe7\x99<\x82\x10 @\x80\x00\
\x01\x02\x04\x08\x10 @\x80\x00\x81\x02\x05lE\x80\x00\
\x01\x02\x04\x08\xf4#`\x80\xde\x0f\x8e[\x04\x08\x10 \
@\x80@\x9d\x04^\xda\xeb\xb7\xbe\xf5\xad\xb0p\xe1\xc2\
\x97^\xf4\x8e\x00\x01\x02\x04\x08\x10 @\x80\x00\x01\x02\
\x04\x08\x10\xa8\xb9\x80\xf6\x09\x10 @\x80@\xb9\x02\x06\
\xe8\xe5\xfa\xda\x9d\x00\x01\x02\x04\x08\x10\xe8\xa0\xc0\xd4\xa9\
SCOOO\x07;h\xa1\xb4\xa5\x04\x08\x10 @\
\x80\x00\x01\x02\x04\x08\x10 @\x80@\xfa\x02\x12\x12 \
@\x80@\xf4\x02\x06\xe8\xd1\x1f\x91\x06\x09\x10 @\x80\
\x00\x81v\x05\x9e|\xf2\xc90v\xec\xd8v\x1f\xf7\x5c\
\x0b\x02\x96\x12 @\x80\x00\x01\x02\x04\x08\x10 @\x80\
\x00\x01\x02\xe9\x0bHH\x80\x00\x81\x1c\x04\x0c\xd0s8\
e\x19\x09\x10 @\x80@\xc6\x02?\xfc\xe1\x0f\xc3\xa5\
\x97^\x9a\xb1\x80\xe8\x83\x10\xb0\x84\x00\x01\x02\x04\x08\x10\
 @\x80\x00\x01\x02\x04\x08\x10H_@B\x02\x04\x08\
\x0cJ\xc0\x00}PL\x16\x11 @\x80\x00\x01\x02u\
\x168\xe9\xa4\x93\xc2\xca\x95+\xeb\x1cA\xef\x04\xfa\x11\
p\x8b\x00\x01\x02\x04\x08\x10 @\x80\x00\x01\x02\x04\x08\
\x10H_@B\x02\x04\xaa\x120@\xafJZ\x1d\x02\
\x04\x08\x10 @\xa0c\x02\xcf<\xf3L\x18=zt\
\xc7\xea+L\x80@?\x02n\x11 @\x80\x00\x01\x02\
\x04\x08\x10 @\x80\x00\x01\x02\xe9\x0bHH\xa0F\x02\
\x06\xe85:,\xad\x12 @\x80\x00\x01\x02\xed\x0b<\
\xfc\xf0\xc3\xe1#\x1f\xf9H\xfb\x1bx\x92\x00\x01\x02\x9b\
\x11p\x89\x00\x01\x02\x04\x08\x10 @\x80\x00\x01\x02\x04\
\x08\x10H_@\xc2\xbc\x04\x0c\xd0\xf3:oi\x09\x10\
 @\x80@\xd6\x02\x97^ziX\xb2dI\xd6\x06\
\xc2\x13 @\xe0E\x02^\x12 @\x80\x00\x01\x02\x04\
\x08\x10 @\x80\x00\x01\x02\xe9\x0bH\xd8\xa2\x80\x01z\
\x8b`\x96\x13 @\x80\x00\x01\x02\xf5\x15\xe8\xed\xed\x0d\
\x13'N\x0c\x8dF\xa3\xbe!tN\x80\x00\x01\x02\xcf\
\x09\xf8F\x80\x00\x01\x02\x04\x08\x10 @\x80\x00\x01\x02\
\x04\x08\xa4/P}B\x03\xf4\xea\xcdU$@\x80\x00\
\x01\x02\x04:(\xb0f\xcd\x9a0i\xd2\xa4\x0ev\xa0\
4\x01\x02\x04\x08\x10\x08!@ @\x80\x00\x01\x02\x04\
\x08\x10 @\x80\x00\x01\x02\x04\xa2\x14(t\x80\x1ee\
BM\x11 @\x80\x00\x01\x02\x046\x12\xb8\xf9\xe6\x9b\
\xc3\xbcy\xf36\xba\xea-\x01\x02\x04\x08\x10 0X\
\x01\xeb\x08\x10 @\x80\x00\x01\x02\x04\x08\x10 @\x80\
@\xaa\x02\x06\xe8/\x9c\xacW\x04\x08\x10 @\x80@\
F\x02\xd3\xa7O\x0f\xabW\xaf\xce(\xb1\xa8\x04\x08\x10\
 @\x80\xc0s\x02\xbe\x11 @\x80\x00\x01\x02\x04\x08\
\x10 @\x80\x00\x81>\x05\x0c\xd0\xfb\xa4\xa9\xdb\x0d\xfd\
\x12 @\x80\x00\x01\x02\xad\x08\xac[\xb7.\x8c\x1f?\
\xbe\x95G\xac%@\x80\x00\x01\x02\x04\x08D \xa0\x05\
\x02\x04\x08\x10 @\x80\x00\x01\x02\x04\x08\x10(S\xc0\
\x00\xbdL]{\x0f^\xc0J\x02\x04\x08\x10 \xd0\x01\
\x81\x9f\xff\xfc\xe7\xe1\xdcs\xcf\xed@e%\x09\x10 \
@\x80\x00\x01\x02\x99\x0a\x88M\x80\x00\x01\x02\x04\x08\x10\
 @\x80\x00\x81\xc8\x05\x0c\xd0#? \xed\xd5C@\
\x97\x04\x08\x10 P_\x81s\xce9',[\xb6\xac\
\xbe\x01tN\x80\x00\x01\x02\x04\x08\x10 P\x99\x80B\
\x04\x08\x10 @\x80\x00\x01\x02\x04\x08\xa4/`\x80\x9e\
\xfe\x19KH` \x01\xf7\x09\x10 \x90\xb5@\xa3\xd1\
\xf0Q\xeeY\xff\x0e\x10\x9e\x00\x01\x02\x04\x08\x10 \x90\
\x8d\x80\xa0\x04\x08\x10 @\x80\x00\x01\x02\x04\x08\x0cB\
\xc0\x00}\x10H\x96\x10 \x10\xb3\x80\xde\x08\x10 0\
t\x81\xee\xee\xee\xf0\xeew\xbf{\xe8\x1b\xd9\x81\x00\x01\
\x02\x04\x08\x10 @\x80\x00\x81\x92\x04lK\x80\x00\x01\
\x02\x04\x08\x10 @\xa0\x1a\x01\x03\xf4j\x9cU!@\
\x80\xc0\xe6\x05\x5c%@ \x1a\x81\xab\xae\xba*,\x5c\
\xb80\x9a~4B\x80\x00\x01\x02\x04\x08\x10 @\x80\
@B\x02\xa2\x10 @\x80\x00\x01\x02\x04\x08\xd4F\xc0\
\x00\xbd6G\xa5Q\x02\x04\x08\xc4'\xa0#\x02\xa9\x09\
L\x9d:5\xf4\xf4\xf4\xa4\x16K\x1e\x02\x04\x08\x10 \
@\x80\x00\x01\x02\x04\x08\x0cI\xc0\xc3\x04\x08\x10 @\
\x80\x00\x81\x9c\x04\x0c\xd0s:mY\x09\x10 @\xe0\
\xc5\x02^\x13\xd8D\xe0\xc9'\x9f\x0cc\xff\x96\xa9I\
\x00\x00\x10\x00IDAT\xc6\x8c\xd9\xe4\xba\x0b\x04\x08\
\x10 @\x80\x00\x01\x02\x04\x08\x10 P[\x01\x8d\x13\
 @\x80\x00\x01\x02\x04Z\x120@o\x89\xcbb\x02\
\x04\x08\x10 \x10\x8b\x80>\xca\x12\xb8\xf7\xde{\xc3\x9c\
9s\xca\xda\xde\xbe\x04\x08\x10 @\x80\x00\x01\x02\x04\
\x08\x10 @\xa0\x05\x01K\x09\x10 @\x80\x00\x81\xaa\
\x05\x0c\xd0\xab\x16W\x8f\x00\x01\x02\x04\x08\x10\x08!r\
\x83\x993g\x86\x15+VD\xde\xa5\xf6\x08\x10 @\
\x80\x00\x01\x02\x04\x08\x10 @\x80@\xe4\x02\xda#@\
\x80\x00\x01\x025\x140@\xaf\xe1\xa1i\x99\x00\x01\x02\
\x04\x08\x10(W\xa0\xd1h\xf4\xfbQ\xee\xe5V\xb7;\
\x01\x02\x04\x08\x10 @\x80\x00\x01\x02\x04\x08\x10 \x10\
\x83\x80\x1e\x08\x10 @ O\x01\x03\xf4<\xcf]j\
\x02\x04\x08\x10 @`\x00\x81U\xabV\x85\x193f\
\x0c\xb0\xaa\x96\xb75M\x80\x00\x01\x02\x04\x08\x10 @\
\x80\x00\x01\x02\x04\x08\xa4/ !\x01\x02\x04\x08\xb4)\
`\x80\xde&\x9c\xc7\x08\x10 @\x80\x00\x81\xf4\x05\xbe\
\xf2\x95\xaf\x84%K\x96\xa4\x1f\xb4V\x095K\x80\x00\
\x01\x02\x04\x08\x10 @\x80\x00\x01\x02\x04\x08\xa4/ \
!\x01\x02\x04:'`\x80\xde9{\x95\x09\x10 @\
\x80\x00\x81\xc8\x05z{{\xc3\xc4\x89\x13C\xf3#\xdd\
#oU{u\x11\xd0'\x01\x02\x04\x08\x10 @\x80\
\x00\x01\x02\x04\x08\x10 \x90\xbe\x80\x84\x04\x08\xd4Z\xc0\
\x00\xbd\xd6\xc7\xa7y\x02\x04\x08\x10 @\xa0l\x815\
k\xd6\x84\xc3\x0e;\xac\xec2\xf6'P\x0b\x01M\x12\
 @\x80\x00\x01\x02\x04\x08\x10 @\x80\x00\x01\x02\xe9\
\x0bHH w\x01\x03\xf4\xdc\x7f\x07\xc8O\x80\x00\x01\
\x02\x04\x08\x0c(p\xcb-\xb7\x84y\xf3\xe6\x0d\xb8\xce\
\x02\x02\x04\xa2\x16\xd0\x1c\x01\x02\x04\x08\x10 @\x80\x00\
\x01\x02\x04\x08\x10 \x90\xbe\x80\x84\x04\x86,`\x80>\
dB\x1b\x10 @\x80\x00\x01\x029\x08L\x9f>=\
\xac^\xbd:\x87\xa82\x12 \x10\xa5\x80\xa6\x08\x10 \
@\x80\x00\x01\x02\x04\x08\x10 @\x80\x00\x81\xf4\x05$\
\x8cA\xc0\x00=\x86S\xd0\x03\x01\x02\x04\x08\x10 \x10\
\xbd\xc0\xbau\xeb\xc2\xb8q\xe3\xa2\xefS\x83\x04\x08\x10\
\x88R@S\x04\x08\x10 @\x80\x00\x01\x02\x04\x08\x10\
 @\x80@\xfa\x02\x89$4@O\xe4 \xc5 @\
\x80\x00\x01\x02\x04\xca\x17X\xbe|y8\xe3\x8c3\xca\
/\xa4\x02\x01\x02\x04\x08D%\xa0\x19\x02\x04\x08\x10 \
@\x80\x00\x01\x02\x04\x08\x10 @ }\x81?'4\
@\xff\xb3\x84\xef\x04\x08\x10 @\x80\x00\x81A\x08\x5c\
p\xc1\x05a\xe9\xd2\xa5\x83Xi\x09\x01\x02\x04\x08\x10\
\x88B@\x13\x04\x08\x10 @\x80\x00\x01\x02\x04\x08\x10\
 @\x80@\x0b\x025\x1d\xa0\xb7\x90\xd0R\x02\x04\x08\
\x10 @\x80@\x81\x02\xbd\xbd\xbda\xc2\x84\x09\x05\xee\
h+\x02\x04\x08\x10 @\xa0o\x01w\x08\x10 @\
\x80\x00\x01\x02\x04\x08\x10 @\x80@\xb5\x02\x06\xe8\xd5\
zo\xa8\xe6+\x01\x02\x04\x08\x10 Pk\x81\xc7\x1e\
{,\x1c}\xf4\xd1\xb5\xce\xa0y\x02\x04\x08\x10 @\
\xa0\x02\x01%\x08\x10 @\x80\x00\x01\x02\x04\x08\x10 \
@\xa0v\x02\x06\xe8\xb5;\xb2\xce7\xac\x03\x02\x04\x08\
\x10 @ \x84o\x7f\xfb\xdba\xc1\x82\x05(\x08\x10\
 @\x80\x00\x01\x02\xc9\x0a\x08F\x80\x00\x01\x02\x04\x08\
\x10 @\x80\x00\x81\x1c\x05\x0c\xd0s<\xf5\xbc3K\
O\x80\x00\x01\x02\x04\x0a\x13\x986mZ\xe8\xe9\xe9)\
l?\x1b\x11 @\x80\x00\x01\x02\x04\x08\x14&`#\
\x02\x04\x08\x10 @\x80\x00\x01\x02\x04\x08\xb4%`\x80\
\xde\x16\x9b\x87\x08tJ@]\x02\x04\x08\x10\x88I\xe0\
\xa9\xa7\x9e\x0a\x07\x1dtPL-\xe9\x85\x00\x01\x02\x04\
\x08\x10 @ \x09\x01!\x08\x10 @\x80\x00\x01\x02\
\x04\x08\x10\xe8\x94\x80\x01z\xa7\xe4\xd5%\x90\xa3\x80\xcc\
\x04\x08\x10HP\xe0G?\xfaQ\x983gN\x82\xc9\
D\x22@\x80\x00\x01\x02\x04\x08\x10 \xd0\xa6\x80\xc7\x08\
\x10 @\x80\x00\x01\x02\x04\x08\xd4X\xc0\x00\xbd\xc6\x87\
\xa7u\x02\x04\xaa\x15P\x8d\x00\x01\x02}\x09\xcc\x9c9\
3\xacX\xb1\xa2\xaf\xdb\xae\x13 @\x80\x00\x01\x02\x04\
\x08\x10 P#\x01\xad\x12 @\x80\x00\x01\x02\x04\x08\
\xe4-`\x80\x9e\xf7\xf9KO\x80@>\x02\x92\x12 \
P\xa2@\xa3\xd1\x08c\xc6\x8c)\xb1\x82\xad\x09\x10 \
@\x80\x00\x01\x02\x04\x08\x10 0(\x01\x8b\x08\x10 \
@\x80\x00\x01\x02\x04\x86(`\x80>D@\x8f\x13 \
@\x80@\x15\x02j\x10\x88_`\xd5\xaaU\xe1\x03\x1f\
\xf8@\xfc\x8d\xea\x90\x00\x01\x02\x04\x08\x10 @\x80\x00\
\x01\x02\xd1\x0ah\x8c\x00\x01\x02\x04\x08\x10 \xd0y\x01\
\x03\xf4\xce\x9f\x81\x0e\x08\x10 @ u\x01\xf9\xb2\x11\
\xb8\xe2\x8a+\xc2\xe2\xc5\x8b\xb3\xc9+(\x01\x02\x04\x08\
\x10 @\x80\x00\x01\x02\x04\x08\xbcH\xc0K\x02\x04\x08\
\x10 @ \x09\x01\x03\xf4$\x8eQ\x08\x02\x04\x08\x10\
 P\x9e\x80\x9d[\x13\x98<yrh~\xa4{k\
OYM\x80\x00\x01\x02\x04\x08\x10 @\x80\x00\x01\x02\
\x04:+\xa0:\x01\x02\x04\x08\x10 \xb0A\xc0\x00}\
\x83\x83\xaf\x04\x08\x10 @\x80@\x9a\x02\x95\xa7Z\xbb\
vm\x980aB\xe5u\x15$@\x80\x00\x01\x02\x04\
\x08\x10 @\x80\x00\x01\x02\x19\x0b\x88N\x80\x00\x01\x02\
\x04\x0a\x130@/\x8c\xd2F\x04\x08\x10 @\x80\x00\
\x81\x0d\x02\xcd\x8fq\x9f;w\xee\x867C\xfa\xeaa\
\x02\x04\x08\x10 @\x80\x00\x01\x02\x04\x08\x10 @ \
}\x01\x09\x09\x10 @ &\x01\x03\xf4\x98NC/\
\x04\x08\x10 @\x80@2\x023f\xcc\x08\xabW\xaf\
N&O[A<D\x80\x00\x01\x02\x04\x08\x10 @\
\x80\x00\x01\x02\x04\x08\xa4/ !\x01\x02\x04\x12\x130\
@O\xec@\xc5!@\x80\x00\x01\x02\x04\xe2\x10x\xfa\
\xe9\xa7\xc3\x981c\xe2hF\x17m\x09x\x88\x00\x01\
\x02\x04\x08\x10 @\x80\x00\x01\x02\x04\x08\x10H_@\
B\x02\x04\x08l,`\x80\xbe\xb1\x88\xf7\x04\x08\x10 \
@\x80\x00\x81\x82\x04~\xf1\x8b_\x843\xce8\xa3\xa0\
\xddlC\xa0%\x01\x8b\x09\x10 @\x80\x00\x01\x02\x04\
\x08\x10 @\x80\x00\x81\xf4\x05$$@\xa0\x04\x01\x03\
\xf4\x12PmI\x80\x00\x01\x02\x04\x08\x10\xf8\xb3\xc0\x05\
\x17\x5c\x10\x96.]\xfa\xe7\xb7\xbe\x13 0(\x01\x8b\
\x08\x10 @\x80\x00\x01\x02\x04\x08\x10 @\x80\x00\x81\
\xf4\x05$$\x10\xa7\x80\x01z\x9c\xe7\xa2+\x02\x04\x08\
\x10 @ \x11\x81\xde\xde\xde0a\xc2\x84D\xd2\x88\
A\x80\xc0\xa0\x04,\x22@\x80\x00\x01\x02\x04\x08\x10 \
@\x80\x00\x01\x02\x04\xd2\x17\x900Y\x01\x03\xf4d\x8f\
V0\x02\x04\x08\x10 @ \x16\x81\xc7\x1e{,L\
\x992%\x96v\xf4A\x80\x00\x81~\x05\xdc$@\x80\
\x00\x01\x02\x04\x08\x10 @\x80\x00\x01\x02\x04\xd2\x17\x90\
\xb0o\x01\x03\xf4\xbem\xdc!@\x80\x00\x01\x02\x04\x08\
\x14&p\xfd\xf5\xd7\x87\x05\x0b\x16\x14\xb6\x9f\x8d\x08\x10\
 @`\xb3\x02.\x12 @\x80\x00\x01\x02\x04\x08\x10\
 @\x80\x00\x01\x02\xe9\x0b\x94\x9a\xd0\x00\xbdT^\x9b\
\x13 @\x80\x00\x01\x02\x04^\x10\x986mZx\xfc\
\xf1\xc7_\xb8\xe0\x15\x01\x02\x04\x08\x10x\x89\x807\x04\
\x08\x10 @\x80\x00\x01\x02\x04\x08\x10 @\x80@\xa7\
\x05\xca\x1f\xa0w:\xa1\xfa\x04\x08\x10 @\x80\x00\x81\
H\x04\x9ez\xea\xa90v\xec\xd8H\xba\xd1\x06\x01\x02\
\x04\x08\x10(X\xc0v\x04\x08\x10 @\x80\x00\x01\x02\
\x04\x08\x10 @ \x01\x01\x03\xf4\x01\x0e\xd1m\x02\x04\
\x08\x10 @\x80@\x91\x02?\xf9\xc9O\xc2\xec\xd9\xb3\
\x8b\xdc\xd2^\x04\x08\x10 @\x80@\x01\x02\xb6 @\
\x80\x00\x01\x02\x04\x08\x10 @\x80\x00\x01\x02M\x01\x03\
\xf4\xa6B\xba\xbf$#@\x80\x00\x01\x02\x04\x22\x14\x98\
5kVX\xb1bE\x84\x9di\x89\x00\x01\x02\x04\x08\
\x10\xa8\xa9\x80\xb6\x09\x10 @\x80\x00\x01\x02\x04\x08\x10\
 @\xa0 \x01\x03\xf4\x82 mS\x86\x80=\x09\x10\
 @\x80@\x9a\x02\x8dF#\x8c\x193&\xcdpR\
\x11 @\x80\x00\x01\x02\x04Z\x16\xf0\x00\x01\x02\x04\x08\
\x10 @\x80\x00\x01\x02\x04\xe2\x110@\x8f\xe7,t\
\x92\x9a\x80<\x04\x08\x10 @\xa0\x1f\x81U\xabV\x85\
\xe3\x8e;\xae\x9f\x15n\x11 @\x80\x00\x01\x02\x04\x08\
\xd4B@\x93\x04\x08\x10 @\x80\x00\x01\x02\x04\x08$\
%`\x80\x9e\xd4q\x0aC\xa08\x01;\x11 @\x80\
@\xf9\x02\xf3\xe6\xcd\x0b\x8b\x17/.\xbf\x90\x0a\x04\x08\
\x10 @\x80\x00\x01\x02\x04\xfa\x10p\x99\x00\x01\x02\x04\
\x08\x10 @\x80\x00\x81\x97\x0a\x18\xa0\xbf\xd4\xc3;\x02\
\x04\xd2\x10\x90\x82\x00\x01\x02\xb5\x11\x98<yrh~\
\xa4{m\x1a\xd6(\x01\x02\x04\x08\x10 @\x80\x00\x81\
x\x04tB\x80\x00\x01\x02\x04\x08\x10 @\xa0p\x01\
\x03\xf4\xc2ImH\x80\x00\x81\xa1\x0ax\x9e\x00\x81\x9c\
\x04\xd6\xae]\x1b\xc6\x8f\x1f\x9fSdY\x09\x10 @\
\x80\x00\x01\x02\x04\x08\x10X/\xe0\x0b\x01\x02\x04\x08\x10\
 @\x80@\x8c\x02\x06\xe81\x9e\x8a\x9e\x08\x10 P\
g\x01\xbd\x13 \xd0\xb2\xc0\x9dw\xde\x19\xe6\xce\x9d\xdb\
\xf2s\x1e @\x80\x00\x01\x02\x04\x08\x10 @\x80@\
\xc7\x04\x14&@\x80\x00\x01\x02\x04\x08$*`\x80\x9e\
\xe8\xc1\x8aE\x80\x00\x01\x02\xed\x09x\x8a@\xa7\x04f\
\xcc\x98\x11\xfe\xf0\x87?t\xaa\xbc\xba\x04\x08\x10 @\
\x80\x00\x01\x02\x04\x08\x10\xc8J@X\x02\x04\x08\x10 \
@\x80@_\x02\x06\xe8}\xc9\xb8N\x80\x00\x01\x02\x04\
\xea'\xa0\xe3\x1a\x0b<\xfd\xf4\xd3\xe1\xa0\x83\x0e\xaaq\
\x02\xad\x13 @\x80\x00\x01\x02\x04\x08\x10 @\x80@\
E\x02\xca\x10 @\x80\x00\x01\x02%\x0a\x18\xa0\x97\x88\
kk\x02\x04\x08\x10 @\xa0\x15\x01k\x7f\xf3\x9b\xdf\
\x84SO=\x15\x04\x01\x02\x04\x08\x10 @\x80\x00\x01\
\x02\x04\x08\x10HX@4\x02\x04\x08\x10 \x10\xb7\x80\
\x01z\xdc\xe7\xa3;\x02\x04\x08\x10 @\xa0.\x02\x05\
\xf5y\xd1E\x17\x85\xa5K\x97\x16\xb4\x9bm\x08\x10 \
@\x80\x00\x01\x02\x04\x08\x10 @\x80\x00\x81B\x05l\
F\x80\x00\x01\x02\xc9\x0b\x18\xa0'\x7f\xc4\x02\x12 @\
\x80\x00\x01\x02u\x12\xe8\xed\xed\x0d\x13&L\xa8\xbce\
\x05\x09\x10 @\x80\x00\x01\x02\x04\x08\x10 @\x80\x00\
\x81\xf4\x05$$@\x80\x00\x81\x81\x05\x0c\xd0\x076\xb2\
\x82\x00\x01\x02\x04\x08\x10 P\xa9\xc0c\x8f=\x16\x8e\
8\xe2\x88Jk\xd6\xbc\x98\xf6\x09\x10 @\x80\x00\x01\
\x02\x04\x08\x10 @\x80\x00\x81\xf4\x05$$@\x80@\
%\x02\x06\xe8\x950+B\x80\x00\x01\x02\x04\x08\x10h\
M\xe0\xbb\xdf\xfdnX\xb0`Ak\x0fY]S\x01\
m\x13 @\x80\x00\x01\x02\x04\x08\x10 @\x80\x00\x01\
\x02\xe9\x0bHH\x80@]\x04\x0c\xd0\xebrR\xfa$\
@\x80\x00\x01\x02\x04\xb2\x13\x986mZx\xfc\xf1\xc7\
\xb3\xcb-p\xcd\x04\xb4K\x80\x00\x01\x02\x04\x08\x10 \
@\x80\x00\x01\x02\x04\x08\xa4/ !\x81\x8c\x04\x0c\xd0\
3:lQ\x09\x10 @\x80\x00\x81z\x09<\xf5\xd4\
Sa\xcc\x981\xf5jZ\xb7\x04j&\xa0]\x02\x04\
\x08\x10 @\x80\x00\x01\x02\x04\x08\x10 @ }\x01\
\x09\x09\xb4\x22`\x80\xde\x8a\x96\xb5\x04\x08\x10 @\x80\
\x00\x81\x8a\x05~\xfa\xd3\x9f\x86\xd9\xb3gW\x5cU9\
\x02\x04j\x22\xa0M\x02\x04\x08\x10 @\x80\x00\x01\x02\
\x04\x08\x10 @ }\x01\x09+\x160@\xaf\x18\x5c\
9\x02\x04\x08\x10 @\x80@\xab\x02\xb3f\xcd\x0a\xbf\
\xfc\xe5/[}\xccz\x02\x04\x08D.\xa0=\x02\x04\
\x08\x10 @\x80\x00\x01\x02\x04\x08\x10 @ }\x81\
\xfa%4@\xaf\xdf\x99\xe9\x98\x00\x01\x02\x04\x08\x10\xc8\
L\xa0\xd1h\xf8(\xf7\xcc\xce\x5c\x5c\x02\x04j \xa0\
E\x02\x04\x08\x10 @\x80\x00\x01\x02\x04\x08\x10 @\
 I\x81\x97\x0c\xd0\x93L(\x14\x01\x02\x04\x08\x10 \
@ \x01\x81G\x1ey$L\x9b6-\x81$\x22\x10\
 @\x80@\x0c\x02z @\x80\x00\x01\x02\x04\x08\x10\
 @\x80\x00\x01\x02\x046/\x90\xd2\x00}\xf3\x09]\
%@\x80\x00\x01\x02\x04\x08$\x22p\xe5\x95W\x86[\
n\xb9%\x914b\x10 @\x80\x00\x81\xb6\x05<H\
\x80\x00\x01\x02\x04\x08\x10 @\x80\x00\x01\x02\x04J\x13\
0@/\x8d\xb6\xd5\x8d\xad'@\x80\x00\x01\x02\x04\x08\
\x0c,0e\xca\x94\xd0\xfcH\xf7\x81WZA\x80\x00\
\x01\x02\x04\x08\xc4)\xa0+\x02\x04\x08\x10 @\x80\x00\
\x01\x02\x04\x08\x10\x88Y\xc0\x00=\xe6\xd3\xa9Soz\
%@\x80\x00\x01\x02\x04*\x11\xf8\xd3\x9f\xfe\x14\xc6\x8e\
\x1d[I-E\x08\x10 @\x80\x00\x01\x02\x9b\x08\xb8\
@\x80\x00\x01\x02\x04\x08\x10 @\x80\x00\x81\xc4\x05\x0c\
\xd0\x13?`\xf1\x06'`\x15\x01\x02\x04\x08\x10\xa8\x93\
\xc0\x92%K\xc2\xdc\xb9s\xeb\xd4\xb2^\x09\x10 @\
\x80\x00\x01\x02Q\x08h\x82\x00\x01\x02\x04\x08\x10 @\
\x80\x00\x01\x02\x03\x09\x18\xa0\x0f$\xe4>\x81\xf8\x05t\
H\x80\x00\x01\x02\x19\x0a\xcc\x981#\xfc\xe1\x0f\x7f\xc8\
0\xb9\xc8\x04\x08\x10 @\x80\x00\x81l\x05\x04'@\
\x80\x00\x01\x02\x04\x08\x10 @\xa0\x02\x01\x03\xf4\x0a\x90\
\x95 @\xa0?\x01\xf7\x08\x10 @\xa0\x1d\x81\xa7\x9f\
~:\x1cp\xc0\x01\xed<\xea\x19\x02\x04\x08\x10 @\
\x80\x00\x01\x02\x1d\x10P\x92\x00\x01\x02\x04\x08\x10 @\
\x80@=\x04\x0c\xd0\xebqN\xba$@ V\x01}\
\x11 @\xa0\x83\x02\x0f=\xf4P8\xf1\xc4\x13;\xd8\
\x81\xd2\x04\x08\x10 @\x80\x00\x01\x02\x042\x11\x10\x93\
\x00\x01\x02\x04\x08\x10 @ \x1b\x01\x03\xf4l\x8eZ\
P\x02\x04\x08l*\xe0\x0a\x01\x02\xf5\x17\xb8\xe4\x92K\
\xc2\xfd\xf7\xdf_\xff \x12\x10 @\x80\x00\x01\x02\x04\
\x08\x10 P\x9a\x80\x8d\x09\x10 @\x80\x00\x01\x02\x04\
\x06/`\x80>x++\x09\x10 @ .\x01\xdd\
\x10 \xf0\xac@ooo8\xe4\x90CB\xa3\xd1x\
\xf6\x9d\xff\x11 @\x80\x00\x01\x02\x04\x08\x10 @ \
9\x01\x81\x08\x10 @\x80\x00\x01\x02\x95\x0a\x18\xa0W\
\xca\xad\x18\x01\x02\x04\x08\x10\xf8\xb3\x80\xef\x04\x8a\x13\xf8\
\xe3\x1f\xff\x18&M\x9aT\xdc\x86v\x22@\x80\x00\x01\
\x02\x04\x08\x10 @\x80\x00\x81\x82\x04lC\x80\x00\x01\
\x02\x04\x08\xd4M\xc0\x00\xbdn'\xa6_\x02\x04\x08\x10\
 \x10\x83\x80\x1e\xa2\x13\xb8\xf9\xe6\x9b\xc3UW]\x15\
]_\x1a\x22@\x80\x00\x01\x02\x04\x08\x10 @\x80\x00\
\x81\x1a\x0bh\x9d\x00\x01\x02\x04\x08d(`\x80\x9e\xe1\
\xa1\x8bL\x80\x00\x01\x02\x04r\x17H5\xff\xb1\xc7\x1e\
\x1b\xba\xbb\xbbS\x8d'\x17\x01\x02\x04\x08\x10 @\x80\
\x00\x01\x02\x04\x08\x10hI\xc0b\x02\x04\x08\x10 \xd0\
\x8e\x80\x01z;j\x9e!@\x80\x00\x01\x02\x04\x08t\
N\xa0\xcf\xca===a\xec\xd8\xb1}\xdew\x83\x00\
\x01\x02\x04\x08\x10 @\x80\x00\x01\x02\x04\x08\x10\xa8\x8d\
\x80F\x09\x10 @\xa0C\x02\x06\xe8\x1d\x82W\x96\x00\
\x01\x02\x04\x08\x10 P\x86\xc0\x83\x0f>\x18\xce=\xf7\
\xdc2\xb6.hO\xdb\x10 @\x80\x00\x01\x02\x04\x08\
\x10 @\x80\x00\x01\x02\xe9\x0bHH\x80\x00\x81\xfa\x0a\
\x18\xa0\xd7\xf7\xectN\x80\x00\x01\x02\x04\x08\x10\xd8\xac\
\xc09\xe7\x9c\x13~\xf9\xcb_n\xf6\x9e\x8bC\x14\xf0\
8\x01\x02\x04\x08\x10 @\x80\x00\x01\x02\x04\x08\x10 \
\x90\xbe\x80\x84\x04\x08d-`\x80\x9e\xf5\xf1\x0bO\x80\
\x00\x01\x02\x04\x08\xa4(\xd0h4\xc2\x981cR\x8c\
&\xd3\x10\x05<N\x80\x00\x01\x02\x04\x08\x10 @\x80\
\x00\x01\x02\x04\x08\xa4/ !\x01\x02C\x130@\x1f\
\x9a\x9f\xa7\x09\x10 @\x80\x00\x01\x02Q\x0a<\xf2\xc8\
#\xe1=\xefyO\x94\xbdi\x8a@\x9b\x02\x1e#@\
\x80\x00\x01\x02\x04\x08\x10 @\x80\x00\x01\x02\x04\xd2\x17\
\x90\x90@\xc7\x05\x0c\xd0;~\x04\x1a @\x80\x00\x01\
\x02\x04\x08\x94#\xf0\x9f\xff\xf9\x9f\xe1\x96[n)g\
s\xbb\x12 \xd0\xa2\x80\xe5\x04\x08\x10 @\x80\x00\x01\
\x02\x04\x08\x10 @\x80@\xfa\x02\x12\xa6 `\x80\x9e\
\xc2)\xca@\x80\x00\x01\x02\x04\x08\x10\xe8C`\xca\x94\
)\xa1\xa7\xa7\xa7\x8f\xbb.\x13 @`\x90\x02\x96\x11\
 @\x80\x00\x01\x02\x04\x08\x10 @\x80\x00\x01\x02\xe9\
\x0bH\xb8^\xc0\x00}=\x83/\x04\x08\x10 @\x80\
\x00\x814\x05\xfe\xf4\xa7?\x9c\xbbhl\x00\x00\x10\x00\
IDAT\x851c\xc6\xa4\x19N*\x02\x04\x08\x0c\
R\xc02\x02\x04\x08\x10 @\x80\x00\x01\x02\x04\x08\x10\
 @ }\x81\xa2\x12\x1a\xa0\x17%i\x1f\x02\x04\x08\
\x10 @\x80@\xa4\x02\xf7\xde{o\xb8\xf4\xd2K#\
\xedN[\x04\x08\x10 0\x80\x80\xdb\x04\x08\x10 @\
\x80\x00\x01\x02\x04\x08\x10 @\x80@\x85\x02\x1d\x1a\xa0\
W\x98P)\x02\x04\x08\x10 @\x80\x00\x81p\xd2I\
'\x85\x95+W\x92 @\x80\x00\x01\x02\x15\x0b(G\
\x80\x00\x01\x02\x04\x08\x10 @\x80\x00\x01\x02\x04\xea%\
`\x80\xde\xceyy\x86\x00\x01\x02\x04\x08\x10 P3\
\x81g\x9ey&\x8c\x1e=\xbaf]k\x97\x00\x01\x02\
\x04\x08tX@y\x02\x04\x08\x10 @\x80\x00\x01\x02\
\x04\x08\x10\xc8N\xc0\x00=\xbb#\x0fAd\x02\x04\x08\
\x10 @ O\x81\x87\x1f~8|\xf8\xc3\x1f\xce3\
\xbc\xd4\x04\x08\x10 @ C\x01\x91\x09\x10 @\x80\
\x00\x01\x02\x04\x08\x10 @\xa0u\x01\x03\xf4\xd6\xcd<\
\xd1Y\x01\xd5\x09\x10 @\x80\x00\x81!\x08|\xf9\xcb\
_\x0e\xf7\xdf\x7f\xff\x10v\xf0(\x01\x02\x04\x08\x10 \
@\xa0\x12\x01E\x08\x10 @\x80\x00\x01\x02\x04\x08\x10\
 \xd0\x11\x01\x03\xf4\x8e\xb0+\x9a\xaf\x80\xe4\x04\x08\x10\
 @\xa0\xb3\x02\xbd\xbd\xbd\xe1\x90C\x0e\x09\x8dF\xa3\
\xb3\x8d\xa8N\x80\x00\x01\x02\x04\x08\x10HZ@8\x02\
\x04\x08\x10 @\x80\x00\x01\x02\x04\xea*`\x80^\xd7\
\x93\xd37\x81N\x08\xa8I\x80\x00\x01\x02I\x08\xfc\xf1\
\x8f\x7f\x0c\x13'NL\x22\x8b\x10\x04\x08\x10 @\x80\
\x00\x01\x02%\x08\xd8\x92\x00\x01\x02\x04\x08\x10 @\x80\
@\xc6\x02\x06\xe8\x19\x1f\xbe\xe8\x04r\x13\x90\x97\x00\x01\
\x02\x04^\x10\xf8\xc1\x0f~\x10\xae\xbc\xf2\xca\x17.x\
E\x80\x00\x01\x02\x04\x08\x10 @ \x11\x011\x08\x10\
 @\x80\x00\x01\x02\x04\x08\x0cE\xc0\x00}(z\x9e\
%@\x80@u\x02*\x11 @\xa0p\x81\xe3\x8e;\
.\xac^\xbd\xba\xf0}mH\x80\x00\x01\x02\x04\x08\x10\
 @\x80@\xdb\x02\x1e$@\x80\x00\x01\x02\x04\x08\x10\
\xe8\xb0\x80\x01z\x87\x0f@y\x02\x04\x08\xe4! %\
\x01\x021\x0a\xf4\xf4\xf4\x84q\xe3\xc6\xc5\xd8\x9a\x9e\x08\
\x10 @\x80\x00\x01\x02\x04\x08\x10\xa8\xa5\x80\xa6\x09\x10\
 @\x80\x00\x01\x02\xf5\x170@\xaf\xff\x19J@\x80\
\x00\x01\x02e\x0b\xd8\x9f@\xc2\x02\xcb\x97/\x0f\xe7\x9e\
{n\xc2\x09E#@\x80\x00\x01\x02\x04\x08\x10 @\
\x80\xc0 \x05,#@\x80\x00\x01\x02\x04\x08<+`\
\x80\xfe,\x82\xff\x11 @\x80\x00\x81\x94\x05d#0\
\x90\xc09\xe7\x9c\x13\x96.]:\xd02\xf7\x09\x10 \
@\x80\x00\x01\x02\x04\x08\x10 @ b\x01\xad\x11 \
@\x80\x00\x01\x02\xc5\x08\x18\xa0\x17\xe3h\x17\x02\x04\x08\
\x10 @\xa0\x1c\x01\xbbV \xd0h4\xc2\xa1\x87\x1e\
ZA%%\x08\x10 @\x80\x00\x01\x02\x04\x08\x10 \
@\x80\xc0f\x05\x5c$@\x80\x00\x01\x02\xd1\x08\x18\xa0\
Gs\x14\x1a!@\x80\x00\x01\x02\x04\xd2\x13\xa8O\xa2\
\xee\xee\xee0u\xea\xd4\xfa4\xacS\x02\x04\x08\x10 \
@\x80\x00\x01\x02\x04\x08\x10 \x10\x8d\x80F\x08\x10 \
@ %\x01\x03\xf4\x94NS\x16\x02\x04\x08\x10 @\
\x80\xc0\x10\x04\xae\xbe\xfa\xeap\xcb-\xb7\xbc\xb0\x83W\
\x04\x08\x10 @\x80\x00\x01\x02\x04\x08\x10 @\x80@\
\xfa\x02\x12\x12 @\x80\xc0K\x04\x0c\xd0_\xc2\xe1\x0d\
\x01\x02\x04\x08\x10 @ o\x81)S\xa6\x84\x9e\x9e\
\x9e$\x10\x84 @\x80\x00\x01\x02\x04\x08\x10 @\x80\
\x00\x01\x02\x04\xd2\x17\x90\x90\x00\x01\x02E\x0b\x18\xa0\x17\
-j?\x02\x04\x08\x10 @\x80@\x8d\x05\xfe\xf4\xa7\
?\x85\xd1\xa3G\xd78A2\xad\x0bB\x80\x00\x01\x02\
\x04\x08\x10 @\x80\x00\x01\x02\x04\x08\xa4/ !\x01\
\x02\x11\x0a\x18\xa0Gx(Z\x22@\x80\x00\x01\x02\x04\
\x08tR\xe0\xbe\xfb\xee\x0b\x97^zi'[P\xbb\
\xf6\x02\x02\x10 @\x80\x00\x01\x02\x04\x08\x10 @\x80\
\x00\x01\x02\xe9\x0bHH M\x01\x03\xf44\xcfU*\
\x02\x04\x08\x10 @\x80\xc0\x90\x04N:\xe9\xa4\xf0\xd0\
C\x0f\x0di\x0f\x0f\x13\xa8\xad\x80\xc6\x09\x10 @\x80\
\x00\x01\x02\x04\x08\x10 @\x80\x00\x81\xf4\x05$$\xd0\
\x87\x80\x01z\x1f0.\x13 @\x80\x00\x01\x02\x04r\
\x16x\xe6\x99g|\x94{\xce\xbf\x01d\xaf\xb5\x80\xe6\
\x09\x10 @\x80\x00\x01\x02\x04\x08\x10 @\x80\x00\x81\
\xf4\x05$,O\xc0\x00\xbd<[;\x13 @\x80\x00\
\x01\x02\x04j-\xb0j\xd5\xaap\xc2\x09'\xd4:\x83\
\xe6\x09\x10\xa8\x9d\x80\x86\x09\x10 @\x80\x00\x01\x02\x04\
\x08\x10 @\x80\x00\x81\xf4\x05\xa2Nh\x80\x1e\xf5\xf1\
h\x8e\x00\x01\x02\x04\x08\x10 \xd0Y\x81\xcb.\xbb,\
,^\xbc\xb8\xb3M\xa8N\x80\x00\x81\xda\x08h\x94\x00\
\x01\x02\x04\x08\x10 @\x80\x00\x01\x02\x04\x08\x10\xa8\xbb\
\xc0\xc0\x03\xf4\xba'\xd4?\x01\x02\x04\x08\x10 @\x80\
@\xdb\x02\xbd\xbd\xbda\xf2\xe4\xc9\xa1\xd1h\xb4\xbd\x87\
\x07\x09\x10 @\xa0&\x02\xda$@\x80\x00\x01\x02\x04\
\x08\x10 @\x80\x00\x01\x02\x04B\xf2\x03tgL\x80\
\x00\x01\x02\x04\x08\x10 04\x81\xb5k\xd7\x86I\x93\
&\x0dm\x13O\x13 @\x80\x00\x81\x92\x05lO\x80\
\x00\x01\x02\x04\x08\x10 @\x80\x00\x01\x02\x04\x8a\x100\
@/B\xb1\xbc=\xecL\x80\x00\x01\x02\x04\x08\x10\x88\
B\xe0\xb6\xdbn\x8b\xa2\x0fM\x10 @\x80\x00\x81D\
\x05\xc4\x22@\x80\x00\x01\x02\x04\x08\x10 @\x80\x00\x81\
H\x04\x0c\xd0#9\x884\xdb\x90\x8a\x00\x01\x02\x04\x08\
\x10 @\x80\x00\x01\x02\x04\x08\x10H_@B\x02\x04\
\x08\x10 @\x80\x00\x01\x02\x04\x08\xa4#`\x80\x9e\xce\
YJR\xb4\x80\xfd\x08\x10 @\x80\x00\x01\x02\x04\x08\
\x10 @\x80\x00\x81\xf4\x05$$@\x80\x00\x01\x02\x04\
\x08\x10 @\x80\xc0\x8b\x04\x0c\xd0_\x84\xe1%\x81\x94\
\x04d!@\x80\x00\x01\x02\x04\x08\x10 @\x80\x00\x01\
\x02\x04\xd2\x17\x90\x90\x00\x01\x02\x04\x08\x10 @\x80\x00\
\x81b\x05\x0c\xd0\x8b\xf5\xb4\x1b\x01\x02\xc5\x08\xd8\x85\x00\
\x01\x02\x04\x08\x10 @\x80\x00\x01\x02\x04\x08\x10H_\
@B\x02\x04\x08\x10 @\x80\x00\x01\x02\xd1\x09\x18\xa0\
Gw$\x1a\x22@\xa0\xfe\x02\x12\x10 @\x80\x00\x01\
\x02\x04\x08\x10 @\x80\x00\x01\x02\xe9\x0bHH\x80\x00\
\x01\x02\x04\x08\x10 \x90\xa2\x80\x01z\x8a\xa7*\x13\x01\
\x02\x04\x86\x22\xe0Y\x02\x04\x08\x10 @\x80\x00\x01\x02\
\x04\x08\x10 @ }\x01\x09\x09\x10 @\x80\x00\x01\
\x02\x046+`\x80\xbeY\x16\x17\x09\x10 @\xa0\xae\
\x02\xfa&@\x80\x00\x01\x02\x04\x08\x10 @\x80\x00\x01\
\x02\x04\xd2\x17\x90\x90\x00\x01\x02\x04\x08\x10 P\x96\x80\
\x01zY\xb2\xf6%@\x80\x00\x01\x02\xad\x0bx\x82\x00\
\x01\x02\x04\x08\x10 @\x80\x00\x01\x02\x04\x08\x10H_\
@B\x02\x04\x08\x10 @ b\x01\x03\xf4\x88\x0fG\
k\x04\x08\x10 @\xa0^\x02\xba%@\x80\x00\x01\x02\
\x04\x08\x10 @\x80\x00\x01\x02\x04\xd2\x17\x90\x90\x00\x01\
\x02\x04\x08\xa4-`\x80\x9e\xf6\xf9JG\x80\x00\x01\x02\
\x04\x08\x0cV\xc0:\x02\x04\x08\x10 @\x80\x00\x01\x02\
\x04\x08\x10 @ }\x01\x09\x09\x10 @\x80\xc0\x00\
\x02\x06\xe8\x03\x00\xb9M\x80\x00\x01\x02\x04\x08\x10\xa8\x83\
\x80\x1e\x09\x10 @\x80\x00\x01\x02\x04\x08\x10 @\x80\
\x00\x81\xf4\x05$$@\x80\x00\x81\xf2\x05\x0c\xd0\xcb7\
V\x81\x00\x01\x02\x04\x08\x10 @\xa0\x7f\x01w\x09\x10\
 @\x80\x00\x01\x02\x04\x08\x10 @\x80\x00\x81\xf4\x05\
$$@\x80@-\x04\x0c\xd0kqL\x9a$@\x80\
\x00\x01\x02\x04\x08\x10\x88W@g\x04\x08\x10 @\x80\
\x00\x01\x02\x04\x08\x10 @\x80@\xfa\x02\x12\x12 \x90\
\x8b\x80\x01z.'-'\x01\x02\x04\x08\x10 @\x80\
\x00\x81\xcd\x09\xb8F\x80\x00\x01\x02\x04\x08\x10 @\x80\
\x00\x01\x02\x04\x08\xa4/ !\x01\x02\x83\x160@\x1f\
4\x95\x85\x04\x08\x10 @\x80\x00\x01\x02\x04\x08\xc4&\
\xa0\x1f\x02\x04\x08\x10 @\x80\x00\x01\x02\x04\x08\x10 \
@ }\x01\x09\x09T)`\x80^\xa5\xb6Z\x04\x08\
\x10 @\x80\x00\x01\x02\x04\x08\x10xA\xc0+\x02\x04\
\x08\x10 @\x80\x00\x01\x02\x04\x08\x10 @ }\x01\
\x09k&`\x80^\xb3\x03\xd3.\x01\x02\x04\x08\x10 \
@\x80\x00\x01\x02\x04\xe2\x10\xd0\x05\x01\x02\x04\x08\x10 \
@\x80\x00\x01\x02\x04\x08\x10 \x90\xbe@~\x09\x0d\xd0\
\xf3;s\x89\x09\x10 @\x80\x00\x01\x02\x04\x08\x10 \
@\x80\x00\x01\x02\x04\x08\x10 @\x80\x00\x01\x02\x04\x08\
\x10 \x90\xbe@\x1b\x09\x0d\xd0\xdb@\xf3\x08\x01\x02\x04\
\x08\x10 @\x80\x00\x01\x02\x04\x08\x10\xe8\xa4\x80\xda\x04\
\x08\x10 @\x80\x00\x01\x02\x04\x08\x10 @\x80@9\
\x021\x0d\xd0\xcbIhW\x02\x04\x08\x10 @\x80\x00\
\x01\x02\x04\x08\x10 @ &\x01\xbd\x10 @\x80\x00\
\x01\x02\x04\x08\x10 @\x80\x00\x81h\x05\x0c\xd0\x0b;\
\x1a\x1b\x11 @\x80\x00\x01\x02\x04\x08\x10 @\x80\x00\
\x01\x02\xe9\x0bHH\x80\x00\x01\x02\x04\x08\x10 @\x80\
\x00\x01\x02)\x0b\x18\xa0\xa7|\xba\xadd\xb3\x96\x00\x01\
\x02\x04\x08\x10 @\x80\x00\x01\x02\x04\x08\x10H_@\
B\x02\x04\x08\x10 @\x80\x00\x01\x02\x04\x08\x10\xe8W\
\xc0\x00\xbd_\x1e7\xeb\x22\xa0O\x02\x04\x08\x10 @\
\x80\x00\x01\x02\x04\x08\x10 @ }\x01\x09\x09\x10 \
@\x80\x00\x01\x02\x04\x08\x10 P\xb6\x80\x01z\xd9\xc2\
\xf6'0\xb0\x80\x15\x04\x08\x10 @\x80\x00\x01\x02\x04\
\x08\x10 @\x80@\xfa\x02\x12\x12 @\x80\x00\x01\x02\
\x04\x08\x10 P\x03\x01\x03\xf4\x1a\x1c\x92\x16\x09\xc4-\
\xa0;\x02\x04\x08\x10 @\x80\x00\x01\x02\x04\x08\x10 \
@ }\x01\x09\x09\x10 @\x80\x00\x01\x02\x04\x08\xe4\
!`\x80\x9e\xc79KI\x80@_\x02\xae\x13 @\
\x80\x00\x01\x02\x04\x08\x10 @\x80\x00\x01\x02\xe9\x0bH\
H\x80\x00\x01\x02\x04\x08\x10 @`\x90\x02\x06\xe8\x83\
\x84\xb2\x8c\x00\x01\x021\x0a\xe8\x89\x00\x01\x02\x04\x08\x10\
 @\x80\x00\x01\x02\x04\x08\x10H_@B\x02\x04\x08\
\x10 @\x80\x00\x81\xea\x04\x0c\xd0\xab\xb3V\x89\x00\x01\
\x02\x04^*\xe0\x1d\x01\x02\x04\x08\x10 @\x80\x00\x01\
\x02\x04\x08\x10 \x90\xbe\x80\x84\x04\x08\x10 @\x80\x00\
\x81Z\x09\x18\xa0\xd7\xea\xb84K\x80\x00\x01\x02\xf1\x08\
\xe8\x84\x00\x01\x02\x04\x08\x10 @\x80\x00\x01\x02\x04\x08\
\x10H_@B\x02\x04\x08\x10 @ 7\x01\x03\xf4\
\xdcN\x5c^\x02\x04\x08\x10 \xd0\x14\xf0\x8b\x00\x01\x02\
\x04\x08\x10 @\x80\x00\x01\x02\x04\x08\x10H_@B\
\x02\x04\x08\x10 @\xa0e\x01\x03\xf4\x96\xc9<@\x80\
\x00\x01\x02\x04\x08tZ@}\x02\x04\x08\x10 @\x80\
\x00\x01\x02\x04\x08\x10 @ }\x01\x09\x09\x10 @\
\x80@'\x04\x0c\xd0;\xa1\xae&\x01\x02\x04\x08\x10 \
\x90\xb3\x80\xec\x04\x08\x10 @\x80\x00\x01\x02\x04\x08\x10\
 @\x80@\xfa\x02\x12\x12 @\x80@M\x05\x0c\xd0\
kzp\xda&@\x80\x00\x01\x02\x04\x08tF@U\
\x02\x04\x08\x10 @\x80\x00\x01\x02\x04\x08\x10 @ \
}\x01\x09\x09\x10 \x90\xaf\x80\x01z\xbeg/9\x01\
\x02\x04\x08\x10 @ ?\x01\x89\x09\x10 @\x80\x00\
\x01\x02\x04\x08\x10 @\x80\x00\x81\xf4\x05$$@\x80\
\xc0\x10\x04\x0c\xd0\x87\x80\xe7Q\x02\x04\x08\x10 @\x80\
\x00\x01\x02U\x0a\xa8E\x80\x00\x01\x02\x04\x08\x10 @\
\x80\x00\x01\x02\x04\x08\xa4/ !\x01\x02\x9d\x150@\
\xef\xac\xbf\xea\x04\x08\x10 @\x80\x00\x01\x02\x04r\x11\
\x90\x93\x00\x01\x02\x04\x08\x10 @\x80\x00\x01\x02\x04\x08\
\x10H_@B\x02\xb5\x170@\xaf\xfd\x11\x0a@\x80\
\x00\x01\x02\x04\x08\x10 @\x80@\xf9\x02*\x10 @\
\x80\x00\x01\x02\x04\x08\x10 @\x80\x00\x01\x02\xe9\x0bH\
H \x04\x03t\xbf\x0b\x08\x10 @\x80\x00\x01\x02\x04\
\x08\x10 \x90\xba\x80|\x04\x08\x10 @\x80\x00\x01\x02\
\x04\x08\x10 @\x80@\xfa\x02\x12\x16\x22`\x80^\x08\
\xa3M\x08\x10 @\x80\x00\x01\x02\x04\x08\x10 @\xa0\
,\x01\xfb\x12 @\x80\x00\x01\x02\x04\x08\x10 @\x80\
\x00\x01\x02\xe9\x0b\xc4\x92\xd0\x00=\x96\x93\xd0\x07\x01\x02\
\x04\x08\x10 @\x80\x00\x01\x02\x04\x08\xa4( \x13\x01\
\x02\x04\x08\x10 @\x80\x00\x01\x02\x04\x08\x10 P#\
\x816\x07\xe85J\xa8U\x02\x04\x08\x10 @\x80\x00\
\x01\x02\x04\x08\x10 @\xa0M\x01\x8f\x11 @\x80\x00\
\x01\x02\x04\x08\x10 @\x80\x00\x81\xbc\x04\xf2\x1c\xa0\xe7\
u\xc6\xd2\x12 @\x80\x00\x01\x02\x04\x08\x10 @\x80\
\x00\x81<\x05\xa4&@\x80\x00\x01\x02\x04\x08\x10 @\
\x80\x00\x01\x02-\x0a\x18\xa0\xb7\x08\x16\xc3r=\x10 \
@\x80\x00\x01\x02\x04\x08\x10 @\x80\x00\x01\x02\xe9\x0b\
HH\x80\x00\x01\x02\x04\x08\x10 @\x80\x00\x01\x02\xd5\
\x0b\x18\xa0Wo\x9e{E\xf9\x09\x10 @\x80\x00\x01\
\x02\x04\x08\x10 @\x80\x00\x81\xf4\x05$$@\x80\x00\
\x01\x02\x04\x08\x10 @\x80@-\x05\x0c\xd0kyl\
\x9a\xee\x9c\x80\xca\x04\x08\x10 @\x80\x00\x01\x02\x04\x08\
\x10 @\x80@\xfa\x02\x12\x12 @\x80\x00\x01\x02\x04\
\x08\x10 \x90\xab\x80\x01z\xae'/w\x9e\x02R\x13\
 @\x80\x00\x01\x02\x04\x08\x10 @\x80\x00\x01\x02\xe9\
\x0bHH\x80\x00\x01\x02\x04\x08\x10 @\x80@\xdb\x02\
\x06\xe8m\xd3y\x90\x00\x81\xaa\x05\xd4#@\x80\x00\x01\
\x02\x04\x08\x10 @\x80\x00\x01\x02\x04\xd2\x17\x90\x90\x00\
\x01\x02\x04\x08\x10 @\x80@'\x05\x0c\xd0;\xa9\xaf\
6\x01\x029\x09\xc8J\x80\x00\x01\x02\x04\x08\x10 @\
\x80\x00\x01\x02\x04\x08\xa4/ !\x01\x02\x04\x08\x10 \
@\x80@\xcd\x05\x0c\xd0k~\x80\xda'@\x80@5\
\x02\xaa\x10 @\x80\x00\x01\x02\x04\x08\x10 @\x80\x00\
\x01\x02\xe9\x0bHH\x80\x00\x01\x02\x04\x08\x10 `\x80\
\xee\xf7\x00\x01\x02\x04\x08\xa4/ !\x01\x02\x04\x08\x10\
 @\x80\x00\x01\x02\x04\x08\x10 \x90\xbe\x80\x84\x04\x08\
\x10 @\x80\x00\x81\x02\x04\x0c\xd0\x0b@\xb4\x05\x01\x02\
\x04\x08\x10(S\xc0\xde\x04\x08\x10 @\x80\x00\x01\x02\
\x04\x08\x10 @\x80@\xfa\x02\x12\x12 @\x80\x00\x01\
\x02q\x08\x18\xa0\xc7q\x0e\xba @\x80\x00\x01\x02\xa9\
\x0a\xc8E\x80\x00\x01\x02\x04\x08\x10 @\x80\x00\x01\x02\
\x04\x08\xa4/ !\x01\x02\x04\x08\x10HF\xc0\x00=\
\x99\xa3\x14\x84\x00\x01\x02\x04\x08\x10(^\xc0\x8e\x04\x08\
\x10 @\x80\x00\x01\x02\x04\x08\x10 @\x80@\xfa\x02\
\x12\x12 @\x80\x00\x81\x17\x04\x0c\xd0_\xb0\xf0\x8a\x00\
\x01\x02\x04\x08\x10 \x90\x96\x804\x04\x08\x10 @\x80\
\x00\x01\x02\x04\x08\x10 @\x80@\xfa\x02\x12\x12 @\
\x80@\xa1\x02\x06\xe8\x85r\xda\x8c\x00\x01\x02\x04\x08\x10\
 @\xa0(\x01\xfb\x10 @\x80\x00\x01\x02\x04\x08\x10\
 @\x80\x00\x01\x02\xe9\x0bHH\x80\x00\x81\xd8\x04\x0c\
\xd0c;\x11\xfd\x10 @\x80\x00\x01\x02\x04\x08\xa4 \
 \x03\x01\x02\x04\x08\x10 @\x80\x00\x01\x02\x04\x08\x10\
 \x90\xbe\x80\x84\x04\x08$(`\x80\x9e\xe0\xa1\x8aD\
\x80\x00\x01\x02\x04\x08\x10 @`h\x02\x9e&@\x80\
\x00\x01\x02\x04\x08\x10 @\x80\x00\x01\x02\x04\xd2\x17\x90\
\x90\x00\x81\xcd\x09\x18\xa0oN\xc55\x02\x04\x08\x10 \
@\x80\x00\x01\x02\x04\xea+\xa0s\x02\x04\x08\x10 @\
\x80\x00\x01\x02\x04\x08\x10 @ }\x01\x09\x09\x94$\
`\x80^\x12\xacm\x09\x10 @\x80\x00\x01\x02\x04\x08\
\x10 \xd0\x8e\x80g\x08\x10 @\x80\x00\x01\x02\x04\x08\
\x10 @\x80\x00\x81\xf4\x05$\x8cW\xc0\x00=\xde\xb3\
\xd1\x19\x01\x02\x04\x08\x10 @\x80\x00\x01\x02\x04\xea&\
\xa0_\x02\x04\x08\x10 @\x80\x00\x01\x02\x04\x08\x10 \
@ }\x81\xa4\x13\x1a\xa0'}\xbc\xc2\x11 @\x80\
\x00\x01\x02\x04\x08\x10 @\x80\xc0\xe0\x05\xac$@\x80\
\x00\x01\x02\x04\x08\x10 @\x80\x00\x01\x02\x04\xd2\x17\xe8\
?\xa1\x01z\xff>\xee\x12 @\x80\x00\x01\x02\x04\x08\
\x10 @\x80\x00\x81z\x08\xe8\x92\x00\x01\x02\x04\x08\x10\
 @\x80\x00\x01\x02\x04\x08\x10\x18\xb2@\xf4\x03\xf4!\
'\xb4\x01\x01\x02\x04\x08\x10 @\x80\x00\x01\x02\x04\x08\
\x10 \x10\xbd\x80\x06\x09\x10 @\x80\x00\x01\x02\x04\x08\
\x10 @\x80@\x0c\x02\x06\xe8\xe5\x9e\x82\xdd\x09\x10 \
@\x80\x00\x01^\xd8\xa5}\x00\x00\x10\x00IDAT\
\x02\x04\x08\x10 @\x80\x00\x81\xf4\x05$$@\x80\x00\
\x01\x02\x04\x08\x10 @\x80\x00\x81D\x04\x0c\xd0\x139\
\xc8rb\xd8\x95\x00\x01\x02\x04\x08\x10 @\x80\x00\x01\
\x02\x04\x08\x10H_@B\x02\x04\x08\x10 @\x80\x00\
\x01\x02\x04\x08\x10\xf8\xb3\x80\x01\xfa\x9f%|OO@\
\x22\x02\x04\x08\x10 @\x80\x00\x01\x02\x04\x08\x10 @\
 }\x01\x09\x09\x10 @\x80\x00\x01\x02\x04\x08\x10 \
P\xa0\x80\x01z\x81\x98\xb6\x22P\xa4\x80\xbd\x08\x10 \
@\x80\x00\x01\x02\x04\x08\x10 @\x80\x00\x81\xf4\x05$\
$@\x80\x00\x01\x02\x04\x08\x10 @ .\x01\x03\xf4\
\xb8\xceC7\x04R\x11\x90\x83\x00\x01\x02\x04\x08\x10 \
@\x80\x00\x01\x02\x04\x08\x10H_@B\x02\x04\x08\x10\
 @\x80\x00\x01\x02\xc9\x09\x18\xa0'w\xa4\x02\x11 \
0t\x01;\x10 @\x80\x00\x01\x02\x04\x08\x10 @\
\x80\x00\x01\x02\xe9\x0bHH\x80\x00\x01\x02\x04\x08\x10 \
@`S\x01\x03\xf4MM\x5c!@\x80@\xbd\x05t\
O\x80\x00\x01\x02\x04\x08\x10 @\x80\x00\x01\x02\x04\x08\
\xa4/ !\x01\x02\x04\x08\x10 @\x80@)\x02\x06\
\xe8\xa5\xb0\xda\x94\x00\x01\x02\x04\xda\x15\xf0\x1c\x01\x02\x04\
\x08\x10 @\x80\x00\x01\x02\x04\x08\x10 \x90\xbe\x80\x84\
\x04\x08\x10 @\x80\x00\x81X\x05\x0c\xd0c=\x19}\
\x11 @\x80@\x1d\x05\xf4L\x80\x00\x01\x02\x04\x08\x10\
 @\x80\x00\x01\x02\x04\x08\xa4/ !\x01\x02\x04\x08\
\x10 \x90\xb0\x80\x01z\xc2\x87+\x1a\x01\x02\x04\x08\x10\
hM\xc0j\x02\x04\x08\x10 @\x80\x00\x01\x02\x04\x08\
\x10 @ }\x01\x09\x09\x10 @\x80\x00\x81\xfe\x04\
\x0c\xd0\xfb\xd3q\x8f\x00\x01\x02\x04\x08\x10\xa8\x8f\x80N\
\x09\x10 @\x80\x00\x01\x02\x04\x08\x10 @\x80\x00\x81\
\xf4\x05$$@\x80\x00\x01\x02%\x0b\x18\xa0\x97\x0cl\
{\x02\x04\x08\x10 @\x80\xc0`\x04\xac!@\x80\x00\
\x01\x02\x04\x08\x10 @\x80\x00\x01\x02\x04\xd2\x17\x90\x90\
\x00\x01\x02\x04\xe2\x170@\x8f\xff\x8ctH\x80\x00\x01\
\x02\x04\x08\x10\x88]@\x7f\x04\x08\x10 @\x80\x00\x01\
\x02\x04\x08\x10 @\x80@\xfa\x02\x12\x12 @ \x0b\
\x01\x03\xf4,\x8eYH\x02\x04\x08\x10 @\x80\x00\x81\
\xbe\x05\xdc!@\x80\x00\x01\x02\x04\x08\x10 @\x80\x00\
\x01\x02\x04\xd2\x17\x90\x90\x00\x01\x02\x83\x130@\x1f\x9c\
\x93U\x04\x08\x10 @\x80\x00\x01\x02\x04\xe2\x14\xd0\x15\
\x01\x02\x04\x08\x10 @\x80\x00\x01\x02\x04\x08\x10 \x90\
\xbe\x80\x84\x04\x08T&`\x80^\x19\xb5B\x04\x08\x10\
 @\x80\x00\x01\x02\x04\x08l,\xe0=\x01\x02\x04\x08\
\x10 @\x80\x00\x01\x02\x04\x08\x10 \x90\xbe\x80\x84\x04\
\xea$`\x80^\xa7\xd3\xd2+\x01\x02\x04\x08\x10 @\
\x80\x00\x01\x021\x09\xe8\x85\x00\x01\x02\x04\x08\x10 @\
\x80\x00\x01\x02\x04\x08\x10H_@\xc2\xcc\x04\x0c\xd03\
;pq\x09\x10 @\x80\x00\x01\x02\x04\x08\x10 \xb0\
A\xc0W\x02\x04\x08\x10 @\x80\x00\x01\x02\x04\x08\x10\
 @ }\x01\x09[\x150@oU\xccz\x02\x04\
\x08\x10 @\x80\x00\x01\x02\x04\x08\x10\xe8\xbc\x80\x0e\x08\
\x10 @\x80\x00\x01\x02\x04\x08\x10 @\x80\x00\x81\xf4\
\x05:\x90\xd0\x00\xbd\x03\xe8J\x12 @\x80\x00\x01\x02\
\x04\x08\x10 @\x80@\xde\x02\xd2\x13 @\x80\x00\x01\
\x02\x04\x08\x10 @\x80\x00\x01\x02q\x0a\x149@\x8f\
3\xa1\xae\x08\x10 @\x80\x00\x01\x02\x04\x08\x10 @\
\x80\x00\x81\x22\x05\xecE\x80\x00\x01\x02\x04\x08\x10 @\
\x80\x00\x01\x02\x04\x92\x150@\x7f\xfeh\xbd @\x80\
\x00\x01\x02\x04\x08\x10 @\x80\x00\x01\x02\x04\xd2\x17\x90\
\x90\x00\x01\x02\x04\x08\x10 @\x80\x00\x01\x02\x04\x08\xf4\
-`\x80\xde\xb7M\xbd\xee\xe8\x96\x00\x01\x02\x04\x08\x10\
 @\x80\x00\x01\x02\x04\x08\x10H_@B\x02\x04\x08\
\x10 @\x80\x00\x01\x02\x04\x08\x10(U\xc0\x00\xbdT\
^\x9b\x0fV\xc0:\x02\x04\x08\x10 @\x80\x00\x01\x02\
\x04\x08\x10 @ }\x01\x09\x09\x10 @\x80\x00\x01\
\x02\x04\x08\x10 \x10\xbb\x80\x01z\xec'\xa4\xbf:\x08\
\xe8\x91\x00\x01\x02\x04\x08\x10 @\x80\x00\x01\x02\x04\x08\
\x10H_@B\x02\x04\x08\x10 @\x80\x00\x01\x02\x04\
2\x100@\xcf\xe0\x90E$\xd0\xbf\x80\xbb\x04\x08\x10\
 @\x80\x00\x01\x02\x04\x08\x10 @\x80@\xfa\x02\x12\
\x12 @\x80\x00\x01\x02\x04\x08\x10 0\x18\x01\x03\xf4\
\xc1(YC\x80@\xbc\x02:#@\x80\x00\x01\x02\x04\
\x08\x10 @\x80\x00\x01\x02\x04\xd2\x17\x90\x90\x00\x01\x02\
\x04\x08\x10 @\x80@E\x02\x06\xe8\x15A+C\x80\
\x00\x81\xcd\x09\xb8F\x80\x00\x01\x02\x04\x08\x10 @\x80\
\x00\x01\x02\x04\x08\xa4/ !\x01\x02\x04\x08\x10 @\
\x80@}\x04\x0c\xd0\xebsV:%@\x80@l\x02\
\xfa!@\x80\x00\x01\x02\x04\x08\x10 @\x80\x00\x01\x02\
\x04\xd2\x17\x90\x90\x00\x01\x02\x04\x08\x10 \x90\x95\x80\x01\
zV\xc7-,\x01\x02\x04\x08\xbc \xe0\x15\x01\x02\x04\
\x08\x10 @\x80\x00\x01\x02\x04\x08\x10 \x90\xbe\x80\x84\
\x04\x08\x10 @\x80\x00\x81\xd6\x04\x0c\xd0[\xf3\xb2\x9a\
\x00\x01\x02\x04\x08\xc4!\xa0\x0b\x02\x04\x08\x10 @\x80\
\x00\x01\x02\x04\x08\x10 @ }\x01\x09\x09\x10 @\
\x80\x00\x81\xca\x05\x0c\xd0+'W\x90\x00\x01\x02\x04\x08\
\x10 @\x80\x00\x01\x02\x04\x08\x10 @\x80\x00\x01\x02\
\x04\x08\xa4/ !\x01\x02\x04\x08\x10\xa8\xa3\x80\x01z\
\x1dOM\xcf\x04\x08\x10 @\x80@'\x05\xd4&@\
\x80\x00\x01\x02\x04\x08\x10 @\x80\x00\x01\x02\x04\xd2\x17\
\x90\x90\x00\x01\x02\x042\x150@\xcf\xf4\xe0\xc5&@\
\x80\x00\x01\x02\x04r\x15\x90\x9b\x00\x01\x02\x04\x08\x10 \
@\x80\x00\x01\x02\x04\x08\x10H_@B\x02\x04\x08\x10\
hW\xc0\x00\xbd]9\xcf\x11 @\x80\x00\x01\x02\x04\
\x08T/\xa0\x22\x01\x02\x04\x08\x10 @\x80\x00\x01\x02\
\x04\x08\x10 \x90\xbe\x80\x84\x04\x08\x10\xe8\xa0\x80\x01z\
\x07\xf1\x95&@\x80\x00\x01\x02\x04\x08\x10\xc8K@Z\
\x02\x04\x08\x10 @\x80\x00\x01\x02\x04\x08\x10 @ \
}\x01\x09\x09\x10\xa8\xb7\x80\x01z\xbd\xcfO\xf7\x04\x08\
\x10 @\x80\x00\x01\x02\x04\xaa\x12P\x87\x00\x01\x02\x04\
\x08\x10 @\x80\x00\x01\x02\x04\x08\x10H_@B\x02\
\xd9\x0b\x18\xa0g\xff[\x00\x00\x01\x02\x04\x08\x10 @\
\x80\x00\x81\x1c\x04d$@\x80\x00\x01\x02\x04\x08\x10 \
@\x80\x00\x01\x02\x04\xd2\x17\x90\x90\xc0\xd0\x05\x0c\xd0\x87\
nh\x07\x02\x04\x08\x10 @\x80\x00\x01\x02\x04\x08\x94\
+`w\x02\x04\x08\x10 @\x80\x00\x01\x02\x04\x08\x10\
 @ }\x01\x09\xa3\x100@\x8f\xe2\x184A\x80\
\x00\x01\x02\x04\x08\x10 @\x80\x00\x81t\x05$#@\
\x80\x00\x01\x02\x04\x08\x10 @\x80\x00\x01\x02\x04\xd2\x17\
H%\xa1\x01z*')\x07\x01\x02\x04\x08\x10 @\
\x80\x00\x01\x02\x04\x08\x94!`O\x02\x04\x08\x10 @\
\x80\x00\x01\x02\x04\x08\x10 @ }\x81\xe7\x13\x1a\xa0\
?O\xe1\x05\x01\x02\x04\x08\x10 @\x80\x00\x01\x02\x04\
\x08\x10HM@\x1e\x02\x04\x08\x10 @\x80\x00\x01\x02\
\x04\x08\x10 @\xa0\x15\x81z\x0e\xd0[Ih-\x01\
\x02\x04\x08\x10 @\x80\x00\x01\x02\x04\x08\x10 PO\
\x01]\x13 @\x80\x00\x01\x02\x04\x08\x10 @\x80\x00\
\x81\x8a\x05\x0c\xd0+\x06o\x96\xf3\x8b\x00\x01\x02\x04\x08\
\x10 @\x80\x00\x01\x02\x04\x08\x10H_@B\x02\x04\
\x08\x10 @\x80\x00\x01\x02\x04\x08\x10\xa8\x9f\x80\x01z\
\xfd\xce\xac\xd3\x1d\xabO\x80\x00\x01\x02\x04\x08\x10 @\
\x80\x00\x01\x02\x04\x08\xa4/ !\x01\x02\x04\x08\x10 \
@\x80\x00\x01\x02\x04\xb2\x140@\xcf\xf2\xd8s\x0e-\
;\x01\x02\x04\x08\x10 @\x80\x00\x01\x02\x04\x08\x10 \
\x90\xbe\x80\x84\x04\x08\x10 @\x80\x00\x01\x02\x04\x08\x10\
hO\xc0\x00\xbd=7O\x11\xe8\x8c\x80\xaa\x04\x08\x10\
 @\x80\x00\x01\x02\x04\x08\x10 @\x80@\xfa\x02\x12\
\x12 @\x80\x00\x01\x02\x04\x08\x10 \xd01\x01\x03\xf4\
\x8e\xd1+L ?\x01\x89\x09\x10 @\x80\x00\x01\x02\
\x04\x08\x10 @\x80\x00\x81\xf4\x05$$@\x80\x00\x01\
\x02\x04\x08\x10 Pg\x01\x03\xf4:\x9f\x9e\xde\x09\x10\
\xa8R@-\x02\x04\x08\x10 @\x80\x00\x01\x02\x04\x08\
\x10 @ }\x01\x09\x09\x10 @\x80\x00\x01\x02\x04\
2\x170@\xcf\xfc7\x80\xf8\x04\x08\xe4\x22 '\x01\
\x02\x04\x08\x10 @\x80\x00\x01\x02\x04\x08\x10 \x90\xbe\
\x80\x84\x04\x08\x10 @\x80\x00\x01\x02C\x150@\x1f\
\xaa\xa0\xe7\x09\x10 @\xa0|\x01\x15\x08\x10 @\x80\
\x00\x01\x02\x04\x08\x10 @\x80\x00\x81\xf4\x05$$@\
\x80\x00\x01\x02\x04\x08D `\x80\x1e\xc1!h\x81\x00\
\x01\x02\x04\xd2\x16\x90\x8e\x00\x01\x02\x04\x08\x10 @\x80\
\x00\x01\x02\x04\x08\x10H_@B\x02\x04\x08\x10 @\
 \x0d\x01\x03\xf44\xceQ\x0a\x02\x04\x08\x10 P\x96\
\x80}\x09\x10 @\x80\x00\x01\x02\x04\x08\x10 @\x80\
\x00\x81\xf4\x05$$@\x80\x00\x01\x02\x04\x9e\x130@\
\x7f\x0e\xc27\x02\x04\x08\x10 @ E\x01\x99\x08\x10\
 @\x80\x00\x01\x02\x04\x08\x10 @\x80\x00\x81\xf4\x05\
$$@\x80\x00\x01\x02\xc5\x09\x18\xa0\x17gi'\x02\
\x04\x08\x10 @\x80@\xb1\x02v#@\x80\x00\x01\x02\
\x04\x08\x10 @\x80\x00\x01\x02\x04\xd2\x17\x90\x90\x00\x01\
\x02\x04\xa2\x120@\x8f\xea84C\x80\x00\x01\x02\x04\
\x08\x10HG@\x12\x02\x04\x08\x10 @\x80\x00\x01\x02\
\x04\x08\x10 @ }\x01\x09\x09\x10 \x90\x9a\x80\x01\
zj'*\x0f\x01\x02\x04\x08\x10 @\x80@\x11\x02\
\xf6 @\x80\x00\x01\x02\x04\x08\x10 @\x80\x00\x01\x02\
\x04\xd2\x17\x90\x90\x00\x01\x02\x9b\x08\x18\xa0oB\xe2\x02\
\x01\x02\x04\x08\x10 @\x80\x00\x81\xba\x0b\xe8\x9f\x00\x01\
\x02\x04\x08\x10 @\x80\x00\x01\x02\x04\x08\x10H_@\
B\x02\x04\xca\x100@/C\xd5\x9e\x04\x08\x10 @\
\x80\x00\x01\x02\x04\x08\xb4/\xe0I\x02\x04\x08\x10 @\
\x80\x00\x01\x02\x04\x08\x10 @ }\x01\x09\x09D*\
`\x80\x1e\xe9\xc1h\x8b\x00\x01\x02\x04\x08\x10 @\x80\
\x00\x81z\x0a\xe8\x9a\x00\x01\x02\x04\x08\x10 @\x80\x00\
\x01\x02\x04\x08\x10H_@\xc2t\x05\x0c\xd0\xd3=[\
\xc9\x08\x10 @\x80\x00\x01\x02\x04\x08\x10 \xd0\xaa\x80\
\xf5\x04\x08\x10 @\x80\x00\x01\x02\x04\x08\x10 @\x80\
@\xfa\x02\x12\xf6#`\x80\xde\x0f\x8e[\x04\x08\x10 \
@\x80\x00\x01\x02\x04\x08\x10 P'\x01\xbd\x12 @\
\x80\x00\x01\x02\x04\x08\x10 @\x80\x00\x01\x02\xe9\x0b\x94\
\x9b\xd0\x00\xbd\x5c_\xbb\x13 @\x80\x00\x01\x025\x17\
x\xe5+_\x19\xf6\xdcs\xcf0z\xf4\xe8\xf0\xcew\
\xbe3|\xe8C\x1f\x0ag\x9duV\xb8\xf0\xc2\x0b\xc3\
\x17\xbe\xf0\x85l~}\xees\x9f\xab\xf9Ij\x9f\x00\
\x01\x025\x10\xd0\x22\x01\x02\x04\x08\x10(Q\xe0\x82\x0b\
.\xc8\xe6\xcf/_\x18\xe4\x9f\xd5>\xff\xf9\xcf\x87\xb3\
\xcf>;|\xf8\xc3\x1f\x0eG\x1f}t\x18?~|\
x\xe3\x1b\xdf\x18v\xdey\xe7\x12O\xc2\xd6\x04\x08\x10\
 @\x80@\xec\x02\xa5\x0f\xd0c\x07\xd0\x1f\x01\x02\x04\
\x08\x10 @`\xd4\xa8Qa\xd2\xa4I\xe1\xb4\xd3N\
\x0b\x97_~y\xb8\xe3\x8e;\xc2C\x0f=\x14z{\
{CwwwX\xbe|y\xb8\xf3\xce;\xc3\x82\x05\
\x0b\xc2W\xbe\xf2\x95\xf0\xa9O}*\xfc\xd3?\xfdS\
8\xf9\xe4\x93\xb3\xf9u\xd2I'\xf9\x8dB\x80\x00\x01\
\x02\x04\xfa\x15p\x93\x00\x01\x02\x04\xe2\x16h\x0e\x89s\
\xfa3\xcc`\xb2\x9er\xca)\xe1\x9cs\xce\x09_\xfa\
\xd2\x97\xc2UW]\x15n\xbf\xfd\xf6\xb0l\xd9\xb2\xf0\
\xc8#\x8f\xac\xff\xf3\xe0\xef~\xf7\xbbp\xf7\xddw\x87\
\xaf}\xedk\xe1\x8c3\xce\x08G\x1cqD\xd8}\xf7\
\xdd\xe3>h\xdd\x11 @\x80\x00\x01\x02C\x160@\
\xef\x9f\xd0]\x02\x04\x08\x10 @ 1\x81\x11#F\
\x84\xc3\x0e;,\xfc\xeb\xbf\xfek\xf8\xfe\xf7\xbf\x1f\xfe\
\xef\xff\xfe/4\x87\xe57\xdcpC\x983gN\xf8\
\xc0\x07>\x10\xc6\x8c\x19\x13\x9aC\xf5\xc4\xa2\x8bC\x80\
\x00\x01\x02\x04\x08\xf4-\xe0\x0e\x01\x02\x04\x08\x10\xd8D\
`\xd7]w\x0d\x07\x1cp@8\xf6\xd8c\xc3\xec\xd9\
\xb3\xc3\xf5\xd7_\x1f~\xf5\xab_\x855k\xd6\xac\x1f\
\xb6\x9f\x7f\xfe\xf9\xeb\x87\xea\xafz\xd5\xab6y\xd6\x05\
\x02\x04\x08\x10 @\xa0\xbe\x02\x06\xe8\xf5=\xbbAt\
n\x09\x01\x02\x04\x08\x10 0l\xd8\xb0\xf0\x96\xb7\xbc\
%\xfc\xcb\xbf\xfcKX\xb2d\xc9\xfa\x9f(o\x0e\xce\
?\xf1\x89O\xac\x1f\xa47\x07\xea\x94\x08\x10 @\x80\
\x00\x01\x02\xf5\x16\xd0=\x01\x02\x04\x08T)\xf0\x8aW\
\xbc\x224?\xee\xfd\xcc3\xcf\x5c?T_\xbdzu\
\xf8\xe9O\x7f\x1a\x9a\x1f\x93\x7f\xf0\xc1\x07\x87-\xb6\xd8\
\xa2\xcav\xd4\x22@\x80\x00\x01\x02\x04\x0a\x160@/\
\x18\xd4v\x05\x0a\xd8\x8a\x00\x01\x02\x04\x08\xb4)\xd0\xfc\
\xdb\xff\xef{\xdf\xfb\xc27\xbf\xf9\xcd\xf5\x1f\xbdw\xef\
\xbd\xf7\x86s\xcf=7\x1cx\xe0\x81a\xf8\xf0\xe1m\
\xee\xea1\x02\x04\x08\x10 @\x80\x00\x81R\x04lJ\
\x80\x00\x81\x04\x04\xde\xf4\xa67\x85\x8f\x7f\xfc\xe3\xe1\xb6\
\xdbn\x0b\xff\xfb\xbf\xff\xbb\xfe\x9f\x00\x9b>}\xbaO\
7K\xe0lE @\x80\x00\x81\xfc\x04\x0c\xd0\xf3;\
s\x89+\x12P\x86\x00\x01\x02\x04\xaa\x15h\xfe\xa4\xf9\
\xb8q\xe3\xc2\xa5\x97^\x1a\x1e|\xf0\xc10o\xde\xbc\
\xf0\xde\xf7\xbe7\xec\xb4\xd3N\xd56\xa2\x1a\x01\x02\x04\
\x08\x10 @\x80@V\x02\xc2\x12 @`c\x81\xed\
\xb7\xdf>\xbc\xf3\x9d\xef\x0c\x97]v\xd9\xfa\x9fLo\
\xfe\xf9t\xd2\xa4Ia\xcb-\xb7\xdcx\xa9\xf7\x04\x08\
\x10 @\x80@\x84\x02\x06\xe8\x11\x1e\x8a\x96\x08D \
\xa0\x05\x02\x04\x08\xd4F\xe0\xff\xfd\xbf\xff\x17N9\xe5\
\x94\xf5C\xf3E\x8b\x16\x85\x13N8\xc1\xd0\xbc6\xa7\
\xa7Q\x02\x04\x08\x10 @\x80\x00\x81\x0e\x0b(O\x80\
@\xc9\x02\xcdaz\xf3\x13\xd2n\xb8\xe1\x86\xf0\xab_\
\xfd*\xcc\x9a5+\x8c\x1c9\xb2\xe4\xaa\xb6'@\x80\
\x00\x01\x02\x04\x86\x22`\x80>\x14=\xcf\x12 \x10\xa9\
\x80\xb6\x08\x10\xc8A\xe0o\xfe\xe6o\xc2\xbf\xff\xfb\xbf\
\x87\xdf\xff\xfe\xf7\xe1\xf3\x9f\xff|\xd8s\xcf=s\x88\
-#\x01\x02\x04\x08\x10 @\x80\x00\x01\x02\xcf\x0bx\
A\xa0^\x02\xbb\xed\xb6[\xf8\xe4'?\x19V\xae\x5c\
\x19\xae\xba\xea\xaap\xf0\xc1\x07\xd7+\x80n\x09\x10 \
@\x80@&\x02\x06\xe8\x99\x1c\xb4\x98\x04\x08\xd4H@\
\xab\x04\x08\xf4)\xb0\xd5V[\x85\xe3\x8e;.\xdc{\
\xef\xbd\xe1\xbe\xfb\xee\x0b\xc7\x1f\x7f|\xd8z\xeb\xad\xfb\
\x5c\xef\x06\x01\x02\x04\x08\x10 @\x80\x00\x01\x02\x04\xa2\
\x15\xd0X\xb6\x02[l\xb1E8\xfa\xe8\xa3\xc3m\xb7\
\xdd\x16~\xfe\xf3\x9f\x87\x13O<1l\xb7\xddv\xd9\
z\x08N\x80\x00\x01\x02\x04b\x130@\x8f\xedD\xf4\
C\x80\x00\x81\x9a\x0bh\x9f@\x19\x02\xcd\xbf\xa5\xff\xe9\
O\x7f:\xfc\xeew\xbf\x0bW\x5cqEx\xcb[\xde\
RF\x19{\x12 @\x80\x00\x01\x02\x04\x08\x10 @\
\x80\xc0 \x05,+F`\xaf\xbd\xf6\x0a\x17_|q\
X\xb5jU\xf8\xe2\x17\xbf\xe8\xd3\xd5\x8aa\xb5\x0b\x01\
\x02\x04\x08\x10\x18\x92\x80\x01\xfa\x90\xf8<L\x80\x00\x01\
\x02\x89\x09\x88\x13\x99\xc0+_\xf9\xca\xf5\x1fo\xf7\xb3\
\x9f\xfd,\xcc\x9c93\xec\xb4\xd3N\x91u\xa8\x1d\x02\
\x04\x08\x10 @\x80\x00\x01\x02\x04\x08\x10\xa8\xa1@t\
-7\x7f\x02\xfd#\x1f\xf9HX\xbati\xf8\xb7\x7f\
\xfb\xb7\xf0\x9a\xd7\xbc&\xba\x1e5D\x80\x00\x01\x02\x04\
r\x110@\xcf\xe5\xa4\xe5$@\x80\x00\x81\x0c\x04\xd2\
\x89\xf8\x17\x7f\xf1\x17\xe1\xb3\x9f\xfd\xec\xfa\x7f\x17n\xd6\
\xacYa\xc4\x88\x11\xe9\x84\x93\x84\x00\x01\x02\x04\x08\x10\
 @\x80\x00\x01\x02\x04\x08\xf4!\xf0\xf2\x97\xbf<\x9c\
t\xd2I\xe1\xd7\xbf\xfeu\xb8\xec\xb2\xcb\xc2\xeb^\xf7\
\xba\xcd\xact\x89\x00\x01\x02\x04\x08\x10(S\xc0\x00\xbd\
L]{\x13 @\x80\x00\x01\x02\x83\x17xv\xe5\xb0\
a\xc3\xc2\xfb\xde\xf7\xbe\xf0\xa3\x1f\xfd(|\xecc\x1f\
\x0b\xafx\xc5+\x9e\xbd\xea\x7f\x04\x08\x10 @\x80\x00\
\x01\x02\x04\x08\x10 @ /\x81-\xb7\xdc2L\x9f\
>=\xfc\xe4'?\x09g\x9cqF\xd8j\xab\xad\xd2\
\x01\x90\x84\x00\x01\x02\x04\x08D.`\x80\x1e\xf9\x01i\
\x11C\x22I\x00\x00\x10\x00IDAT\x8f\x00\x01\x02\
\x04\x08\xe4\x22p\xd0A\x07\xad\xff\x0f\x03\xf3\xe6\xcd\xab\
\xe5G\xd5\xe5rNr\x12 @\x80\x00\x01\x02\x04\x08\
\x10 @\x80@u\x02\xcd\x8fv\x9f={vx\xf0\
\xc1\x07\xc3QG\x1dU]a\x95\xfa\x14p\x83\x00\x01\
\x02\x04\xd2\x170@O\xff\x8c%$@\x80\x00\x01\x02\
Q\x0b4\x7f\xca\xfc\xf3\x9f\xff|\xb8\xe3\x8e;\xc2\xde\
{\xef\x1du\xaf\x097'\x1a\x01\x02\x04\x08\x10 @\
\x80\x00\x01\x02\x04\x08D,\xf0\xfa\xd7\xbf>|\xfb\xdb\
\xdf\x0e\xd7^{m\xd8i\xa7\x9d\x22\xeeTk\x91\x0b\
h\x8f\x00\x01\x02\x04\x06!`\x80>\x08$K\x08\x10\
 @\x80\x00\x81r\x04\xde\xfe\xf6\xb7\x87\x07\x1ex \
\x9cr\xca)\xa1\xf9\xf1\xed\xe5T\xb1k\xfa\x02\x12\x12\
 @\x80\x00\x01\x02\x04\x08\x10 @ \x0f\x81#\x8f\
<2\xfc\xfc\xe7?\x0f\xd3\xa6M\xcb#\xb0\x94\x04^\
\x22\xe0\x0d\x01\x02\x04\xaa\x110@\xaf\xc6Y\x15\x02\x04\
\x08\x10 @\xe0E\x02/\x7f\xf9\xcb\xc3\xa5\x97^\x1a\
n\xba\xe9\xa60j\xd4\xa8\x17\xdd\xf1\x92@\x86\x02\x22\
\x13 @\x80\x00\x01\x02\x04\x08\x10 @\xa0\x05\x81\xe6\
O\xa0\xcf\x9f?\x7f\xfdO\xa3\xef\xb0\xc3\x0e-<i\
)\x01\x02\x1d\x15P\x9c\x00\x81\xda\x08\x18\xa0\xd7\xe6\xa8\
4J\x80\x00\x01\x02\x04\xd2\x10x\xe3\x1b\xdf\x18~\xf4\
\xa3\x1f\x85\x13N8!\x8d@R\x10\xc8\x5c@|\x02\
\x04\x08\x10 @\x80\x00\x01\x02\x04:#\xd0\xfci\xf4\
\x9f\xfc\xe4'a\xf4\xe8\xd1\x9di@U\x02\x04\xb2\x12\
\x10\x96@N\x02\x06\xe89\x9d\xb6\xac\x04\x08\x10 @\
\xa0\xc3\x02\xcd\xa1\xf9}\xf7\xdd\x17\x9aC\xf4\x0e\xb7\xa2\
<\x01\x02\x04\x9a\x02~\x11 @\x80\x00\x01\x02\x04\x08\
\x10\xa8\xb5\xc0n\xbb\xed\x16\x16-Z\x14\xce>\xfb\xec\
0|\xf8\xf0Zg\xd1<\x01\x02\x04J\x14\xb05\x81\
\x96\x04\x0c\xd0[\xe2\xb2\x98\x00\x01\x02\x04\x08\x10hG\
`\xdbm\xb7]\xff\xd1r\xcd\x8fm\xdfz\xeb\xad\xdb\
\xd9\xc23\x04\x08\x10 \xb0\x89\x80\x0b\x04\x08\x10 @\
\x80\x00\x01\x02\x04\xc2\xfa\xc1\xf99\xe7\x9c\x13n\xbd\xf5\
\xd60r\xe4H$\x04\x08\x10 \x90\x9c\x80@U\x0b\
\x18\xa0W-\xae\x1e\x01\x02\x04\x08\x10\xc8L\xa0\xf9\xd3\
\xe6K\x97.\x0d\xcd\x8f\x96\xcb,\xba\xb8\x04\x08\x10 \
\xd0\x9f\x80{\x04\x08\x10 @\x80\x00\x01\x02\x85\x0a\x8c\
\x1b7.\xfc\xf8\xc7?\x0e\xcd\xef\x85nl3\x02\x04\
\x08\x10 0\x14\x81\x1a>k\x80^\xc3C\xd32\x01\
\x02\x04\x08\x10\xa8\x8b\xc0\xf4\xe9\xd3C\xf3#\xdbw\xdf\
}\xf7\xe0\xff\x08\x10 @\x80@J\x02\xb2\x10 @\
\x80\x00\x01\x02\x04b\x14h\xfe\x04z\xf3'\xd1\xcf<\
\xf3\xcc\xf5?\x99\x1ec\x8fz\x22@\x80\x00\x01\x02\xb1\
\x0b\xbcx\x80\x1e{\xaf\xfa#@\x80\x00\x01\x02\x04j\
\x22\xd0\xd5\xd5\x15\xce?\xff\xfcp\xd9e\x97\x05\x1f\xd9\
^\x93C\xd3&\x01\x02\x04\x08\xe4$ +\x01\x02\x04\
\x08\x10 \x90\xb0\xc0\xf0\xe1\xc3\xd7\xff\x99\xfc\xaa\xab\xae\
\x0a[n\xb9e\xc2IE#@\x80\x00\x01\x02\xe5\x08\
$4@/\x07\xc8\xae\x04\x08\x10 @\x80@k\x02\
\xdbl\xb3M\xb8\xf6\xdakC\xf3o\xbb\xb7\xf6\xa4\xd5\
\x04\x08\x10 @\x80\x00\x81\xc1\x08XC\x80\x00\x01\x02\
\x04\x08\x0cF\xe0]\xefzWh\xfe4\xfaN;\xed\
4\x98\xe5\xd6\x10 @\x80\x00\x01\x02\xcf\x09\x18\xa0?\
\x07\xd1\xf1o\x1a @\x80\x00\x01\x02\x09\x08\xec\xb2\xcb\
.\xe1\xae\xbb\xee\x0aS\xa6LI \x8d\x08\x04\x08\x10\
 @\x80\x00\x81\x12\x04lI\x80\x00\x01\x02\x04*\x14\
\x18=zt\xf8\xe1\x0f\x7f\x18\xde\xf0\x867TXU\
)\x02\x04\x08\x10 Po\x01\x03\xf4z\x9f_4\xdd\
k\x84\x00\x01\x02\x04\x08\xec\xbc\xf3\xcea\xd1\xa2E\xe1\
\xcdo~3\x0c\x02\x04\x08\x10 @\x80\x00\x81D\x05\
\xc4\x22@\x80\x00\x81\xfa\x09\xbc\xfe\xf5\xaf\x0f\xb7\xddv\
[\xd8s\xcf=\xeb\xd7\xbc\x8e\x09\x10 @\x80@\x07\
\x04\x0c\xd0;\x80\xaedt\x02\x1a\x22@\x80\x00\x81!\
\x0a\xbc\xf6\xb5\xaf]\xff\x93\xe7{\xec\xb1\xc7\x10w\xf2\
8\x01\x02\x04\x08\x10 @\x80\x00\x81\xd2\x04lL\x80\
\x00\x81l\x05\xfe\xe2/\xfe\x22,^\xbc8\xec\xb3\xcf\
>\xd9\x1a\x08N\x80\x00\x01\x02\x04\x06+`\x80>X\
)\xeb\x08D+\xa01\x02\x04\x08tV\xa094\xbf\
\xf3\xce;C\xf3{g;Q\x9d\x00\x01\x02\x04\x08\x10\
 @\x80@\xca\x02\xb2\x11 @`h\x02\xcd!z\
\xf3'\xd1\x0f<\xf0\xc0\xa1m\xe4i\x02\x04\x08\x10 \
\x90\xb8\x80\x01z\xe2\x07,\x1e\x81\xe8\x054H\x80@\
\xad\x05v\xd9e\x97\xf0\xfd\xef\x7f?4\x7f\x02\xbd\xd6\
A4O\x80\x00\x01\x02\x04\x08\x10 @\x80@\xb9\x02\
v'@ \x0a\x81\x1dv\xd8!\x5c\x7f\xfd\xf5a\xef\
\xbd\xf7\x8e\xa2\x1fM\x10 @\x80\x00\x81\x18\x05\x0c\xd0\
c<\x15=\x11 P\x1b\x01\x8d\x12\xc8Y`\xbb\xed\
\xb6\x0b7\xdf|sh\xfe[j9;\xc8N\x80\x00\
\x01\x02\x04\x08\x10 @\x80@\xfa\x02\x12\x12HI`\
\xc7\x1dw\x0c7\xddtSh\xfe\xa5\xf8\x94r\xc9B\
\x80\x00\x01\x02\x04\x8a\x120@/J\xd2>\x04\x08\x10\
\xa8\x9f\x80\x8e\x09\xb4-\xf0\xf2\x97\xbf|\xfd\xdfX\x7f\
\xe3\x1b\xdf\xd8\xf6\x1e\x1e$@\x80\x00\x01\x02\x04\x08\x10\
 @\x80\x00\x81J\x04\x14!\xb0\x89@sx\xde\x1c\
\xa27\x87\xe9\x9b\xdct\x81\x00\x01\x02\x04\x08d.`\
\x80\x9e\xf9o\x00\xf1\x09\x10 P_\x01\x9dwJ\xe0\
e/{Y\xb8\xfa\xea\xab\xc3\xf8\xf1\xe3;\xd5\x82\xba\
\x04\x08\x10 @\x80\x00\x01\x02\x04\x08\x10 \x90\x8d\x80\
\xa0e\x094?\xc6\xfd\x86\x1bn\x08\xcdO\x98+\xab\
\x86}\x09\x10 @\x80@\x1d\x05\x0c\xd0\xebxjz\
&@\x80\x00\x81\xfa\x0b\xd48\xc1\x9c9s\xc2\xe1\x87\
\x1f^\xe3\x04Z'@\x80\x00\x01\x02\x04\x08\x10 @\
\x80\x00\x01\x02\x15\x09D^f\xbf\xfd\xf6\x0bW\x5cq\
E\x186\xcc\xa8 \xf2\xa3\xd2\x1e\x01\x02\x04\x08T(\
\xe0\xff+V\x88\xad\x14\x01\x02\x04\x08\x10\xa8\xbb\xc0)\
\xa7\x9c\x12N>\xf9\xe4P\xf7\x1c\xfa'@\x80\x00\x01\
\x02\x04\x08\x10 @\x80\x00\x01\x02\x046\x08\x1cu\xd4\
Q\xe1s\x9f\xfb\xdc\x867\x1b}\xf5\x96\x00\x01\x02\x04\
\x08\xe4(`\x80\x9e\xe3\xa9\xcbL\x80\x00\x01\x02\x04\xda\
\x10x\xe7;\xdf\x19.\xbc\xf0\xc26\x9e\x8c\xee\x11\x0d\
\x11 @\x80\x00\x01\x02\x04\x08\x10 @\x80\x00\x01\x02\
/\x12h\xfee\xf9\xe6_\x9a\x7f\xd1\xa5\x14^\xca@\
\x80\x00\x01\x02\x04\xda\x120@o\x8b\xcdC\x04\x08\x10\
 @ /\x81=\xf7\xdc\xd3G\xbaEs\xe4\x1a!\
@\x80\x00\x01\x02\x04\x08\x10 @\x80\x00\x01\x02\xc5\x0b\
4\xff\xd2\xfc\xe4\xc9\x93\x8b\xdf\xd8\x8em\x0ax\x8c\x00\
\x01\x02\x04:%`\x80\xde)yu\x09\x10 @\x80\
@M\x04F\x8c\x18\x11\xae\xbb\xee\xba\xd0\xfc^\x93\x96\
\xb5\x19\xb3\x80\xde\x08\x10 @\x80\x00\x01\x02\x04\x08\x10\
 @ J\x81\xe6\xbf\x83>\x7f\xfe\xfc\xb0\xd7^{\
E\xd9\x9f\xa6j&\xa0]\x02\x04\x08\xd4X\xc0\x00\xbd\
\xc6\x87\xa7u\x02\x04\x08\x10 P\xb6@\xf3\x0f\xcfW\
^yeh\xfe\x04z\xd9\xb5\xecO\xa0\x0e\x02z$\
@\x80\x00\x01\x02\x04\x08\x10 @\x80@\xca\x02\xcd\xbf\
<\x7f\xed\xb5\xd7\x86m\xb6\xd9&\xe5\x98\xb2\x11\x18P\
\xc0\x02\x02\x04\xf2\x160@\xcf\xfb\xfc\xa5'@\x80\x00\
\x01\x02\xfd\x0a\x9c\x7f\xfe\xf9a\xd2\xa4I\xfd\xaeq\x93\
\x00\x81\xda\x08h\x94\x00\x01\x02\x04\x08\x10 @\x80\x00\
\x01\x02\x03\x0a4\x7f\x02\xfd\xab_\xfd\xea\x80\xeb, \
@ Z\x01\x8d\x11 0D\x01\x03\xf4!\x02z\x9c\
\x00\x01\x02\x04\x08\xa4*\xf0\xd6\xb7\xbe5|\xfc\xe3\x1f\
O5\x9e\x5c\x04\x08\xd4N@\xc3\x04\x08\x10 @\x80\
\x00\x01\x02\x04\x08T%0m\xda\xb4p\xdcq\xc7U\
UN\x1d\x02\x04\x08\xbcH\xc0K\x02\x9d\x170@\xef\
\xfc\x19\xe8\x80\x00\x01\x02\x04\x08D'\xb0\xc3\x0e;\x84\
\xe6G\xb77?\xc2=\xba\xe64D\x80\x00\x81:\x0a\
\xe8\x99\x00\x01\x02\x04\x08\x10 @\x80@\xcd\x04\xbe\xf8\
\xc5/\x86\xd7\xbf\xfe\xf55\xebZ\xbb\x04\x08\x10\xe8\xb0\
\x80\xf2I\x08\x18\xa0'q\x8cB\x10 @\x80\x00\x81\
b\x05.\xbd\xf4\xd2\xf0\xba\xd7\xbd\xae\xd8M\xedF\x80\
\x00\x01\x02\xb5\x15\xd08\x01\x02\x04\x08\x10 @\x80@\
~\x02\xafx\xc5+\xc2\xfc\xf9\xf3\x83\xbf\x5c\x9f\xdf\xd9\
KL\x80@\xbe\x02\x92o\x100@\xdf\xe0\xe0+\x01\
\x02\x04\x08\x10 \xf0\x9c\xc0\x91G\x1e\x19\xde\xfd\xeew\
?\xf7\xce7\x02\x04\x08\x10 P{\x01\x01\x08\x10 \
@\x80\x00\x01\x02\x04\xda\x14\xd8\x7f\xff\xfd\xc3G?\xfa\
\xd16\x9f\xf6\x18\x01\x02\x04\x08\x10\xa8T\xa0\xb0b\x06\
\xe8\x85Q\xda\x88\x00\x01\x02\x04\x08\xd4_`\xdbm\xb7\
\x0d\x17_|q\xfd\x83H@\x80\x00\x01\x02\x04\x92\x11\
\x10\x84\x00\x01\x02\x04\x08\x10 \xd0Y\x81s\xcf=7\
\xec\xb6\xdbn\x9dmBu\x02\x04\x08\x10 P\xa1@\
g\x06\xe8\x15\x06T\x8a\x00\x01\x02\x04\x08\x10\x18\xbc\xc0\
y\xe7\x9d\x17^\xf3\x9a\xd7\x0c\xfe\x01+\x09\x10 @\
\x80\x00\x01\x02\xfd\x09\xb8G\x80\x00\x01\x02\x04\x08\xd4^\
`\xbb\xed\xb6\xf3\x97\xedk\x7f\x8a\x02\x10 @\x80@\
+\x02\x06\xe8\xadh=\xb7\xd67\x02\x04\x08\x10 \x90\
\xa2\xc0\xbe\xfb\xee\x1bN<\xf1\xc4\x14\xa3\xc9D\x80\x00\
\x01\x02\x04\x08\x10hK\xc0C\x04\x08\x10 @\x80\xc0\
\x06\x81)S\xa6\x84\xe6?\xf9\xb6\xe1\x9d\xaf\x04\x08\x10\
 @ m\x01\x03\xf4\xb4\xcfws\xe9\x5c#@\x80\
\x00\x01\x02\x9b\x15\xf8\xd4\xa7>\x15\x86\x0f\x1f\xbe\xd9{\
.\x12 @\x80\x00\x01\x02\x04\x08\xd4N@\xc3\x04\x08\
\x10 @\xa0P\x81/|\xe1\x0ba\xab\xad\xb6*t\
O\x9b\x11 @\x80\x00\x81\x18\x05\x0c\xd0c<\x15=\
\xf5#\xe0\x16\x01\x02\x04\x08\x94!\xd0\xfc[\xe4\x87\x1d\
vX\x19[\xdb\x93\x00\x01\x02\x04\x08\x10 @\x80@\
\x1b\x02\x1e!@\x80\x00\x81\xd8\x04F\x8d\x1a\x15N=\
\xf5\xd4\xd8\xda\xd2\x0f\x01\x02\x04\x08\x10(\x5c\xc0\x00\xbd\
pR\x1b\x12\xe8G\xc0-\x02\x04\x08D(\xd0\xfc\xdb\
\xe3\x17]tQ\x84\x9di\x89\x00\x01\x02\x04\x08\x10 \
@\x80@M\x05\xb4M\x80\x00\x81D\x05\xce<\xf3\xcc\
\xf0\xaaW\xbd*\xd1tb\x11 @\x80\x00\x81\x0d\x02\
\x06\xe8\x1b\x1c|%@`\x10\x02\x96\x10 \x90\xa6@\
\xf3o\x8f\xbf\xf6\xb5\xafM3\x9cT\x04\x08\x10 @\
\x80\x00\x01\x02\x04\x08\xb4,\xe0\x01\x02\x04\x08\xf4%\xb0\
\xfd\xf6\xdb\x87O~\xf2\x93}\xddv\x9d\x00\x01\x02\x04\
\x08$!`\x80\x9e\xc41\x0aA\x80\xc0 \x04,!\
@`3\x02#F\x8c\x08g\x9cq\xc6f\xee\xb8D\
\x80\x00\x01\x02\x04\x08\x10 @\x80\x00\x81Z\x0ah\x9a\
\x00\x81\x92\x05\xfe\xe1\x1f\xfe!\xfc\xe5_\xfee\xc9U\
lO\x80\x00\x01\x02\x04:'`\x80\xde9{\x95\x09\
\x10 \xd0\x82\x80\xa5\x04\xca\x11h\xfe\xf4ys\x88^\
\xce\xeev%@\x80\x00\x01\x02\x04\x08\x10 @\x80\x00\
\x81\xd6\x04\xac&\x10\xbf\xc0\xcb^\xf6\xb20k\xd6\xac\
\xf8\x1b\xd5!\x01\x02\x04\x08\x10hS\xc0\x00\xbdM8\
\x8f\x11 @\x80@\x0b\x02\x96F)\xd0\x1c\x9c\x9fr\
\xca)Q\xf6\xa6)\x02\x04\x08\x10 @\x80\x00\x01\x02\
\x04\x08\x10\xa8\xa1\x80\x96\xb3\x118\xe6\x98c\xfc\x14z\
6\xa7-(\x01\x02\x04\xf2\x130@\xcf\xef\xcc%&\
@\x80\x00\x81\x16\x05R]~\xe6\x99g\x86\xe6\x10=\
\xd5|r\x11 @\x80\x00\x01\x02\x04\x08\x10 @\x80\
\x00\x81V\x04\xac\x1d\xbc@\xf3\xa7\xd0\xcf;\xef\xbc\xc1\
?`%\x01\x02\x04\x08\x10\xa8\x91\x80\x01z\x8d\x0eK\
\xab\x04\x08\x10 @\xa0\x0d\x81\xcd>\xf2\xcaW\xbe2\
\x9ct\xd2I\x9b\xbd\xe7\x22\x01\x02\x04\x08\x10 @\x80\
\x00\x01\x02\x04\x08\x10 P;\x81\xca\x1b\x9e:uj\
x\xc3\x1b\xdePy]\x05\x09\x10 @\x80@\xd9\x02\
\x06\xe8e\x0b\xdb\x9f\x00\x01\x02\x04\x08D(\xf0\xa1\x0f\
}(l\xb3\xcd6\x11v\xb6qK\xde\x13 @\x80\
\x00\x01\x02\x04\x08\x10 @\x80\x00\x01\x021\x0atu\
u\x85\x8f~\xf4\xa3\x05\xb5f\x1b\x02\x04\x08\x10 \x10\
\x8f\x80\x01z<g\xa1\x13\x02\x04\x08\x10 P\x89@\
\xf3c\xd6>\xf2\x91\x8fTR+\xfb\x22\x00\x08\x10 \
@\x80\x00\x01\x02\x04\x08\x10 @\x80@\xc2\x02\xc7\x1e\
{lh~\xca]\xc2\x11\x07\x17\xcd*\x02\x04\x08\x10\
HJ\xc0\x00=\xa9\xe3\x14\x86\x00\x01\x02\x04\x08\x0c,\
\xf0w\x7f\xf7w\xe15\xafy\xcd\xc0\x0b\xad\xc8^\x00\
\x00\x01\x02\x04\x08\x10 @\x80\x00\x01\x02\x04\x08\x10\xe8\
O\xa0\xf9\xe9v\xcdO\xb9\xebo\x8d{\xf1\x0b\xe8\x90\
\x00\x01\x02\x04^*`\x80\xfeR\x0f\xef\x08\x10 @\
\x80@\xf2\x02\xa7\x9crJ\xf2\x19\x05$\x10B\x80@\
\x80\x00\x01\x02\x04\x08\x10 @\x80\x00\x01\x02\x15\x08|\
\xf8\xc3\x1f\x0e\xcdO\xbb\xab\xa0\x94\x12\x046'\xe0\x1a\
\x01\x02\x04\x0a\x170@/\x9c\xd4\x86\x04\x08\x10 @\
 ^\x81Q\xa3F\x85\xfd\xf6\xdb/\xde\x06uF\x80\
\xc0s\x02\xbe\x11 @\x80\x00\x01\x02\x04\x08\x10 @\
\xa0\x1e\x02\xbb\xed\xb6[\x18=zt=\x9a\xd5%\x81\
\xe8\x044D\x80@\x8c\x02\x06\xe81\x9e\x8a\x9e\x08\x10\
 @\x80@I\x02\xc7\x1f\x7f|\xe8\xea\xea*iw\
\xdb\x12 @\xe09\x01\xdf\x08\x10 @\x80\x00\x01\x02\
\x04\x08\x10\xc8J\xe0\x84\x13N\xc8*\xaf\xb0\x04\x08<\
'\xe0\x1b\x81D\x05\x0c\xd0\x13=X\xb1\x08\x10 @\
\x80\xc0\xc6\x02[l\xb1E8\xee\xb8\xe36\xbe\xec=\
\x01\x02\x04\x08l$\xe0-\x01\x02\x04\x08\x10 @\x80\
\x00\x01\x02\xad\x09\xbc\xeb]\xef\x0a\xafz\xd5\xabZ{\
\xc8j\x02\x04\x08tX@y\x02}\x09\x18\xa0\xf7%\
\xe3:\x01\x02\x04\x08\x10HL`\xf2\xe4\xc9\xa1\xf9\x11\
\xee\x89\xc5\x12\x87\x00\x01\x02\x04^*\xe0\x1d\x01\x02\x04\
\x08\x10 @\x80\x00\x81\xca\x05\x9a\x7fi\xff\x98c\x8e\
\xa9\xbc\xae\x82\x04\x08\x10\xc8X@\xf4\x12\x05\x0c\xd0K\
\xc4\xb55\x01\x02\x04\x08\x10\x88I`\xe2\xc4\x891\xb5\
\xa3\x17\x02\x04\x08\x10 \xb0\x19\x01\x97\x08\x10 @\x80\
\x00\x01\x02\x04\xea*\xf0\x9e\xf7\xbc\xa7\xae\xad\xeb\x9b\x00\
\x01\x02\x04*\x17\x88\xbb\xa0\x01z\xdc\xe7\xa3;\x02\x04\
\x08\x10 P\x88\xc0\x96[n\x19\xa6L\x99R\xc8^\
6!@\x80\x00\x01\x02\x04\xfa\x10p\x99\x00\x01\x02\x04\
\x08\x10 \x90\xb1\xc0~\xfb\xed\x17^\xfd\xeaWg,\
 :\x01\x02\x04\x08\xa4\x220\xe0\x00=\x95\xa0r\x10\
 @\x80\x00\x81\x9c\x05&L\x98\x10F\x8e\x1c\x993\
\x81\xec\x04\x08\x10 @\x80\xc0\x00\x02n\x13 @\x80\
\x00\x01\x02\x04\x86\x22\xd0\xd5\xd5\xe5/\xef\x0f\x05\xd0\xb3\
\x04\x08\x10 \x10\x8d@\xea\x03\xf4h\xa05B\x80\x00\
\x01\x02\x04:)p\xe4\x91Gv\xb2\xbc\xda\x04\x08\x10\
 @\x80\x00\x81\xb2\x05\xecO\x80\x00\x01\x02\x04\x08D\
 \xe0\xbf?Dp\x08Z @\x80\x00\x81!\x0b\x18\
\xa0\x0f\x99\xb0\xcc\x0d\xecM\x80\x00\x01\x02\x04\x8a\x11\x98\
8qb1\x1b\xd9\x85\x00\x01\x02\x04\x08\x10 @\xa0\
\x04\x01[\x12 @\x80\x00\x814\x04\xc6\x8f\x1f\x1fF\
\x8c\x18\x91F\x18)\x08\x10 @ [\x01\x03\xf4l\
\x8f\xbe\x82\xe0J\x10 @\x80@\x14\x02{\xed\xb5W\
\x185jT\x14\xbdh\x82\x00\x01\x02\x04\x08\x10 @\
 A\x01\x91\x08\x10 @\x80\xc0s\x02[m\xb5U\
8\xf8\xe0\x83\x9f{\xe7\x1b\x01\x02\x04\x08\x10\xa8\xa7\x80\
\x01z=\xcfM\xd7\x15\x08(A\x80\x00\x81T\x04|\
|Z*')\x07\x01\x02\x04\x08\x10 @\x80@\x19\
\x02\xf6$@\x80\x00\x81b\x05|\x0a^\xb1\x9ev#\
@\x80\x00\x81\xea\x05\x0c\xd0\xab7W\x91@\x15\x02j\
\x10 @\xe0y\x01\x7fp}\x9e\xc2\x0b\x02\x04\x08\x10\
 @\x80\x00\x01\x02\xa9\x09\xc8C\x80\x00\x81\xe8\x04\xfc\
w\x88\xe8\x8eDC\x04\x08\x10 \xd0\xa2\x80\x01z\x8b\
`\x96\x13 P\x85\x80\x1a\x04\x08\x14%\xd0\xfcw\xc7\
\x0e8\xe0\x80\xa2\xb6\xb3\x0f\x01\x02\x04\x08\x10 @\x80\
\x00\x01\x02\x04\x0a\x14\xb0\x15\x01\x02)\x0a4\xff\x19\xb9\
\xe6?'\x97b6\x99\x08\x10 @ \x0f\x01\x03\xf4\
<\xceYJ\x02\x04\xaa\x14P\x8b@D\x02o~\xf3\
\x9b\xc3\x96[n\x19QGZ!@\x80sV\xf1\xb3\
\x00\x00\x10\x00IDAT\x00\x01\x02\x04\x08\x10 @\
\x80@\x22\x02b\x10 \xd0\xa7\xc0\xfe\xfb\xef\xdf\xe7=\
7\x08\x10 @\x80@\xec\x02\x06\xe8\xb1\x9f\x90\xfe\x08\
\x10 P\xb1\x80ri\x09\xf8\x03kZ\xe7)\x0d\x01\
\x02\x04\x08\x10 @\x80\x00\x01\x02\x04\x8a\x12\xb0\x0f\x81\
2\x05\xfc\xf7\x882u\xedM\x80\x00\x01\x02e\x0b\x18\
\xa0\x97-l\x7f\x02\x04\x08\x10\xa8R@\xad\x8d\x04\xfc\
\x81u#\x10o\x09\x10 @\x80\x00\x01\x02\x04\x08\x10\
 @ \x05\x01\x19\x22\x17\xf0\xdf#\x22? \xed\x11\
 @\x80@\xbf\x02\x06\xe8\xfd\xf2\xb8I\x80\x00\x01\x02\
\x04\xaa\x14(\xb6\xd6\xb0a\xc3\xc2\xe8\xd1\xa3\x8b\xdd\xd4\
n\x04\x08\x10 @\x80\x00\x01\x02\x04\x08\x10 @\x80\
\xc0\x10\x05\xd2\x7f\xfcMozS\xd8i\xa7\x9d\xd2\x0f\
*!\x01\x02\x04\x08$)`\x80\x9e\xe4\xb1\x0aE\x80\
\x00\x01\x02\x04B\xd8y\xe7\x9d\xc3\x8e;\xeeX\x1d\x85\
J\x04\x08\x10 @\x80\x00\x01\x02\x04\x08\x10 @\x80\
@\xfa\x02\x83H\xd8\xfcK\xfd{\xef\xbd\xf7 VZ\
B\x80\x00\x01\x02\x04\xe2\x130@\x8f\xefLtD\x80\
\x00\x01\x02\x04\x0a\x11\xd8g\x9f}\x0a\xd9'\x97M\xe4\
$@\x80\x00\x01\x02\x04\x08\x10 @\x80\x00\x01\x02\x04\
\x8a\x13\xd8k\xaf\xbd\x8a\xdb\xac\xc0\x9dlE\x80\x00\x01\
\x02\x04\x06\x120@\x1fH\xc8}\x02\x04\x08\x10 P\
S\x81}\xf6\xd9\xa7\xa6\x9dk\xbb\x0d\x01\x8f\x10 @\
\x80\x00\x01\x02\x04\x08\x10 @\x80\x00\x81\xa8\x04\xfcw\
\x89R\x8e\xc3\xa6\x04\x08\x10 P\x81\x80\x01z\x05\xc8\
J\x10 @\x80\x00\x81N\x08\xf8\x83j'\xd4\xd5l\
O\xc0S\x04\x08\x10 @\x80\x00\x01\x02\x04\x08\x10 \
\x90\x9a\x80\xff.\x91\xda\x89\x16\x91\xc7\x1e\x04\x08\x10\xa8\
\x87\x80\x01z=\xceI\x97\x04\x08\x10 @\xa0e\x01\
\x7fPm\x99\xcc\x03\x04\xda\x13\xf0\x14\x01\x02\x04\x08\x10\
 @\x80\x00\x01\x02\x04\x08l\x22\xe0#\xdc7!q\
\xa1\xee\x02\xfa'@ \x1b\x01\x03\xf4l\x8eZP\x02\
\x04\x08\x10\xc8M`\xe4\xc8\x91\xb9E\x96\x97\x00\x816\
\x04<B\x80\x00\x01\x02\x04\x08\x10 @\x80\x00\x812\
\x04F\x8c\x18\x11\x9a\xbf\xca\xd8\xdb\x9e\x04\x08\xb4.\xe0\
\x09\x02\x04\x06/`\x80>x++\x09\x10 @\x80\
@m\x04\xb6\xdbn;\x7fH\xad\xcdii\x94\x00\x81\
!\x08x\x94\x00\x01\x02\x04\x08\x10 @\x80\x00\x81\x88\
\x05^\xfb\xda\xd7F\xdc\x9d\xd6\x08\x10\xa8\x91\x80V\x09\
T*`\x80^)\xb7b\x04\x08\x10 @\xa0\x1a\x81\
W\xbf\xfa\xd5\xd5\x14R\x85\x00\x01\x02\x04\x86 \xe0Q\
\x02\x04\x08\x10 @\xe0\xff\xb3w'\xd0v\x95\xe5\xdd\
\xc0\x9f\x1b!RFQ\x0b\x88\x13\xd6\x19gQ\x14\xba\
,\x02\xfd@p\xe1\x80\xe2P\x16-*.Z\x11\xda\
B\x11\xd0B\xa1REp\x01\xca R\x15\x11\x07,\
`\x91\xa2\x84P!X\x96\x0c2\x05\x10\x13\x02J\x08\
\x900\x04\xccHf\xbe\xbc\xf7&d\xe0\x0eg\xd8\xe7\
\xec\xbd\xdf\xfd\xbb\x8bs\xef\xb9\xe7\xec\xfd\xbe\xcf\xff\xf7\
^\x92\x9b\xf3\xec\xbd\x0f\x01\x02\x04\xf2\x16\xd0@\xcf{\
}\xa5#@\xa0U\x01\xdb\xd5M@\x03\xbdn+\xa6\
^\x02\x04\x08\x10 \xd0\x82\xc0\xb6\xdbn\xdb\xc2V6\
!@\x80\x00\x01\x02]\x08\xd8\x95\x00\x01\x02\x04\x08\x10\
 @\x80\xc0\x18\x02\x1a\xe8c\x00y\x9a\x00\x01\x02u\
\x10h`\x8d\x1a\xe8\x0d\x5ct\x91\x09\x10 @ \x7f\
\x81t\x09\xf7\xfcSJH\x80\x00\x01\x02\x04:\x17\xb0\
'\x01\x02\x04\x08\x10 @\x80@\xef\x05\xb6\xdez\xeb\
\xdeOb\x06\x02\x04\x08\x10 0\x8a@'Oi\xa0\
w\xa2f\x1f\x02\x04\x08\x10 Pq\x81\x17\xbc\xe0\x05\
\x15\xafPy\x04\x08\x10 @\x80@\x17\x02v%@\
\x80\x00\x01\x02\x04\x08\xd4B`\x8b-\xb6\xa8E\x9d\x8a\
$@\x80\x00\x01\x02k\x0bT\xa8\x81\xbevY\xee\x13\
 @\x80\x00\x01\x02\xdd\x088\x03\xbd\x1b=\xfb\x12 \
@\x80\x00\x01\x02\xbd\x150:\x01\x02\x04\x08\x10 \xd0\
\x14\x01\x0d\xf4\xa6\xac\xb4\x9c\x04\x08\x10\xc8K@\x03\xbd\
\xa8\xf54\x0e\x01\x02\x04\x08\x10\xa8\x90\x803\xd0+\xb4\
\x18J!@\x80\x00\x01\x02\x04\xf2\x12\x90\x86\x00\x01\x02\
\x04\x08\x10hY\xc0%\xdc[\xa6\xb2!\x01\x02\x04\x08\
TH@\x03\xbdB\x8bQf)\xe6&@\x80\x00\x81\
\xbc\x04\x9c\x81\x9e\xd7zJC\x80\x00\x01\x02\x04\x08\x10\
(J\xc08\x04\x08\x10 @\xa0\x9f\x02\xce@\xef\xa7\
\xb6\xb9\x08\x10 @\xa0(\x01\x0d\xf4\xa2$\x8dS\xa6\
\x80\xb9\x09\x10 @`=\x81\xf1\xe3\xc7\xaf\xf7\x88o\
\x09\x10 @\x80\x00\x01\x02\x04\x08\xd4^@\x00\x02\x04\
\x08\x10\xa8\x99\xc0s\x9f\xfb\xdc\x9aU\xac\x5c\x02\x04\x08\
\x10 \x10\xa1\x81\xee\xa7\x80@\xe9\x02\x0a @\x80@\
\xf1\x02\xfe\x81Z\xbc\xa9\x11\x09\x10 @\x80\x00\x01\x02\
\x04\x08t'`o\x02\x04\x084O`\xa3\x8d6j\
^h\x89\x09\x10 @\xa0\xf6\x02\x1a\xe8\xb5_B\x01\
\x08\x94,`z\x02\x04\x08\x10 @\x80\x00\x01\x02\x04\
\x08\x10 @ \x7f\x01\x09\x09\x10 @\x80\x00\x01\x02\
\x04\x084D@\x03\xbd!\x0b-&\x01\x02\xc3\x0bx\
\x94@\xae\x02.\xe1\x9e\xeb\xca\xcaE\x80\x00\x01\x02\x04\
\x08\x10 @\x80@'\x02\xf6!@\xa0\x1c\x01W\xc8\
+\xc7\xdd\xac\x04\x08\x10 \xd0\x9d\x80\x06zw~\xf6\
&@\x80@\x99\x02\xe6&0\xa2\x80\x06\xfa\x884\x9e\
 @\x80\x00\x01\x02\x04\x08\x10 @\x80@\xdd\x04\xd4\
K\xa0\xb6\x02.\xe1^\xdb\xa5S8\x01\x02\x04\x1a-\
\xa0\x81\xde\xe8\xe5\x17\x9e\x00\x01\x02e\x0a\x98\xbb\x97\x02\
\xcb\x97/\xef\xe5\xf0\xc6&@\x80\x00\x01\x02\x04\x08\x10\
 @\x80\x00\x01\x02-\x0a\xd8\x8c\x00\x01\x02\x04\x08\x10\
 P/\x01\x0d\xf4z\xad\x97j\x09\x10 @\xa0*\
\x02\xea @\x80\x00\x01\x02\x04\x08\x10 @\x80\x00\x01\
\x02\x04\xf2\x17\x90\x90\x00\x01\x02\x04\x08\x10h\x9c\x80\x06\
z\xe3\x96\x5c`\x02\x04\x08\x10 \x10\xc1\x80\x00\x01\x02\
\x04\x08\x10 @\x80\x00\x01\x02\x04\x08\x10\xc8_@B\
\x02\x04\x08\x10 @\xa0}\x01\x0d\xf4\xf6\xcd\xecA\x80\
\x00\x01\x02\x04\x08\x94+`v\x02\x04\x08\x10 @\x80\
\x00\x01\x02\x04\x08\x10 @ \x7f\x01\x09\x09\x10 @\
\x80@)\x02\x1a\xe8\xa5\xb0\x9b\x94\x00\x01\x02\x04\x08\x10\
h\xae\x80\xe4\x04\x08\x10 @\x80\x00\x01\x02\x04\x08\x10\
 @\x80@\xfe\x02\x12\x12 @\x80@]\x054\xd0\
\xeb\xbar\xea&@\x80\x00\x01\x02\x04\x08\x94!`N\
\x02\x04\x08\x10 @\x80\x00\x01\x02\x04\x08\x10 @ \
\x7f\x01\x09\x09\x10 \xd0`\x01\x0d\xf4\x06/\xbe\xe8\x04\
\x08\x10 @\x80\x00\x81\xa6\x09\xc8K\x80\x00\x01\x02\x04\
\x08\x10 @\x80\x00\x01\x02\x04\x08\xe4/ !\x01\x02\
\x04\xba\x11\xd0@\xefF\xcf\xbe\x04\x08\x10 @\x80\x00\
\x01\x02\x04\xfa'`&\x02\x04\x08\x10 @\x80\x00\x01\
\x02\x04\x08\x10 @ \x7f\x01\x09\x09\x10(Y@\x03\
\xbd\xe4\x050=\x01\x02\x04\x08\x10 @\x80\x00\x81f\
\x08HI\x80\x00\x01\x02\x04\x08\x10 @\x80\x00\x01\x02\
\x04\x08\xe4/ !\x81\xfa\x0bh\xa0\xd7\x7f\x0d% \
@\x80\x00\x01\x02\x04\x08\x10 @\xa0\xd7\x02\xc6\xaf\x9d\
\xc0\xe1\x87\x1f\x1e\xbb\xee\xba\xab\x1b\x83R\x7f\x06\xf6\xdf\
\x7f\xff\xda\xfd\xbf\xa3`\x02\x04\x08\x10 @\x80\x00\x01\
\x02\x8d\x16\x10\x9e\xc0J\x01\x0d\xf4\x95\x08\xfe#@\x80\
\x00\x01\x02\x04\x08\x10 @\x80@\xce\x02M\xccv\xfb\
\xed\xb7\xc7\xa4I\x93\xdc\x18\x94\xfa3p\xe3\x8d76\
\xf1\x7f?\x99\x09\x10 @\x80\x00\x01\x02\x04\x08\x10(\
I\xc0\xb4\xc5\x08h\xa0\x17\xe3h\x14\x02\x04\x08\x10 \
@\x80\x00\x01\x02\x04\x08\x10\xe8\x8d\x80Q\x09\x10 @\
\x80\x00\x01\x02\x04\x08\x10 @\x80\x00\x81\xfc\x05*\x93\
P\x03\xbd2K\xa1\x10\x02\x04\x08\x10 @\x80\x00\x01\
\x02\x04\x08\x10\xc8O@\x22\x02\x04\x08\x10 @\x80\x00\
\x01\x02\x04\x08\x10 @\xa0N\x02\x9d5\xd0\xeb\x94P\
\xad\x04\x08\x10 @\x80\x00\x01\x02\x04\x08\x10 @\x80\
@g\x02\xf6\x22@\x80\x00\x01\x02\x04\x08\x10 @\x80\
\x00\x01\x02\x0d\x13hd\x03\xbdak,.\x01\x02\x04\
\x08\x10 @\x80\x00\x01\x02\x04\x08\x10h\xa4\x80\xd0\x04\
\x08\x10 @\x80\x00\x01\x02\x04\x08\x10 @\xa0]\x01\
\x0d\xf4v\xc5\xca\xdf^\x05\x04\x08\x10 @\x80\x00\x01\
\x02\x04\x08\x10 @\x80@\xfe\x02\x12\x12 @\x80\x00\
\x01\x02\x04\x08\x10 @\x80@\x09\x02\x1a\xe8%\xa07\
{J\xe9\x09\x10 @\x80\x00\x01\x02\x04\x08\x10 @\
\x80\x00\x81\xfc\x05$$@\x80\x00\x01\x02\x04\x08\x10 \
@\x80@=\x054\xd0\xeb\xb9n\xaa.K\xc0\xbc\x04\
\x08\x10 @\x80\x00\x01\x02\x04\x08\x10 @\x80@\xfe\
\x02\x12\x12 @\x80\x00\x01\x02\x04\x08\x10 \xd0X\x01\
\x0d\xf4\xc6.\xbd\xe0M\x14\x90\x99\x00\x01\x02\x04\x08\x10\
 @\x80\x00\x01\x02\x04\x08\x10\xc8_@B\x02\x04\x08\
\x10 @\x80\x00\x01\x02\x04:\x17\xd0@\xef\xdc\xce\x9e\
\x04\x08\xf4W\xc0l\x04\x08\x10 @\x80\x00\x01\x02\x04\
\x08\x10 @\x80@\xfe\x02\x12\x12 @\x80\x00\x01\x02\
\x04\x08\x10(U@\x03\xbdT~\x93\x13 \xd0\x1c\x01\
I\x09\xf4W`\xf9\xf2\xe5\xfd\x9d\xd0l\x04\x08\x10 \
@\x80\x00\x01\x02\x04\x08\x10 \x10\x11\x10\x08\x10 @\
\x80\x00\x01\x02\x04\xea.\xa0\x81^\xf7\x15T?\x01\x02\
\x04\xfa!`\x8e\xda\x09,Y\xb2\xa4v5+\x98\x00\
\x01\x02\x04\x08\x14)\xb0l\xd9\xb2\x22\x873\x16\x81\x8e\
\x04\x1c\xd4\xd8\x11\x9b\x9d\x08\x10(S\xc0\xdc\x04\x0a\x16\
X\xb4hQ\xc1#\x1a\x8e\x00\x01\x02\x04\x08\xf4^@\
\x03\xbd\xf7\xc6f @\x80\x00\x81\x92\x05LO\x80\x00\
\x01\x02\x04\x084O@\x03\xbdyk^\xc5\xc4\x1a\xe8\
U\x5c\x155\x11 \x90\xb3\x80l\xd5\x13X\xbcxq\
\xf5\x8aR\x11\x01\x02\x04\x08\x10\x18C@\x03}\x0c \
O\x13 @\x80\x00\x81\x92\x05:\x9a\xde?P;b\
\xb3\x13\x01\x02\x04\x08d$\xa0\x81\x9e\xd1b\xd68\xca\
\x8a\x15+j\x5c\xbd\xd2\x09\x10 @\xa0\xcf\x02YN\
\xe7\x0c\xf4,\x97U(\x02\x04\x08d/\xa0\x81\x9e\xfd\
\x12\x0bH\x80\x00\x01\x02M\x14\xa8N\x03\xbd\x89\xfa2\
\x13 @\x80@\x15\x04\x96.]Z\x852\xd4\xd0p\
\x01\x07r4\xfc\x07@|\x02\x04\x084J`\xf8\xb0\
\x1a\xe8\xc3\xbbx\x94\x00\x01\x02\x04\xaa-\xa0\x81^\xed\
\xf5Q\x1d\x01\x02\x04\x08\x10\xe8H`\xfe\xfc\xf9\x1d\xed\
g\xa7\xf5\x04|K\x80\x00\x01\x02\xb5\x15p\xe9\xec\xda\
.]V\x85;\x90#\xab\xe5\x14\x86\x00\x01\x02\x04:\
\x10\xa8\xcd\x01\xfe\x1dd\xb3\x0b\x01\x02\x04\x08\xe4+\xa0\
\x81\x9e\xef\xdaJF\x80\x00\x01\x02\x0d\x16\x98={v\
\x83\xd3\x8b\xbeZ\xc0W\x02\x04\x084Y`\xde\xbcy\
M\x8e/{E\x04\x9ez\xea\xa9\x8aT\xa2\x0c\x02\x04\
\x08\x10 P\x8e\xc0\xa3\x8f>Z\xce\xc4\x0d\x9bU\x5c\
\x02\x04\x08\x10(V@\x03\xbdXO\xa3\x11 @\x80\
\x00\x81J\x08h\x1aTb\x19\x14\xd1\x9d\x80\xbd\x09\x10\
 \xd0\x95\x80\xab\xb1t\xc5g\xe7\x82\x04\x96,YR\
\xd0H\x86!@\x80\x00\x01\x02\xf5\x14x\xe4\x91G\xea\
Y\xb8\xaa\xfb)`.\x02\x04\x08TN@\x03\xbdr\
K\xa2 \x02\x04\x08\x10 \xd0\xbd\x80\x06z\xf7\x86F\
 \xd0\x9d\x80\xbd\x09\x10([\xc0\xfbm\x96\xbd\x02\xe6\
O\x02\xe9\xad\x04\x5c\xba6I\xb8\x11 @\x80@S\
\x05\xe6\xcc\x99\xd3\xd4\xe8r7F@P\x02\x04r\x14\
\xd0@\xcfqUe\x22@\x80\x00\x81\xc6\x0bh\xa07\
\xfeG\x00\x00\x81\xee\x04\xecM \x03\x01\x0d\xf4\x0c\x16\
1\x93\x08\x7f\xfa\xd3\x9f2I\x22\x06\x01\x02\x04\x08\x10\
h_@\x03\xbd}3{\x10\xe8\xab\x80\xc9\x08\x10\x18\
V@\x03}X\x16\x0f\x12 @\x80\x00\x81z\x0b\xdc\
\x7f\xff\xfd\xf5\x0e\xa0z\x02\x04\x08t!`W\x02\xd3\
\xa7O\x8fe\xcb\x96\x81 P\x09\x81)S\xa6T\xa2\
\x0eE\x10 @\x80\x00\x812\x04\xee\xb9\xe7\x9e2\xa6\
5'\x01\x02\x0d\x11\x10\x93@\xaf\x044\xd0{%k\
\x5c\x02\x04\x08\x10 P\xa2\xc0\xcc\x993K\x9c\xdd\xd4\
\x04\x08\x10 \xd0\x85\x80]\x0b\x10p Y\x01\x88\x86\
(L\xc0\xcfca\x94\x06\x22@\x80\x00\x81\x1a\x0a<\
\xf0\xc0\x035\xacZ\xc9\x04\x08\x10\xe8\x8b\x80I*,\
\xa0\x81^\xe1\xc5Q\x1a\x01\x02\x04\x08\x10\xe8T ]\
\xc2\xdde\xd2:\xd5\xb3\x1f\x01\x02\x04\x08t.P\x8d\
=5,\xab\xb1\x0e\xaa\x18\x12\xf0\xf38\xe4\xe03\x01\
\x02\x04\x084S@\x03\xbd\x99\xeb.5\x01\x02M\x10\
\xc8;\xa3\x06z\xde\xeb+\x1d\x01\x02\x04\x084X\xc0\
\x8b\xb5\x0d^|\xd1\x09\x10 \xd0p\x81Y\xb3fu\
&`/\x02=\x10\xf0\xf3\xd8\x03TC\x12 @\x80\
@-\x04\xd2\x81\xfd\xe9V\x8bb\x15I\x80\x00\x01\x02\
\xcd\x12\x18#\xad\x06\xfa\x18@\x9e&@\x80\x00\x01\x02\
u\x15\xd0@\xaf\xeb\xca\xa9\x9b\x00\x01\x02\x04\xba\x15h\
\xea\xdf\x81\xdd\xba\xd9\xbf7\x02S\xa6L\xe9\xcd\xc0F\
%@\x80\x00\x01\x02\x15\x17p\x10Y\xc5\x17Hy\x04\
\x08\x10 0\xa2@\xd5\x1b\xe8#\x16\xee\x09\x02\x04\x08\
\x10 @`t\x01/\xd6\x8e\xee\xe3Y\x02\x04\x08\x10\
\xc8W\xe0\xf6\xdbo\xcf7\x5c\xbe\xc9\xb2M\xe6w\xb2\
l\x97V0\x02\x04\x08\x10\x18C\xc0\xefdc\x00y\
\x9a\x00\x01\x02\x04*+\xa0\x81\xde\xd3\xa518\x01\x02\
\x04\x08\x10(O\xc0?T\xcb\xb373\x01\x02\x04\x08\
\x94'\xb0b\xc5\x8a\xb8\xe3\x8e;\xca+\xc0\xcc\x0d\x15\
\x189v:\xfb\xee\x91G\x1e\x19y\x03\xcf\x10 @\
\x80\x00\x81L\x05\xbc.\x91\xe9\xc2\x8aE\x80\x00\x81\x06\
\x08h\xa07`\x91;\x8ehG\x02\x04\x08\x10\xa8\xb5\
\x80\x7f\xa8\xd6z\xf9\x14O\x80\x00\x01\x02\x1d\x0aL\x9b\
6-\x16.\x5c\xd8\xe1\xdev#\xd0\x1b\x81\xca\xff^\
\xd6\x9b\xd8F%@\x80\x00\x81\x86\x0b\xf8\xfb\xaf\xe1?\
\x00\xe2\x13 @\xa0\xc6\x02\x1a\xe85^<\xa5\x8f.\
\xe0Y\x02\x04\x084]\xe0\x9e{\xee\x89\x05\x0b\x164\
\x9dA~\x02\x04\x08\x10h\x98\x80\x17j\x1b\xb6\xe05\
\x89\xeb2\xee\xbd](\xa3\x13 @\x80@5\x05\xfc\
^V\xcduQ\x15\x01\x02\x04\x08\x8c-\xa0\x81>\xb6\
\x91-\x08\x94!`N\x02\x04\x08t-\x90.a{\
\xf3\xcd7w=\x8e\x01\x08\x10 @\x80@\x9d\x04\xbc\
P[\xa7\xd5jN\xad\x93&MjNXI\xdb\x15\
\xb0=\x01\x02\x04\xb2\x14\x98>}z\xa4\xb71\xc92\
\x9cP\x04\x08\x10 \x90\xbd\x80\x06z\xf6K, \x81\
2\x04\xccI\x80@U\x04n\xb8\xe1\x86\xaa\x94\xa2\x0e\
\x02\x04\x08\x10 \xd0\x17\x01\x7f\xf7\xf5\x85\xd9$m\x0a\
\xf8\xb9l\x13\xcc\xe65\x12P*\x01\x02\x04\x86\x17\xf0\
w\xdf\xf0.\x1e%@\x80\x00\x81z\x08h\xa0\xd7c\
\x9dTI\x80@?\x05\xccE #\x01\xff`\xcdh\
1E!@\x80\x00\x811\x05\x16-Z\x14\xfe\xee\x1b\
\x93\xc9\x06%\x08\xa43\xf0\xd2\x99x%LmJ\x02\
\x04F\x13\xf0\x1c\x01\x02=\x13\xf0;Y\xcfh\x0dL\
\x80\x00\x01\x02}\x10\xd0@\xef\x03\xb2)\x08\x10 \xd0\
O\x01s\x11X[\xc0?X\xd7\xd6p\x9f\x00\x01\x02\
\x04r\x17\x98<yr\xa4&z\xee9\xe5\xab\xa7\x80\
\xdf\xcb\xea\xb9n\xaa&Pe\x01\xb5\x11\xa8\xb2\x80\xbf\
\xf7\xaa\xbc:j#@\x80\x00\x81\xb1\x044\xd0\xc7\x12\
\xf2<\x01\x02\x04\x08\xf4S\xc0\x5c\x05\x0b\xa4\xb3\x9dR\
3\xa1\xe0a\x0dG\x80\x00\x01\x02\x04*)0i\xd2\
\xa4J\xd6\xa5(\x02I\xc0\xcfgRp#@\x80\xc0\
3\x02\xeed,0g\xce\x9c\xb8\xf5\xd6[3N(\
\x1a\x01\x02\x04\x08\xe4.\xa0\x81\x9e\xfb\x0a\xcbG\x80\x00\
\x01\x02}\x14\xa8\xe6T\x13&L\xa8fa\xaa\x22@\
\x80\x00\x01\x02\x05\x0b\x5cz\xe9\xa5\x05\x8fh8\x02\xc5\
\x09\x5c~\xf9\xe5\xf1\xf4\xd3O\x177\xa0\x91\x08\x10 \
@\xa0D\x01S\x8f&\x90^\x87X\xb2d\xc9h\x9b\
x\x8e\x00\x01\x02\x04\x08TZ@\x03\xbd\xd2\xcb\xa38\
\x02\x04\x08\x10 \xd0\xbd@\xfa\x87kK\xa3\xd8\x88\x00\
\x01\x02\x04\x08\xd4X \x9d\xe9t\xe3\x8d7\xd68\x81\
\xd2s\x17x\xf0\xc1\x07\xe3\x8e;\xee\xc8=\xa6|\x04\
\x08\x10 P\x07\x81\x1e\xd7\xe8u\x88\x1e\x03\x1b\x9e\x00\
\x01\x02\x04z.\xa0\x81\xdesb\x13\x10 @\x80\x00\
\x81r\x05\xae\xbf\xfe\xfaH_\xa8\xc4\xeb\x00\x00\x10\x00\
IDATM\x85r\xab\xe8\xfd\xecf @\x80\x00\
\x81f\x0b\xa4\x17j\x9d\xdd\xdb\xec\x9f\x81:\xa4O?\
\xa7u\xa8S\x8d\x04\x08\x10 @\xa0S\x81\xf4\xfb\xd8\
\xc4\x89\x13;\xdd\xbd\xa5\xfdlD\x80\x00\x01\x02\x04z\
-\xa0\x81\xdeka\xe3\x13 @\x80\x00\x81\x92\x05\x16\
/^\x1c\xdes\xb3\xe4E\x18{z[\x10 @\x80\
@\x97\x02\x1a\x93]\x02\xda\xbd/\x02~N\xfb\xc2l\
\x12\x02\x04\x08\x10(Q\xe0\xa6\x9bn\x8a\x87\x1f~\xb8\
\xc4\x0a*?\xb5\x02\x09\x10 @\xa0\x06\x02\x1a\xe85\
X$%\x12 @\x80\x00\x81n\x05.\xbc\xf0\xc2n\
\x87\xb0?\x81Q\x04<E\x80\x00\x81r\x05\xd2{l\
^r\xc9%\xe5\x16av\x02-\x08\x5c{\xed\xb51\
s\xe6\xcc\x16\xb6\xb4\x09\x01\x02\x04\x08\x10\xa8\xa7\xc0\xa5\
\x97^Z\xcf\xc2U\xdd\xa2\x80\xcd\x08\x10 \xd0\x0c\x01\
\x0d\xf4f\xac\xb3\x94\x04\x08\x10 \xd0p\x81_\xfe\xf2\
\x97\x91\x9a\x0b\x0dg\x10\x9f\xc0\xf0\x02\x1e%@\xa0\xf6\
\x02\xd7\x5csM\xcc\x9b7\xaf\xf69\x04\xc8_ ]\
\xd6\xf6\xb2\xcb.\xcb?\xa8\x84\x04\x08\x10 \xd0X\x01\
\x0d\xf4\xc6.}=\x82\xab\x92\x00\x01\x02-\x0ah\xa0\
\xb7\x08e3\x02\x04\x08\x10 Pg\x81\xb9s\xe7F\
j.\xd49\x83\xda\x09\x10\x18^\xc0\xa3\x04\x08Dx\
\xa1\xd6OA\x9d\x04\xfc\xbc\xd6i\xb5\xd4J\x80\x00\x01\
\x02\xed\x08L\x9d:5\xa6L\x99\xd2\xce.\xb6%@\
\xa0\x0d\x01\x9b\x12 \xd0?\x01\x0d\xf4\xfeY\x9b\x89\x00\
\x01\x02\x04\x08\x94*\xe0\xc5\xdaR\xf9MN\x80\xc0\xf0\
\x02\x1e%\xd0\xb5@:\xa3\xd7\xdfq]3\x1a\xa0\x8f\
\x02W_}u\xa4\x83\x1b\xfb8\xa5\xa9\x08\x10 @\
\x80@_\x04\xbc}\x5c_\x98MB\xa0\xae\x02\xea&\
P+\x01\x0d\xf4Z-\x97b\x09\x10 @\x80@\xe7\
\x02\x17\x5cpA,X\xb0\xa0\xf3\x01\xecI\x80\x00\x01\
\x02\xeb\x09\xf8\xb6\x0a\x02\xe9r\xd8\xb3f\xcd\xaaB)\
j \xd0\x92@z[\x9d\xf3\xce;\xaf\xa5mmD\
\x80\x00\x01\x02\x04\xea\x22\x90\x0ej\xf4\xf7[]VK\
\x9d\x04\x08\xb4/`\x8f\xa6\x09h\xa07m\xc5\xe5%\
@\x80\x00\x81\xc6\x0a\xa4\xe6\xf9\xc5\x17_\xdc\xd8\xfc\x82\
\x13 @\x80\xc0z\x02\x99|\xfb\xfd\xef\x7f?\x93$\
b4I\xc0\xcfm\x93V[V\x02\x04\x084C\xe0\
\xd7\xbf\xfeuL\x9f>\xbd\x19a\xa5$@\x80@\xdd\
\x04\xd4\xdb\xb6\x80\x06z\xdbdv @\x80\x00\x01\x02\
\xf5\x15\xf0bm}\xd7N\xe5\x04\x08\x10 \xb0\xae@\
\xfa\xee\xf1\xc7\x1f\x8f_\xfc\xe2\x17\xe9\xae\x1b\x81Z\x09\
\xdc~\xfb\xed1y\xf2\xe4Z\xd5\xacX\x02\x04\x08\x10\
 0\x9a\x80\xd7\x1bF\xd3\xf1\x1c\x01\x02\x04\x08t#\
P\xc6\xbe\x1a\xe8e\xa8\x9b\x93\x00\x01\x02\x04\x08\x94$\
p\xed\xb5\xd7z\xb1\xb6${\xd3\x12 @\x80@\xf1\
\x02?\xfa\xd1\x8fb\xe9\xd2\xa5\xc5\x0f\xdc\xfb\x11\xcd@\
 4\x1a\xfc\x10\x10 @\x80@.\x02\xe9\xa0\xc6\x8b\
.\xba(\x978r\x10 @\x80\x00\x81(\xb0\x81N\
\x93\x00\x01\x02\x04\x08\x10\xa8\xba@zO\xb2s\xce9\
\xa7\xeae\xaa\x8f\x00\x01\x02\x04\x08\x8c)\x90\xfeN\xfb\
\xf6\xb7\xbf=\xe6v6\xe8\x85\x801\x8b\x108\xf7\xdc\
s\xe3\x89'\x9e(b(c\x10 @\x80\x00\x81R\
\x05.\xb9\xe4\x92Ho\x1bWj\x11&'@\x80\x00\
\x01\x02\x05\x0ah\xa0\xaf\xc6\xf4\x95\x00\x01\x02\x04\x084\
D\xe0\x07?\xf8\x81\x17k\x1b\xb2\xd6b\x12 @ \
g\x81\x89\x13'\xc6\xef\x7f\xff\xfb\x9c#\xca\xd6+\x81\
\x8a\x8c\xbbp\xe1\xc2\xb8\xe0\x82\x0b*R\x8d2\x08\x10\
 @\x80@g\x02\xe9\xa0\xc6o|\xe3\x1b\x9d\xedl\
/\x02\x04\x08\x10 PQ\x01\x0d\xf4\x8a.L\xbbe\
\xd9\x9e\x00\x01\x02\x04\x08\xb4*\x90^\xac\xfd\xcf\xff\xfc\
\xcfV7\xb7\x1d\x01\x02\x04\x08\x10\xa8\xa4\xc0\xe9\xa7\x9f\
^\xc9\xba\x14E\xa0\x1d\x81t\x16zj<\xb4\xb3\x8f\
m\x09\x10 @\x80@\x95\x04\x1c\xd4X\xa5\xd5P\x0b\
\x01\x02\x04\x08\x14%\xa0\x81^\x94\xa4q\xba\x11\xb0/\
\x01\x02\x04\x08\xf4Y\xe0\xac\xb3\xce\x0a/\xd6\xf6\x19\xdd\
t\x04\x08\x10 P\x98@:\xf3\xfc\xca+\xaf,l\
<\x03\x11(K\xe0\xee\xbb\xef\x8e\xd4x(k\xfe\x12\
\xe65%\x01\x02\x04\x08d&\xe0\xa0\xc6\xcc\x16T\x1c\
\x02\x04\x08\x10\x18\x14\xd0@\x1fd\xf0\x89@7\x02\xf6\
%@\x80@\xfd\x04f\xcc\x98\xe1\xc5\xda\xfa-\x9b\x8a\
\x09\x10 @`\x95\xc07\xbf\xf9M\x07\x82\xad\xb2\xf0\
\xa5\xfe\x02\x1a\x0fuZC\xb5\x12 @\x80\xc0\xda\x02\
\x0ej\x5c[\xc3}\x02\x04\x08\x10\xc8I@\x03=\xa7\
\xd5\x94\x85@'\x02\xf6!@\xa0\xb1\x02\x9f\xff\xfc\xe7\
c\xd9\xb2e\x8d\xcd/8\x01\x02\x04\x08\xd4S`\xf2\
\xe4\xc9\xe1\xadH\xea\xb9v\xaa\x1e^`\xc2\x84\x09\xe1\
\x8a\x0a\xc3\xdbx\xb4`\x01\xc3\x11 @\xa0`\x81\xc3\
\x0f?\xdcA\x8d\x05\x9b\x1a\x8e\x00\x01\x02\x04\xaa!\xa0\
\x81^\x8duP\x05\x01\x02\x1d\x0a\xd8\x8d\x00\x81\xce\x05\
\xee\xbd\xf7\xde\xf8\xd1\x8f~\xd4\xf9\x00\xf6$@\x80\x00\
\x01\x02%\x08\x1c\x7f\xfc\xf1\xb1|\xf9\xf2\x12f6%\
\x81\xde\x09\x1cs\xcc1\x1a\x10\xbd\xe35r&\x02b\
\x10 P-\x81k\xaf\xbd6\xd2A`\xd5\xaaJ5\
\x04\x08\x10 @\xa0\x18\x01\x0d\xf4b\x1c\x8dB\x80\x00\
\x81N\x04\xecC\xa0t\x81\x13O<\xd1Y\xe8\xa5\xaf\
\x82\x02\x08\x10 @\xa0U\x81t\xf6\xf9\xa5\x97^\xda\
\xea\xe6\xb6#P\x1b\x81\xdbn\xbb-.\xbb\xec\xb2\xda\
\xd4\xabP\x02\x04\xda\x16\xb0\x03\x81\xec\x04\xd2A\x8d\xd9\
\x85\x12\x88\x00\x01\x02\x04\x08\xac\x12\xd0@_\x05\xe1\x0b\
\x01\x02\x04\x08\xb4+`\xfb\x1c\x04\x9c\x85\x9e\xc3*\xca\
@\x80\x00\x81\xe6\x08x\xa1\xb69k\xdd\xc4\xa4'\x9c\
p\x82\xb3\xd0\x9b\xb8\xf02\x13\xa8\x85\x80\x22\x09\xac+\
\x90\xce>\x9f4i\xd2\xba\x0f\xfa\x8e\x00\x01\x02\x04\x08\
d$\xa0\x81\x9e\xd1b\x8aB\x80\x00\x01\x02m\x08\xd8\
\xf4\x19\x81#\x8f<2\xe6\xce\x9d\xfb\xcc\xf7\xee\x10 \
@\x80\x00\x81*\x0a\x5cy\xe5\x95\xe1\xec\xf3*\xae\x8c\
\x9a\x8a\x12Hg\xa1\x9f{\xee\xb9E\x0dg\x1c\x02\x04\
\x08\x10X-\xe0k\xa1\x02\xe9\xadt>\xf7\xb9\xcf\x15\
:\xa6\xc1\x08\x10 @\x80@\xd5\x044\xd0\xab\xb6\x22\
\xea!@\x80\x00\x01\x02-\x08\x14\xb9\xc9c\x8f=\x16\
_\xfd\xeaW\x8b\x1c\xd2X\x04\x08\x10 @\xa0P\x81\
\xf4B\xed\xe1\x87\x1f^\xe8\x98\x06#PE\x81c\x8f\
=\xd6\x81\x8dU\x5c\x185\x11 @\xa0D\x81\xaaM\
\xfd\x9d\xef|'\xee\xbe\xfb\xee\xaa\x95\xa5\x1e\x02\x04\x08\
\x10 P\xa8\x80\x06z\xa1\x9c\x06#@\x80\x00\x01\x02\
\xf5\x148\xed\xb4\xd3b\xfa\xf4\xe9\xfd*\xde<\x04\x08\
\x10 @\xa0-\x01/\xd4\xb6\xc5e\xe3\x1a\x0b8\xb0\
\xb1\xc6\x8b\xa7t\x02\x04\x084@`\xde\xbcy\x91\x0e\
\xf6j#\xaaM\x09\x10 @\x80@-\x054\xd0k\
\xb9l\x8a&@\x80\x00\x01\x02\xc5\x0a,^\xbc8\x8e\
>\xfa\xe8b\x07\xcdv4\xc1\x08\x10 @\xa0\x9f\x02\
^\xa8\xed\xa7\xb6\xb9\xaa \xe0\xc0\xc6*\xac\x82\x1a\x08\
\x10 @`8\x81\xaf|\xe5+\x91\x0e\xf6\x1a\xee\xb9\
<\x1f\x93\x8a\x00\x01\x02\x04\x9a*\xa0\x81\xde\xd4\x95\x97\
\x9b\x00\x01\x02\x04\x08\xac'p\xe1\x85\x17\xc6\xcf\x7f\xfe\
\xf3\xf5\x1e\xf5mv\x02\x02\x11 @\xa0f\x02\x87\x1d\
v\x98\x17jk\xb6f\xca\xedN \x1d\xd8\xf8\xa9O\
}\xaa\xbbA\xecM\x80\x00\x01\x02\x04\x0a\x16\xb8\xe5\x96\
[\xe2\x94SN)xT\xc3\xf5T\xc0\xe0\x04\x08\x10\
 \xd0\xb1\x80\x06z\xc7tv$@\x80\x00\x01\x02\xf9\
\x09\x1cz\xe8\xa1\x91\xce\xf4\xcb/\x99D\xb9\x08\xc8A\
\x80@\xb3\x04\xd2\x0b\xb5\xdf\xff\xfe\xf7\x9b\x15ZZ\x02\
+\x05\xae\xb9\xe6\x9a\xf8\xe9O\x7f\xba\xf2\x9e\xff\x08\x10\
 @\x80@5\x04\x0e>\xf8\xe0X\xbe|y5\x8a\
QE#\x04\x84$@\x80@\x99\x02\x1a\xe8e\xea\x9b\
\x9b\x00\x01\x02\x04\x08TL`\xc6\x8c\x19\x91.\xc9V\
\xb1\xb2\x94C \x17\x019\x08\x10hC \xbd@\x9b\
^\xa8mc\x17\x9b\x12\xc8J\xe0\xc8#\x8ft`c\
V+*\x0c\x01\x02\x04\xea+p\xfe\xf9\xe7G:\xb0\
\xb1\xbe\x09TN\xa0\xef\x02&$@\xa0\xe6\x02\x1a\xe8\
5_@\xe5\x13 @\x80\x00\x81\xa2\x05\xd2\xfbnN\
\x9d:\xb5\xe8a\x8dG\x80@\xed\x05\x04 \xd0_\x81\
3\xcf<\xd3\x0b\xb5\xfd%7[\xc5\x04\xd2\x81\x8d\xc7\
\x1dw\x5c\xc5\xaaR\x0e\x01\x02\x04\x084M`\xf6\xec\
\xd9q\xc4\x11G4-\xb6\xbc\x04\x1a. >\x01\x02\
\x1a\xe8~\x06\x08\x10 @\x80\x00\x81u\x04\xd2\xfbn\
\xee\xb7\xdf~\xb1`\xc1\x82u\x1e\xf7\x0d\x01\x02\x04j\
-\xa0\xf8Z\x09\xdcu\xd7]\xf1\x85/|\xa1V5\
+\x96@/\x04N?\xfd\xf4\xb8\xe8\xa2\x8bz1\xb4\
1\x09\x10 @\x80\xc0\x98\x02+V\xac\x88O|\xe2\
\x13\x91\x9a\xe8cnl\x03\x02\x04\x08TE@\x1d\x04\
\x0a\x10\xd0@/\x00\xd1\x10\x04\x08\x10 @ 7\x81\
;\xef\xbc3\xfe\xe5_\xfe%\xb7X\xf2\x10 @\xa0\
\xb6\x02M*<\x1d\xc0\xf5\xc9O~2\x96,Y\xd2\
\xa4\xd8\xb2\x12\x18Q \xbd\x95\xc1\xcc\x993G|\xde\
\x13\x04\x08\x10 @\xa0W\x02\xa7\x9crJ\xfc\xef\xff\
\xfeo\xaf\x867.\x01\x02\x04\x08\x0c#\xe0\xa1j\x08\
h\xa0Wc\x1dTA\x80\x00\x01\x02\x04*'p\xce\
9\xe7\xc4\xc4\x89\x13+W\x97\x82\x08\x10 @\xa0v\
\x02m\x15\x9c\x0e\xe0Jg\xa0\xb7\xb5\x93\x8d\x09d,\
\xf0\xe4\x93O\xc6\x81\x07\x1e\x98qB\xd1\x08\x10 @\
\xa0\x8a\x02\xe9\xf71o%R\xc5\x95Q\x13\x01\x02\x04\
*-\x90Mq\x1a\xe8\xd9,\xa5 \x04\x08\x10 @\
\xa0x\x81\x03\x0e8 \x1ex\xe0\x81\xe2\x076\x22\x01\
\x02\x04\x08\x10\x18F\xe0\xa7?\xfdi\xa4\x03\xb8\x86y\
\xaa\xc4\x87LM\xa0|\x81tP\xe3\xd7\xbe\xf6\xb5\xf2\
\x0bQ\x01\x01\x02\x04\x084B`\xce\x9c9\xf1\xd1\x8f\
~\xd4\x15\x81\x1a\xb1\xdaB\x12 @\x80\xc0\x1a\x815\
\xf74\xd0\xd7X\xb8G\x80\x00\x01\x02\x04\x08\xac'\xf0\
\xe8\xa3\x8f\xc6\x87?\xfc\xe1X\xb8p\xe1z\xcf\xf8\x96\
\x00\x01\x02\x04\x08\x14+p\xdbm\xb7\xc5\xa7>\xf5\xa9\
b\x075Z\x04\x83l\x04\xbe\xf8\xc5/\xc6/~\xf1\
\x8bl\xf2\x08B\x80\x00\x01\x02\xd5\x14X\xb1bE\xa4\
\xb7\xd3\x99:uj5\x0bT\x15\x01\x02\x04\x08\x10\xe8\
\x83@-\x1b\xe8}p1\x05\x01\x02\x04\x08\x10 \xb0\
J\xe0\xd6[o\x8d\xcf~\xf6\xb3\xab\xbe\xf3\x85\x00\x01\
\x02\x04\x08\x14/\xf0\xd8c\x8f\xc5\x07?\xf8\xc1x\xea\
\xa9\xa7\x8a\x1f\xdc\x88\xb5\x16P\xfc\x1a\x81\xd4\xd0\xd8\x7f\
\xff\xfdc\xca\x94)k\x1et\x8f\x00\x01\x02\x04\x08\x14\
,\xf0\xa5/})\xae\xb8\xe2\x8a\x82G5\x1c\x01\x02\
\x04\x08\x10\xa8\x97\x80\x06z\xff\xd7\xcb\x8c\x04\x08\x10 \
@\xa0v\x02?\xfe\xf1\x8f\xc3eCk\xb7l\x0a&\
@\x80@-\x04\x96.]\x1a\xfb\xee\xbbo\xcc\x981\
\xa3\x16\xf5*\x92@\x1b\x02\x85o\x9a.\xa9\x9b\xae\x0e\
\x94\xbe\x16>\xb8\x01\x09\x10 @\xa0\xf1\x02\xe9\xedt\
N:\xe9\xa4\xc6;\x00 @\x80\x00\x01\x02\x1a\xe8~\
\x06\xda\x14\xb09\x01\x02\x04\x084U\xe0\xe8\xa3\x8f\x8e\
\xf3\xce;\xaf\xa9\xf1\xe5&@\x80\x00\x81\x1e\x09\xa4\xab\
\x9c\x5cw\xddu=\x1a\xdd\xb0\x04\xf2\x13Hg\xa0\xef\
\xb5\xd7^\x91\x0e>\xe9m:\xa3\x13 @\x80@\x93\
\x04n\xb8\xe1\x868\xe0\x80\x03\x9a\x14YV\x02\x04\x08\
\x10 0\xa2\x80\x06\xfa\x884\x9e\xc8R@(\x02\x04\
\x08\x10\xe8J\xe0\xe0\x83\x0f\x8e\xeb\xaf\xbf\xbe\xab1\xec\
L\x80\x00\x01\x02\x04V\x0b\x9cp\xc2\x09q\xfe\xf9\xe7\
\xaf\xfe\xd6W\x02\x04Z\x14H\xbf\x8f\xa5\xdf\xcbZ\xdc\
\xbc\x99\x9bIM\x80\x00\x01\x02-\x0b\xdc{\xef\xbd\xb1\
\xcf>\xfb88\xabe1\x1b\x12 @\x80@\xee\x02\
\x1a\xe8\xb9\xaf\xb0|Y\x09\x08C\x80\x00\x81\xb2\x05\xd2\
\x99N\x1f\xf8\xc0\x07b\xda\xb4ie\x97b~\x02\x04\
\x08\x10\xa8\xb9@j\x9c\x1f\x7f\xfc\xf15O\xa1|\x02\
\xe5\x09\xa4+\x03\xa5\x83P\xca\xab\xc0\xcc\xbd\x1406\
\x01\x02\x04\xfa%\xf0\xf8\xe3\x8fG\xba\xb2I\xfa\xda\xaf\
9\xcdC\x80\x00\x01\x02\x04\xaa.\xa0\x81^\xf5\x15R\
\x1f\x81|\x04$!@ \x13\x81\xf4\x8f\xea\xf4\x8f\xeb\
\x87\x1f~8\x93Db\x10 @\x80@\xbf\x05.\xbf\
\xfc\xf28\xe8\xa0\x83\xfa=\xad\xf9\x08d'\x90\x0eB\
9\xeb\xac\xb3\xb2\xcb%P\xed\x05\x04 @\xa0&\x02\
\xf3\xe6\xcd\x8b\xbd\xf7\xde;\xd2\x19\xe85)Y\x99\x04\
\x08\x10 @\xa0/\x02\x1a\xe8}a6\x09\x01\x02\xf5\
\x17\x90\x80\x00\x81\xb5\x05\xee\xbb\xef\xbe\xd8s\xcf=c\
\xf6\xec\xd9k?\xec>\x01\x02\x04\x08\x10\x18S\xe0\xb7\
\xbf\xfdm\xec\xb7\xdf~\xb1l\xd9\xb21\xb7\xb5\x01\x01\
\x02c\x0b\x1cv\xd8aq\xd9e\x97\x8d\xbd\xa1-\x08\
\x10hQ\xc0f\x04\x9a!\xb0h\xd1\xa2HW\x98K\
\xbf\x9b5#\xb1\x94\x04\x08\x10 @\xa0u\x01\x0d\xf4\
\xd6\xadlI\x80\x00\x81\xfa\x0a\xa8\x9c@\x0f\x04\xee\xba\
\xeb\xae\xc1#\xd5\xd3?\xba{0\xbc!\x09\x10 @\
 C\x81\xdf\xfd\xeew\x83\x97\x08\xf5wG\x86\x8b+\
Ri\x02+V\xac\x88\x8f\x7f\xfc\xe3q\xf5\xd5W\x97\
V\x83\x89\x09\x10\xa8\x90\x80R\x08\xb4 \x90\xfe\xeeH\
\x074N\x9a4\xa9\x85\xadmB\x80\x00\x01\x02\x04\x9a\
'\xa0\x81\xde\xbc5\x97\x98\x00\x01\x02\xb5\x13Ppu\
\x05n\xba\xe9\xa6\xc1\x17l\x9dEX\xdd5R\x19\x01\
\x02\x04\xaa\x22\xf0\x87?\xfc!\xf6\xd8c\x0fW/\xa9\
\xca\x82\xa8#+\x81tP\xca\x87>\xf4\xa1H\xbf\x9b\
e\x15L\x18\x02\x04\x1a' p\x7f\x04\x0e9\xe4\x90\
Ho\xa9\xd3\x9f\xd9\xccB\x80\x00\x01\x02\x04\xea'\xa0\
\x81^\xbf5S1\x01\x02\x04\x08\xd4K \xfbj\xd3\
%C\xd3{\xa6-^\xbc8\xfb\xac\x02\x12 @\x80\
@g\x02S\xa7N\x8d\x9dw\xde9\x1e~\xf8\xe1\xce\
\x06\xb0\x17\x01\x02c\x0a\xa4\xf7\xb1\xdd}\xf7\xdd\xe37\
\xbf\xf9\xcd\x98\xdb\xda\x80\x00\x01\x02\x04z\x22P\xf9A\
\x9f~\xfa\xe9\xf8\xbb\xbf\xfb\xbb8\xe7\x9cs*_\xab\
\x02\x09\x10 @\x80@\x99\x02\x1a\xe8e\xea\x9b\x9b\x00\
\x01\x02\x04\x08T^\xa0\xb5\x02\xaf\xba\xea\xaa\xd8g\x9f\
}b\xfe\xfc\xf9\xad\xed`+\x02\x04\x08\x10h\x8c\xc0\
\xed\xb7\xdf\x1e\xbb\xec\xb2K<\xf2\xc8#\x8d\xc9,(\
\x81\xb2\x04\xd2\xefb{\xee\xb9g\xa4\xdf\xcd\xca\xaa\xc1\
\xbc\x04\x08\x10 PM\x81t\xe5\xb8\x03\x0f<0~\
\xf0\x83\x1f\x8cP\xa0\x87\x09\x10 @\x80\x00\x81\xd5\x02\
\x1a\xe8\xab%|%@\x80\x00\x01\x02\x04\xba\x12H/\
\xd4\xa6\x17l\xe7\xce\x9d\xdb\xd58\x85\xeel0\x02\x04\
\x08\x10(U\xe0\xb6\xdbn\x8b\xddv\xdbM\xf3\xbc\xd4\
U0y\xd3\x04R\x13=\xbd]\xc2\x15W\x5c\xd1\xb4\
\xe8\xf2\x12 @\x80\xc0(\x02\x9f\xf8\xc4'\xf2n\x9e\
\x8f\x92\xddS\x04\x08\x10 @\xa0]\x01\x0d\xf4v\xc5\
lO\x80\x00\x01\x02\x04\x08\x8c(\x90.\x19\xba\xd3N\
;\xc5C\x0f=4\xe26\x9eh]\xc0\x96\x04\x08\x10\
\xa8\xb3\xc0\x95W^\x19\xbb\xee\xbak<\xf9\xe4\x93u\
\x8e\xa1v\x02\xb5\x15HW\x07r\x96am\x97O\xe1\
\x04\x08\x10(L`\xce\x9c9\xf1\xbe\xf7\xbd/.\xb9\
\xe4\x92\xc2\xc64P\xf1\x02F$@\x80\x00\x81j\x09\
h\xa0Wk=TC\x80\x00\x01\x02\x04j/p\xf7\
\xddw\xc7\xbb\xde\xf5\xae\xb8\xe5\x96[j\x9fE\x80\xae\
\x04\xecL\x80@\x83\x05R\xd3\xee\xfd\xef\x7f\x7f\xa4\x17\
l\x1b\xcc :\x81R\x05\x96/_>\xf8>\xb7_\
\xf8\xc2\x17\x22\xbd\xe7m\xa9\xc5\x98\x9c\x00\x01\x02\x04J\
\x11H\x07\xb7\xef\xbc\xf3\xce\x91\x0el,\xa5\x00\x936\
E@N\x02\x04\x08d'\xa0\x81\x9e\xdd\x92\x0aD\x80\
\x00\x01\x02\x04\xca\x17H\xffH\xff\xab\xbf\xfa\xab\xb8\xf4\
\xd2K\xcb/F\x05\x04:\x12\xb0\x13\x01\x02\x9d\x0a\xfc\
\xeb\xbf\xfe\xeb`\xd3.5\xef:\x1d\xc3~\x04\x08\x14\
'p\xca)\xa7\xc4\xfe\xfb\xef\x1fO=\xf5Tq\x83\
\x1a\x89\x00\x01\x02\x04*/\x90\x0ejO\x07\xb7\xa7\x83\
\xdc+_\xac\x02\x09\x94*`r\x02\x04\x08<[@\
\x03\xfd\xd9&\x1e!@\x80\x00\x01\x02\x04\x0a\x10X\xb8\
pa\xec\xbb\x0a\x03\xa5\x8c\x00\x00\x10\x00IDAT\
\xef\xbeq\xcc1\xc7\x84&J\x01\xa0\x86 \xd0\x8e\x80\
m\x09\x94 \xf0\xc4\x13O\xc4\xde{\xef\x1d\xff\xf1\x1f\
\xffQ\xc2\xec\xa6$@`4\x81\x9f\xfc\xe4'\x83W\
\x08\x9a6m\xdah\x9by\x8e\x00\x01\x02\x042\x118\
\xe3\x8c3\x22\x9dy\x9e\x0en\xcf$\x92\x18\x04\x08\x8c\
$\xe0q\x02\x04z\x22\xa0\x81\xde\x13V\x83\x12 @\
\x80\x00\x01\x02I ].\xf4\xa4\x93N\x8a\xddw\xdf\
=f\xcd\x9a\x95\x1er#@\x80\xc0\x98\x026\xa8\x9f\
\xc0M7\xdd\x14o{\xdb\xdb\xe2\x8a+\xae\xa8_\xf1\
*&\xd0\x10\x81;\xef\xbc3v\xd8a\x07\xff\x9f6\
d\xbd\xc5$@\xa0\x99\x02\xf3\xe6\xcd\x8b\xfd\xf6\xdb/\
\x0e;\xec\xb0X\xb2dI3\x11\xa4&@\xa0V\x02\
\x8a%PU\x01\x0d\xf4\xaa\xae\x8c\xba\x08\x10 @\x80\
@F\x02\xd7^{\xed`ce\xd2\xa4I\x19\xa5\x12\
\x85\x00\x01\x02\xc3\x0a4\xee\xc1\xaf}\xedk\x83g\xb6\
>\xf0\xc0\x03\x8d\xcb.0\x81\xba\x09\xa4\xc6J\xbaR\
\xc4\x11G\x1cQ\xb7\xd2\xd5K\x80\x00\x01\x02c\x08L\
\x9e<9v\xdcq\xc7\xb8\xf8\xe2\x8b\xc7\xd8\xd2\xd3\x04\
\x08\x10 P\x90\x80a2\x16\xd0@\xcfxqE#\
@\x80\x00\x01\x02U\x12Hg\xa0\xef\xb6\xdbn\xf1\xf7\
\x7f\xff\xf71\x7f\xfe\xfc*\x95\xa6\x16\x02\x04\x08\x10x\
F\xa0\xf5;\xf7\xdf\x7f\x7f\xbc\xfb\xdd\xef\x8e\xa3\x8f>\
\xba\xf5\x9dlI\x80@%\x04N=\xf5\xd4x\xdd\xeb\
^\x177\xdexc%\xeaQ\x04\x01\x02\x04\x08t.\
\xb0t\xe9\xd28\xe1\x84\x13\xe2\x9d\xef|gL\x992\
\xa5\xf3\x81\xecI\x80\x00\x01\x02\x0d\x13\x10w4\x01\x0d\
\xf4\xd1t<G\x80\x00\x01\x02\x04\x08\x14*\x90.\xe9\
\xfe\xedo\x7f;\xde\xf4\xa67y\xc1\xb6PY\x83\x11\
 @\xa0\x7f\x02\xe9\xcf\xf2\xb3\xcf>;\xde\xf8\xc67\
V\xef\xcf\xf2\xfe1\x98\x89@\xed\x05\xa6N\x9d\x1a;\
\xef\xbcs\x1cw\xdcq\x91\x9a/\xb5\x0f$\x00\x01\x02\
\x04\x1a(\x90\xfe,O\x8d\xf3\xe3\x8f?\xde\x9f\xe5\x0d\
\x5c\x7f\x91\x09\x10 \xd0h\x81\x1e\x87\xd7@\xef1\xb0\
\xe1\x09\x10 @\x80\x00\x81g\x0b\xa4\xb3\x16w\xdai\
\xa7\xc1\xf7e[\xb0`\xc1\xb37\xf0\x08\x01\x02\x04\x08\
TR`\xda\xb4i\xb1\xcb.\xbb\xc4!\x87\x1c\x12\xfe\
\xfc.~\x89\x8cH\xa0\xdf\x02+V\xac\x88/\x7f\xf9\
\xcb\xf1\x867\xbc!n\xbe\xf9\xe6~Oo>\x02\x04\
\x08\x10\xe8P \x1d\xf8t\xe2\x89'\xc6[\xde\xf2\x96\
H\x97n\xefp\x18\xbb\x11 @\x80\x00\x01\x02#\x08\
\xf4\xba\x81>\xc2\xb4\x1e&@\x80\x00\x01\x02\x04\x9a.\
\x90\xce`<\xe3\x8c3\x06_\xb0\x9d8qb\xd39\
\xe4'@\x80@\xa5\x05R\x93\xed\xb4\xd3N\x1b\xbc\x82\
\xc8\xff\xfd\xdf\xffU\xbaV\xc5\x95&`\xe2\x1a\x0b\xa4\
\x83c\xde\xf5\xaew9\xb81|\x10 @\xa0\xfa\x02\
\xe9\x80\xa7\x1dv\xd8!\x8e=\xf6\xd8X\xbcxq\xf5\
\x0bV!\x01\x02\x04\x08\x10\xa8\xa1\x80\x06\xfa\xa8\x8b\xe6\
I\x02\x04\x08\x10 @\xa0\xd7\x02\xd3\xa7O\x8f=\xf7\
\xdc3>\xf3\x99\xcf\xc4c\x8f=\xd6\xeb\xe9\x8cO\x80\
\x00\x01\x02m\x0a\xa4\xf7HN\x8d\xb5\xc3\x0f?\xdc\x8b\
\xb4m\xda\xd9\xbcN\x02jM\x07\xca\xac>\xb8q\xc2\
\x84\x09@\x08\x10 @\xa0b\x02\xf3\xe7\xcf\x8f#\x8f\
<2\xd2%\xdb\xef\xbc\xf3\xce\x8aU\xa7\x1c\x02\x04\x08\
\x10 \x90\x97\x80\x06z^\xeb\xb9n\x1a\xdf\x11 @\
\x80\x00\x81\x1a\x09|\xef{\xdf\x8bW\xbe\xf2\x95q\xf2\
\xc9'k\xd0\xd4h\xdd\x94J\x80@\xbe\x02\x0f>\xf8\
`\x1cp\xc0\x01\x91\xder#\x9d\xe9\x94oR\xc9\x08\
d P`\x84tp\xe3^{\xed\x15\xe96e\xca\
\x94\x02G6\x14\x01\x02\x04\x08t\x22\x90\x0ep\xfa\xee\
w\xbf;\xf8\xef\xe5\xaf\x7f\xfd\xeb\x9d\x0ca\x1f\x02\x04\
\x08\x10 @\xa0M\x01\x0d\xf46\xc1l\xde?\x013\
\x11 @\x80@\xf3\x04\xe6\xcd\x9b\x17G\x1duTl\
\xbf\xfd\xf6q\xf1\xc5\x177\x0f@b\x02\x04\x08T@\
`\xc1\x82\x05q\xc2\x09'\xc4k_\xfb\xda\xf8\xe1\x0f\
\x7f\x18\xe9-7*P\x96\x12\x08\x10\xe8\xb3@:\x0b\
\xfd\xf5\xaf\x7f\xfd\xe0e\xdd\x1f\x7f\xfc\xf1\x9e\xcenp\
\x02\x04\x08\x10\x18^\xe0\xea\xab\xaf\x8e\xb7\xbf\xfd\xedq\
\xd0A\x07\xc5\xa3\x8f>\x1a>\x08\x10 @\x80\x00\x81\
\xfe\x08h\xa0\xf7\xc7\xd9,\xcd\x13\x90\x98\x00\x01\x02\x04\
\xba\x10\xf8\xc3\x1f\xfe\x10\xfb\xed\xb7_\xbc\xf9\xcdo\x8e\
\x9f\xff\xfc\xe7]\x8cdW\x02\x04\x08\x10hU ]\
\x164]\x05\xe4e/{Y\x1c\x7f\xfc\xf1\xb1p\xe1\
\xc2Vw\xb5\x1d\x01\x02\x19\x0b\xa4\xcb\xbao\xb7\xddv\
\xf1\xc5/~14\xd2\x87]h\x0f\x12 @\xa0p\
\x81\xeb\xae\xbb.\xde\xf3\x9e\xf7\xc4\xee\xbb\xef\x1e\x93'\
O.||\x03\x12 @\x80\x00\x01\x02\xa3\x0bh\xa0\
\x8f\xee\xe3Y\x02\x0d\x15\x10\x9b\x00\x01\x02\xd5\x10H\xef\
\xeb\xf6\xa1\x0f}h\xb0\x91\xfe\xb3\x9f\xfd\xac\x1aE\xa9\
\x82\x00\x01\x02\x99\x09\xa43\xce\xd3\xe5@_\xfe\xf2\x97\
\x0f^\x05\xe4\x89'\x9e\xc8,\xa18\x04\x08t+\x90\
\xfe\x9c\xf8\xeaW\xbf\x1a\xa9\x91~\xcc1\xc78\x0b\xb2\
[\xd0J\xed\xaf\x18\x02\x04\xaa$0i\xd2\xa4\xc1\xc6\
yj\x9e\xa7&z\x95jS\x0b\x01\x02\x04\x08\x10h\
\x92\x80\x06z\x93V[V\x02M\x11\x90\x93\x00\x81\xec\
\x04R#\xfd#\x1f\xf9H\xbc\xeeu\xaf\x8b\x0b.\xb8\
 \x96/_\x9e]F\x81\x08\x10 \xd0o\x81\xd9\xb3\
g\xc7q\xc7\x1d\x17\xe9\x8c\xf3#\x8f<24\xce\xfb\
\xbd\x02\xe6#P?\x81\xd4H?\xe9\xa4\x93\x22\x1dp\
s\xe8\xa1\x87\xc6\x8c\x193\xea\x17B\xc5y\x09HC\
 \x13\x81\xcb/\xbf<\xde\xf9\xcew\xc6\xae\xbb\xee\x1a\
\x1a\xe7\x99,\xaa\x18\x04\x08\x10 Pk\x81q\xb5\xae\
^\xf1\x04\x08\x10\xc8P@$\x02\x04F\x16\x98:u\
j\xfc\xed\xdf\xfem\xbc\xfa\xd5\xaf\x8es\xcf=7\xd2\
\x8b\xb8#o\xed\x19\x02\x04\x08\x10\x18N\xe0\xc1\x07\x1f\
\x8c/}\xe9K\x83\x0d\xb0/\x7f\xf9\xcb\x1a\xe7\xc3!\
y\x8c\x00\x81Q\x05\x16-Z\x14g\x9ey\xe6\xe0\x01\
8\x87\x1crHL\x992e\xd4\xed=I\x80\xc0\xf0\
\x02\x1e%\xf0_\xff\xf5_\x83W\x5c\xdbg\x9f}\xe2\
\xe6\x9bo\x06B\x80\x00\x01\x02\x04\x08TD@\x03\xbd\
\x22\x0b\xa1\x0c\x02\x04\x08d\x22 \x06\x81\xbe\x08\xfc\xf1\
\x8f\x7f\x8c\x83\x0f>8\xb6\xdez\xeb\xd8\x7f\xff\xfd\xe3\
\x97\xbf\xfce,[\xb6,|\x10 @\x80\xc0\xf0\x02\
O>\xf9\xe4\xe0\x81G\xbb\xec\xb2\xcb`\xc3\xeb+_\
\xf9\x8a\x83\x90\x86\xa7\xf2(\x01\x02m\x0a\x9c}\xf6\xd9\
\xf1\xfa\xd7\xbf>v\xd8a\x878\xf5\xd4Sc\xe6\xcc\
\x99m\x8e`s\x02\x04j*\xa0\xec\x0e\x04\x9e~\xfa\
\xe9\xf8\xf5\xaf\x7f=\xf8\xef\xd9\xe7?\xff\xf9\xf1\xf1\x8f\
\x7f<\xd2\x15\xd7:\x18\xca.\x04\x08\x10 @\x80@\
\x0f\x054\xd0{\x88kh\x02\x04\x08\x10\xa8\x9b\x80z\
\xeb&\x90\xce@\xff\xf1\x8f\x7f\x1c\xef\x7f\xff\xfb\xe3\xc5\
/~q\xa4K\x89\xdep\xc3\x0du\x8b\xa1^\x02\x04\
\x08\xf4D \x9d!z\xc9%\x97\xc4\x87?\xfc\xe1H\
/\xd0\xa6\x03\x8f\xd2\x0b\xb6\xe9\x85\xdb\x9eLhP\x02\
\x04\x1a-p\xeb\xad\xb7\xc6\x11G\x1c\x11\xdbn\xbbm\
\xec\xb1\xc7\x1eq\xfe\xf9\xe7\xc7\xdc\xb9s\x1bm\x22<\
\x01\x02U\x16\xe8omw\xddu\xd7\xe0\x15\x80\xb6\xdb\
n\xbbH\x074\xa6+\xaa\xa5\x03\x1c\xfb[\x85\xd9\x08\
\x10 @\x80\x00\x81V\x054\xd0[\x95\xb2\x1d\x01\x02\
\x04\x08\x10\xa8\xba@\xc3\xeb{\xf4\xd1G\x07/%\xba\
\xd3N;\xc5_\xfc\xc5_\xc4QG\x1d\x15\xb7\xdcr\
K\xc3U\xc4'@\xa0\x89\x02\x13&L\x88O\x7f\xfa\
\xd3\xb1\xd5V[\xc5G?\xfa\xd1\xb8\xf4\xd2K\x9b\xc8\
 3\x01\x02%\x0a\x5cu\xd5Uq\xe0\x81\x07\x0e^\
-\xe8c\x1f\xfbX\xa4\x83y4\xd3\xc3\x07\x01\x02\x0d\
\x13\x986mZ\xa4\xb7\xcby\xd3\x9b\xde\x14\xe9\x96\xae\
\x00\xf4\xc0\x03\x0f\x14\xa3`\x14\x02\x04\x08\x10 @\xa0\
\xa7\x02\x1a\xe8=\xe558\x01\x02\x04\x08\x10 \xd0\xaa\
@\x91\xdb\xa5K\xbc\x9f|\xf2\xc9\xf1\x8ew\xbc#\xb6\
\xd9f\x9b8\xe8\xa0\x83\xe2g?\xfb\x99\xb3\xa0\x8aD\
6\x16\x01\x02\x95\x11\xb8\xff\xfe\xfb\xe3[\xdf\xfaV|\
\xe0\x03\x1f\x88M7\xdd4\xf6\xdak\xaf8\xef\xbc\xf3\
b\xde\xbcy\x95\xa9Q!\x04\x084S ]\x09\xe3\
\xa2\x8b.\x1a<\x98\xe7\x85/|a\xfc\xf5_\xff\xf5\
\xe0e\xde\x7f\xff\xfb\xdf7\x13Dj\x02\x04\xb2\x16x\
\xea\xa9\xa7\xe2\x8a+\xae\x88\xc3\x0e;,^\xfd\xeaW\
\xc7k^\xf3\x9a8\xee\xb8\xe3\x22\x9d}\x9eu\xf0\x0e\
\xc2\xd9\x85\x00\x01\x02\x04\x08T]@\x03\xbd\xea+\xa4\
>\x02\x04\x08\x10 @\xa0+\x81G\x1ey$\xbe\xfb\
\xdd\xef\xc6G>\xf2\x91\xc1K\x18\xbf\xfd\xedo\x8f\xcf\
\x7f\xfe\xf3\x91.\xfd\x9e\x9aN]\x0d\xbefg\xf7\x08\
\x10 \xd0\x17\x81e\xcb\x96E\xbaL\xf2\x99g\x9e\x19\
\x7f\xf37\x7f\x13\xdbm\xb7]\xbc\xe2\x15\xaf\x88\xcf}\
\xees\xf1?\xff\xf3?\x91\xde\xda\xa2/\x85\x98\x84\x00\
\x01\x02m\x0a,]\xba4~\xf5\xab_\x0d^\xe6}\
\xfb\xed\xb7\x8f\x17\xbd\xe8E\xb1\xef\xbe\xfb\xc6\xd7\xbf\xfe\
\xf5\xf8\xcdo~\x13\x8b\x17/nsD\x9b\x13 @\
\xa0\x5c\x81\x993g\x0e^a#\xbd}\xc5\xce;\xef\
\x1c[n\xb9e\xec\xbd\xf7\xdeq\xc6\x19g\xc4\xbd\xf7\
\xde[nqf\xef\xa5\x80\xb1\x09\x10 @\xa0\x01\x02\
\x1a\xe8\x0dXd\x11\x09\x10 @\x80\x00\x81!\x81\xe5\
\xcb\x97\xc7m\xb7\xdd\x16g\x9duV\xec\xbf\xff\xfe\x83\
M\xa7\xf4\xe2mz\x7f\xe0t\xc6\xfau\xd7]\x17\xe9\
\xac\x81\xa1\xad\x9b\xf4YV\x02\x04\xaa*\xf0\xd8c\x8f\
\xc5e\x97]\x16\xc7\x1csL\xbc\xf7\xbd\xef\x8d-\xb6\
\xd8\x22v\xd8a\x878\xf4\xd0C\xe3'?\xf9IL\
\x9f>\xbd\xaa\xa5\xab\x8b\x00\x01\x02\xa3\x0a\xcc\x9a5+\
\xfe\xfb\xbf\xff;\x8e<\xf2\xc8\xf8\xcb\xbf\xfc\xcb\xc1?\
\xdf\xde\xfd\xeew\xc7?\xff\xf3?G:k\xfd\xc1\x07\
\x1f\x0c\x1f\x04\x08\x10\xa8\x8a@:\x08\xe8\xb7\xbf\xfdm\
|\xf3\x9b\xdf\x8cO~\xf2\x93\x83\x071n\xbb\xed\xb6\
\x83W\xd88\xf5\xd4S\xe3\xfa\xeb\xafw PU\x16\
K\x1dc\x08x\x9a\x00\x01\x02\x04Z\x11\xd0@oE\
\xc96\x04\x08\x10 @\x80@\xb6\x02\xe9\xc5\xdb\xf4\xfe\
\xc0\xe9=\xd3\xdf\xf3\x9e\xf7\xc4\xc6\x1bo\x1c/}\xe9\
K#\xbd\x97\xfa~\xfb\xed\x17\x87\x1f~x\x9cx\xe2\
\x89q\xf6\xd9g\xc7\x0f\x7f\xf8\xc3\xc1F\xd65\xd7\x5c\
3\xf8\xfe\xea\xe9=\xed\xd2\x19\xee\x9a\xee%\xffx\x98\
\x9e@M\x04\xd2%\xd5\x1fz\xe8\xa1H\x97.\xbe\xf1\
\xc6\x1b\xe3\xaa\xab\xae\x1a<k)]n\xfd\x1b\xdf\xf8\
F\x9cp\xc2\x09\xf1\x0f\xff\xf0\x0f\xb1\xcf>\xfb\xc4[\
\xdf\xfa\xd6H\x97;\xdej\xab\xad\xe2\x83\x1f\xfc`\x9c\
t\xd2Iq\xed\xb5\xd7\xc6\xc2\x85\x0bk\x92V\x99\x04\
\x08\x10hO \x9d\x81\x9e\xfel<\xfd\xf4\xd3\xe3c\
\x1f\xfb\xd8\xe0\xefc\x9bm\xb6Y\xbc\xf1\x8do\x1c|\
k\x8a\xcf~\xf6\xb3\xf1o\xff\xf6o\x91\x9e\xff\xde\xf7\
\xbe\x17\x17_|qL\x9c81\xd2\x01\x90\xbf\xfb\xdd\
\xefb\xc6\x8c\x191g\xce\x9c\xf6&\xb55\x01\x02\x8d\
\x15H\x07)\xdew\xdf}\x83\x07X\xa7\xdf\xb1.\xbf\
\xfc\xf2\xc1\xab\x94\x9ds\xce9\x91\x0e\xaeN\x07\xf7\xa4\
Fy\xfa7\xe2v\xdbm\x17\xe3\xc7\x8f\x8f\x1dw\xdc\
1\xfe\xf1\x1f\xff1.\xbc\xf0B\x0716\xf6'G\
\xf0\xd2\x05\x14@\x80\x00\x81>\x09h\xa0\xf7\x09\xda4\
\x04\x08\x10 @\x80@}\x04\xd2\x19O7\xdcp\xc3\
\xe0\x0b\xb3\xa7\x9dvZ\x1c{\xec\xb1q\xc8!\x87\xc4\
\x01\x07\x1c0\xd8\xc8\xdam\xb7\xdd\x06\xdf_=\xbd\xa7\
]z\x8f\xf5\xd4t\x1f\x18\x18\x88\x81\x01\xb7\x81\x01\x06\
\x03\x03\xed\x19\x0c\x0c\xd8~`\xa0\x19\x06\x9bo\xbey\
\xbc\xe4%/\x89t\xe9\xe2t\x96\xe5\x1e{\xec1x\
\xd6\xd2\xa7?\xfd\xe9\xf8\xa7\x7f\xfa\xa78\xfe\xf8\xe3#\
\xbdh\x9b^\xc0\x9d<yr\xcc\x9e=;|\x10 \
@\xa0\xc9\x02\xf3\xe7\xcf\x8f\xd4\x1c\x9f0aB|\xe7\
;\xdf\x89\x7f\xff\xf7\x7f\x1f<C\xfd3\x9f\xf9L\xa4\
\x03\x1d\xf7\xdcs\xcfH\xcd\xad\xd4d\x7f\xd9\xcb^\x16\
\xcf{\xde\xf3\xfc>\xd6\x90\xbfS\x07\x06\x9a\xf1\xbb\xc3\
\xc0\x80\x9c\x03\x03\xbd1H\x07)\xbe\xeaU\xaf\x8a\xf4\
\x16_\xe9*?\xe9\x00\xc6t\x95\xb2t0c:\xb8\
:\xbd\xbdDj\x94\xa7\x83t\xa6\xbb\xe2O\x93\xff*\
\x92\x9d@\xa1\x02\x06#@\xa0>\x02\x1a\xe8\xf5Y+\
\x95\x12 @\x80\x00\x01\x02\x04\x08\x10\xa8\x9a\x80z\x08\
\x10 @\x80\x00\x01\x02\x04\x08\x10 @\x80\x00\x81\xfc\
\x05$$\xd0(\x01\x0d\xf4F-\xb7\xb0\x04\x08\x10 \
@\x80\x00\x01\x02\x04\x08\xac\x11p\x8f\x00\x01\x02\x04\x08\
\x10 @\x80\x00\x01\x02\x04\x08\x10\xc8_@B\x02\xed\
\x09h\xa0\xb7\xe7ek\x02\x04\x08\x10 @\x80\x00\x01\
\x02\x04\x08TC@\x15\x04\x08\x10 @\x80\x00\x01\x02\
\x04\x08\x10 @\x80@\xfe\x02\x12\xf6]@\x03\xbd\xef\
\xe4&$@\x80\x00\x01\x02\x04\x08\x10 @\x80\x00\x01\
\x02\x04\x08\x10 @\x80\x00\x01\x02\x04\x08\x10 @\x80\
@\xfe\x02uL\xa8\x81^\xc7US3\x01\x02\x04\x08\
\x10 @\x80\x00\x01\x02\x04\x08\x94)`n\x02\x04\x08\
\x10 @\x80\x00\x01\x02\x04\x08\x10 @ S\x81\xb5\
\x1a\xe8\x99&\x14\x8b\x00\x01\x02\x04\x08\x10 @\x80\x00\
\x01\x02\x04\x08\x10XK\xc0]\x02\x04\x08\x10 @\x80\
\x00\x01\x02\x04\x08\x10 @`$\x81|\x1a\xe8#%\
\xf48\x01\x02\x04\x08\x10 @\x80\x00\x01\x02\x04\x08\x10\
 \x90\x8f\x80$\x04\x08\x10 @\x80\x00\x01\x02\x04\x08\
\x10 @\xa0\x87\x02\x1a\xe8=\xc4mgh\xdb\x12 \
@\x80\x00\x01\x02\x04\x08\x10 @\x80\x00\x01\x02\xf9\x0b\
HH\x80\x00\x01\x02\x04\x08\x10 @\x80\x00\x01\x02\xd5\
\x16\xd0@\xaf\xf6\xfa\xd4\xa5:u\x12 @\x80\x00\x01\
\x02\x04\x08\x10 @\x80\x00\x01\x02\xf9\x0bHH\x80\x00\
\x01\x02\x04\x08\x10 @\x80\x00\x81\xec\x054\xd0\xb3_\
b\x01\xc7\x16\xb0\x05\x01\x02\x04\x08\x10 @\x80\x00\x01\
\x02\x04\x08\x10 \x90\xbf\x80\x84\x04\x08\x10 @\x80\x00\
\x01\x02\x04\x08\x10\x18[@\x03}l#[\x10\xa8\xb6\
\x80\xea\x08\x10 @\x80\x00\x01\x02\x04\x08\x10 @\x80\
\x00\x81\xfc\x05$$@\x80\x00\x01\x02\x04\x08\x10 @\
\xa0/\x02\x1a\xe8}a6\x09\x01\x02#\x09x\x9c\x00\
\x01\x02\x04\x08\x10 @\x80\x00\x01\x02\x04\x08\x10\xc8_\
@B\x02\x04\x08\x10 @\x80\x00\x01\x02u\x11\xd0@\
\xaf\xcbJ\xa9\x93\x00\x81*\x0a\xa8\x89\x00\x01\x02\x04\x08\
\x10 @\x80\x00\x01\x02\x04\x08\x10\xc8_@B\x02\x04\
\x08\x10 @\x80\x00\x81\x06\x09h\xa07h\xb1E%\
@\x80\xc0\xba\x02\xbe#@\x80\x00\x01\x02\x04\x08\x10 \
@\x80\x00\x01\x02\x04\xf2\x17\x90\x90\x00\x01\x02\x04\x08\x10\
 @\xa0\x1d\x01\x0d\xf4v\xb4lK\x80\x00\x01\x02\xd5\
\x11P\x09\x01\x02\x04\x08\x10 @\x80\x00\x01\x02\x04\x08\
\x10 \x90\xbf\x80\x84\x04\x08\x10 @\x80\x00\x81>\x0b\
h\xa0\xf7\x19\xdct\x04\x08\x10 @ \x09\xb8\x11 \
@\x80\x00\x01\x02\x04\x08\x10 @\x80\x00\x01\x02\xf9\x0b\
HH\x80\x00\x01\x02\x04\x08\xd4O@\x03\xbd~k\xa6\
b\x02\x04\x08\x10 P\xb6\x80\xf9\x09\x10 @\x80\x00\
\x01\x02\x04\x08\x10 @\x80\x00\x81\xfc\x05$$@\x80\
\x00\x01\x02\x8d\x14\xd0@o\xe4\xb2\x0bM\x80\x00\x01\x02\
\x04\x9a, ;\x01\x02\x04\x08\x10 @\x80\x00\x01\x02\
\x04\x08\x10 \x90\xbf\x80\x84\x04\x08\x10 @\xa03\x01\
\x0d\xf4\xce\xdc\xecE\x80\x00\x01\x02\x04\x08\x10(G\xc0\
\xac\x04\x08\x10 @\x80\x00\x01\x02\x04\x08\x10 @\x80\
@\xfe\x02\x12\x12 @\x80@i\x02\x1a\xe8\xa5\xd1\x9b\
\x98\x00\x01\x02\x04\x08\x10 \xd0<\x01\x89\x09\x10 @\
\x80\x00\x01\x02\x04\x08\x10 @\x80\x00\x81\xfc\x05$$\
@\x80@\x9d\x054\xd0\xeb\xbczj'@\x80\x00\x01\
\x02\x04\x08\x10\xe8\xa7\x80\xb9\x08\x10 @\x80\x00\x01\x02\
\x04\x08\x10 @\x80\x00\x81\xfc\x05$$@\xa0\xe1\x02\
\x1a\xe8\x0d\xff\x01\x10\x9f\x00\x01\x02\x04\x08\x10 @\xa0\
)\x02r\x12 @\x80\x00\x01\x02\x04\x08\x10 @\x80\
u_~\xca\x00\x00\x10\x00IDAT\x00\x01\x02\xf9\
\x0bHH\x80@\xb7\x02\x1a\xe8\xdd\x0a\xda\x9f\x00\x01\x02\
\x04\x08\x10 @\x80\x00\x81\xde\x0b\x98\x81\x00\x01\x02\x04\
\x08\x10 @\x80\x00\x01\x02\x04\x08\x10\xc8_@B\x02\
\x15\x10\xd0@\xaf\xc0\x22(\x81\x00\x01\x02\x04\x08\x10 \
@\x80\x00\x81\xbc\x05\xa4#@\x80\x00\x01\x02\x04\x08\x10\
 @\x80\x00\x01\x02\x04\xf2\x17\x900\x0f\x01\x0d\xf4<\
\xd6Q\x0a\x02\x04\x08\x10 @\x80\x00\x01\x02\x04\x08\xf4\
J\xc0\xb8\x04\x08\x10 @\x80\x00\x01\x02\x04\x08\x10 \
@\x80@\xfe\x02\x12\xae\x12\xd0@_\x05\xe1\x0b\x01\x02\
\x04\x08\x10 @\x80\x00\x01\x02\x04\x08\xe4( \x13\x01\
\x02\x04\x08\x10 @\x80\x00\x01\x02\x04\x08\x10 \x90\xbf\
@q\x095\xd0\x8b\xb34\x12\x01\x02\x04\x08\x10 @\
\x80\x00\x01\x02\x04\x08\x10(V\xc0h\x04\x08\x10 @\
\x80\x00\x01\x02\x04\x08\x10 @\x80@_\x05Ji\xa0\
\xf75\xa1\xc9\x08\x10 @\x80\x00\x01\x02\x04\x08\x10 \
@\x80\x00\x81R\x04LJ\x80\x00\x01\x02\x04\x08\x10 \
@\x80\x00\x01\x02\x04\xea&\xa0\x81\xde\xfe\x8a\xd9\x83\x00\
\x01\x02\x04\x08\x10 @\x80\x00\x01\x02\x04\x08\x10\xc8_\
@B\x02\x04\x08\x10 @\x80\x00\x01\x02\x04\x08\x10h\
\xa0\x80\x06z\xe3\x16]`\x02\x04\x08\x10 @\x80\x00\
\x01\x02\x04\x08\x10 @ \x7f\x01\x09\x09\x10 @\x80\
\x00\x01\x02\x04\x08\x10 @\xa0\x13\x01\x0d\xf4N\xd4\xec\
S\x9e\x80\x99\x09\x10 @\x80\x00\x01\x02\x04\x08\x10 \
@\x80\x00\x81\xfc\x05$$@\x80\x00\x01\x02\x04\x08\x10\
 @\x80@I\x02\x1a\xe8%\xc1\x9b\xb6\x99\x02R\x13\
 @\x80\x00\x01\x02\x04\x08\x10 @\x80\x00\x01\x02\xf9\
\x0bHH\x80\x00\x01\x02\x04\x08\x10 @\x80@}\x05\
4\xd0\xeb\xbbv*'\xd0o\x01\xf3\x11 @\x80\x00\
\x01\x02\x04\x08\x10 @\x80\x00\x01\x02\xf9\x0bHH\x80\
\x00\x01\x02\x04\x08\x10 @\xa0\xd1\x02\x1a\xe8\x8d^~\
\xe1\x094I@V\x02\x04\x08\x10 @\x80\x00\x01\x02\
\x04\x08\x10 @ \x7f\x01\x09\x09\x10 @\x80\x00\x01\
\x02\x04\x08t'\xa0\x81\xde\x9d\x9f\xbd\x09\x10 \xd0\x1f\
\x01\xb3\x10 @\x80\x00\x01\x02\x04\x08\x10 @\x80\x00\
\x01\x02\xf9\x0bHH\x80\x00\x01\x02\x04\x08\x10 P\xba\
\x80\x06z\xe9K\xa0\x00\x02\x04\x08\xe4/ !\x01\x02\
\x04\x08\x10 @\x80\x00\x01\x02\x04\x08\x10 \x90\xbf\x80\
\x84\x04\x08\x10 @\x80\x00\x81\x1c\x044\xd0sXE\
\x19\x08\x10 @\xa0\x97\x02\xc6&@\x80\x00\x01\x02\x04\
\x08\x10 @\x80\x00\x01\x02\x04\xf2\x17\x90\x90\x00\x01\x02\
\x04\x08\x10 0(\xa0\x81>\xc8\xe0\x13\x01\x02\x04\x08\
\x10\xc8U@.\x02\x04\x08\x10 @\x80\x00\x01\x02\x04\
\x08\x10 @ \x7f\x01\x09\x09\x10 @\x80\x00\x81\xa2\
\x044\xd0\x8b\x924\x0e\x01\x02\x04\x08\x10 P\xbc\x80\
\x11\x09\x10 @\x80\x00\x01\x02\x04\x08\x10 @\x80\x00\
\x81\xfc\x05$$@\x80\x00\x01\x02\x15\x12\xd0@\xaf\xd0\
b(\x85\x00\x01\x02\x04\x08\x10\xc8K@\x1a\x02\x04\x08\
\x10 @\x80\x00\x01\x02\x04\x08\x10 @ \x7f\x01\x09\
\x09\x10 @ /\x01\x0d\xf4\xbc\xd6S\x1a\x02\x04\x08\
\x10 @\x80@Q\x02\xc6!@\x80\x00\x01\x02\x04\x08\
\x10 @\x80\x00\x01\x02\x04\xf2\x17\x90\x90\x00\x01\x02\x04\
\xd6\x13\xd0@_\x0f\xc4\xb7\x04\x08\x10 @\x80\x00\x01\
\x029\x08\xc8@\x80\x00\x01\x02\x04\x08\x10 @\x80\x00\
\x01\x02\x04\x08\xe4/ !\x01\x02\x04\x8a\x17\xd0@/\
\xde\xd4\x88\x04\x08\x10 @\x80\x00\x01\x02\x04\xba\x13\xb0\
7\x01\x02\x04\x08\x10 @\x80\x00\x01\x02\x04\x08\x10 \
\x90\xbf\x80\x84\x04\x08TR@\x03\xbd\x92\xcb\xa2(\x02\
\x04\x08\x10 @\x80\x00\x01\x02\xf5\x15P9\x01\x02\x04\
\x08\x10 @\x80\x00\x01\x02\x04\x08\x10 \x90\xbf\x80\x84\
\x04r\x15\xd0@\xcfue\xe5\x22@\x80\x00\x01\x02\x04\
\x08\x10 @\xa0\x13\x01\xfb\x10 @\x80\x00\x01\x02\x04\
\x08\x10 @\x80\x00\x01\x02\xf9\x0bHH`D\x01\x0d\
\xf4\x11i<A\x80\x00\x01\x02\x04\x08\x10 @\x80\x00\
\x81\xba\x09\xa8\x97\x00\x01\x02\x04\x08\x10 @\x80\x00\x01\
\x02\x04\x08\x10\xc8_@\xc2^\x0ah\xa0\xf7R\xd7\xd8\
\x04\x08\x10 @\x80\x00\x01\x02\x04\x08\x10 \xd0\xba\x80\
-\x09\x10 @\x80\x00\x01\x02\x04\x08\x10 @\x80\x00\
\x81\xfc\x05*\x9eP\x03\xbd\xe2\x0b\xa4<\x02\x04\x08\x10\
 @\x80\x00\x01\x02\x04\x08\x10\xa8\x87\x80*\x09\x10 \
@\x80\x00\x01\x02\x04\x08\x10 @\x80\x00\x81\xfa\x0b\x8c\
\xd5@\xaf\x7fB\x09\x08\x10 @\x80\x00\x01\x02\x04\x08\
\x10 @\x80\x00\x81\xb1\x04<O\x80\x00\x01\x02\x04\x08\
\x10 @\x80\x00\x01\x02\x04\x08\xac\x14\xc8\xbc\x81\xbe2\
\xa1\xff\x08\x10 @\x80\x00\x01\x02\x04\x08\x10 @\x80\
\x00\x81\xcc\x05\xc4#@\x80\x00\x01\x02\x04\x08\x10 @\
\x80\x00\x01\x02\xc5\x08h\xa0\x17\xe3\xd8\x9bQ\x8cJ\x80\
\x00\x01\x02\x04\x08\x10 @\x80\x00\x01\x02\x04\x08\xe4/\
 !\x01\x02\x04\x08\x10 @\x80\x00\x01\x02\x04\x08T\
F@\x03\xbd2K\x91_!\x12\x11 @\x80\x00\x01\
\x02\x04\x08\x10 @\x80\x00\x01\x02\xf9\x0bHH\x80\x00\
\x01\x02\x04\x08\x10 @\x80\x00\x81\x9c\x044\xd0sZ\
MY\x8a\x140\x16\x01\x02\x04\x08\x10 @\x80\x00\x01\
\x02\x04\x08\x10 \x90\xbf\x80\x84\x04\x08\x10 @\x80\x00\
\x01\x02\x04\x08\x10XG@\x03}\x1d\x0e\xdf\x10\xc8E\
@\x0e\x02\x04\x08\x10 @\x80\x00\x01\x02\x04\x08\x10 \
@ \x7f\x01\x09\x09\x10 @\x80\x00\x01\x02\x04\x08\x10\
(Z@\x03\xbdhQ\xe3\x11 \xd0\xbd\x80\x11\x08\x10\
 @\x80\x00\x01\x02\x04\x08\x10 @\x80\x00\x81\xfc\x05\
$$@\x80\x00\x01\x02\x04\x08\x10 PA\x01\x0d\xf4\
\x0a.\x8a\x92\x08\x10\xa8\xb7\x80\xea\x09\x10 @\x80\x00\
\x01\x02\x04\x08\x10 @\x80\x00\x81\xfc\x05$$@\x80\
\x00\x01\x02\x04\x08\x10\xc8S@\x03=\xcfu\x95\x8a\x00\
\x01\x02\x9d\x0a\xd8\x8f\x00\x01\x02\x04\x08\x10 @\x80\x00\
\x01\x02\x04\x08\x10\xc8_@B\x02\x04\x08\x10 @\x80\
\x00\x81\x11\x044\xd0G\x80\xf10\x01\x02\x04\x08\xd4Q\
@\xcd\x04\x08\x10 @\x80\x00\x01\x02\x04\x08\x10 @\
\x80@\xfe\x02\x12\x12 @\x80\x00\x01\x02\x04z'\xa0\
\x81\xde;[#\x13 @\x80\x00\x81\xf6\x04lM\x80\
\x00\x01\x02\x04\x08\x10 @\x80\x00\x01\x02\x04\x08\xe4/\
 !\x01\x02\x04\x08\x10 Pi\x01\x0d\xf4J/\x8f\
\xe2\x08\x10 @\x80@}\x04TJ\x80\x00\x01\x02\x04\
\x08\x10 @\x80\x00\x01\x02\x04\x08\xe4/ !\x01\x02\
\x04\x08\x10\xc8]@\x03=\xf7\x15\x96\x8f\x00\x01\x02\x04\
\x08\x10hE\xc06\x04\x08\x10 @\x80\x00\x01\x02\x04\
\x08\x10 @\x80@\xfe\x02\x12\x12 @\x80\x00\x811\
\x054\xd0\xc7$\xb2\x01\x01\x02\x04\x08\x10 @\xa0\xea\
\x02\xea#@\x80\x00\x01\x02\x04\x08\x10 @\x80\x00\x01\
\x02\x04\xf2\x17\x90\x90\x00\x01\x02\x04\xfa!\xa0\x81\xde\x0f\
es\x10 @\x80\x00\x01\x02\x04\x08\x8c,\xe0\x19\x02\
\x04\x08\x10 @\x80\x00\x01\x02\x04\x08\x10 @ \x7f\
\x01\x09\x09\x10 P\x13\x01\x0d\xf4\x9a,\x942\x09\x10\
 @\x80\x00\x01\x02\x04\xaa)\xa0*\x02\x04\x08\x10 \
@\x80\x00\x01\x02\x04\x08\x10 @ \x7f\x01\x09\x09\x10\
h\x8e\x80\x06zs\xd6ZR\x02\x04\x08\x10 @\x80\
\x00\x01\x02\xeb\x0b\xf8\x9e\x00\x01\x02\x04\x08\x10 @\x80\
\x00\x01\x02\x04\x08\x10\xc8_@B\x02\x04\xda\x10\xd0@\
o\x03\xcb\xa6\x04\x08\x10 @\x80\x00\x01\x02\x04\x08T\
I@-\x04\x08\x10 @\x80\x00\x01\x02\x04\x08\x10 \
@\x80@\xfe\x02\x12\x12\xe8\xaf\x80\x06z\x7f\xbd\xcdF\
\x80\x00\x01\x02\x04\x08\x10 @\x80\x00\x81!\x01\x9f\x09\
\x10 @\x80\x00\x01\x02\x04\x08\x10 @\x80\x00\x81\xfc\
\x05$\xac\x9d\x80\x06z\xed\x96L\xc1\x04\x08\x10 @\
\x80\x00\x01\x02\x04\x08\x10(_@\x05\x04\x08\x10 @\
\x80\x00\x01\x02\x04\x08\x10 @\x80@\xfe\x02ML\xa8\
\x81\xde\xc4U\x97\x99\x00\x01\x02\x04\x08\x10 @\x80\x00\
\x01\x02\xcd\x16\x90\x9e\x00\x01\x02\x04\x08\x10 @\x80\x00\
\x01\x02\x04\x08\x10\xc8_\xa0\xa3\x84\x1a\xe8\x1d\xb1\xd9\x89\
\x00\x01\x02\x04\x08\x10 @\x80\x00\x01\x02\x04\x08\x94%\
`^\x02\x04\x08\x10 @\x80\x00\x01\x02\x04\x08\x10 \
@\xa0W\x02\xd5i\xa0\xf7*\xa1q\x09\x10 @\x80\
\x00\x01\x02\x04\x08\x10 @\x80\x00\x81\xea\x08\xa8\x84\x00\
\x01\x02\x04\x08\x10 @\x80\x00\x01\x02\x04\x08TX@\
\x03\xbd\xa0\xc51\x0c\x01\x02\x04\x08\x10 @\x80\x00\x01\
\x02\x04\x08\x10 \x90\xbf\x80\x84\x04\x08\x10 @\x80\x00\
\x01\x02\x04\x08\x10 \x90\xb7\x80\x06z\xde\xeb\xdbj:\
\xdb\x11 @\x80\x00\x01\x02\x04\x08\x10 @\x80\x00\x01\
\x02\xf9\x0bHH\x80\x00\x01\x02\x04\x08\x10 @\x80\x00\
\x01\x02c\x08h\xa0\x8f\x01\xe4\xe9:\x08\xa8\x91\x00\x01\
\x02\x04\x08\x10 @\x80\x00\x01\x02\x04\x08\x10\xc8_@\
B\x02\x04\x08\x10 @\x80\x00\x01\x02\x04\x08\xf4^@\
\x03\xbd\xf7\xc6f 0\xba\x80g\x09\x10 @\x80\x00\
\x01\x02\x04\x08\x10 @\x80\x00\x81\xfc\x05$$@\x80\
\x00\x01\x02\x04\x08\x10 @\xa0\x16\x02\x1a\xe8\xb5X&\
E\x12\xa8\xae\x80\xca\x08\x10 @\x80\x00\x01\x02\x04\x08\
\x10 @\x80\x00\x81\xfc\x05$$@\x80\x00\x01\x02\x04\
\x08\x10 \xd0\x14\x01\x0d\xf4\xa6\xac\xb4\x9c\x04\x08\x0c'\
\xe01\x02\x04\x08\x10 @\x80\x00\x01\x02\x04\x08\x10 \
@ \x7f\x01\x09\x09\x10 @\x80\x00\x01\x02\x04\x08\xb4\
,\xa0\x81\xde2\x95\x0d\x09\x10 P5\x01\xf5\x10 \
@\x80\x00\x01\x02\x04\x08\x10 @\x80\x00\x01\x02\xf9\x0b\
HH\x80\x00\x01\x02\x04\x08\x10 \xd0O\x01\x0d\xf4~\
j\x9b\x8b\x00\x01\x02\x04\xd6\x08\xb8G\x80\x00\x01\x02\x04\
\x08\x10 @\x80\x00\x01\x02\x04\x08\xe4/ !\x01\x02\
\x04\x08\x10 @\xa0f\x02\x1a\xe85[0\xe5\x12 \
@\x80@5\x04TA\x80\x00\x01\x02\x04\x08\x10 @\
\x80\x00\x01\x02\x04\x08\xe4/ !\x01\x02\x04\x08\x10 \
\xd0<\x01\x0d\xf4\xe6\xad\xb9\xc4\x04\x08\x10 @\x80\x00\
\x01\x02\x04\x08\x10 @\x80\x00\x01\x02\x04\x08\x10 \x90\
\xbf\x80\x84\x04\x08\x10 @\x80@\x07\x02\x1a\xe8\x1d\xa0\
\xd9\x85\x00\x01\x02\x04\x08\x10(S\xc0\xdc\x04\x08\x10 \
@\x80\x00\x01\x02\x04\x08\x10 @\x80@\xfe\x02\x12\x12\
 @\x80\x00\x81r\x044\xd0\xcbq7+\x01\x02\x04\
\x08\x10 \xd0T\x01\xb9\x09\x10 @\x80\x00\x01\x02\x04\
\x08\x10 @\x80\x00\x81\xfc\x05$$@\x80\x00\x81\xda\
\x0ah\xa0\xd7v\xe9\x14N\x80\x00\x01\x02\x04\x08\x10\xe8\
\xbf\x80\x19\x09\x10 @\x80\x00\x01\x02\x04\x08\x10 @\
\x80\x00\x81\xfc\x05$$@\x80@\x93\x054\xd0\x9b\xbc\
\xfa\xb2\x13 @\x80\x00\x01\x02\x04\x9a% -\x01\x02\
\x04\x08\x10 @\x80\x00\x01\x02\x04\x08\x10 \x90\xbf\x80\
\x84\x04\x08\x10\xe8J@\x03\xbd+>;\x13 @\x80\
\x00\x01\x02\x04\x08\x10\xe8\x97\x80y\x08\x10 @\x80\x00\
\x01\x02\x04\x08\x10 @\x80\x00\x81\xfc\x05$$@\xa0\
l\x01\x0d\xf4\xb2W\xc0\xfc\x04\x08\x10 @\x80\x00\x01\
\x02\x04\x9a  #\x01\x02\x04\x08\x10 @\x80\x00\x01\
\x02\x04\x08\x10 \x90\xbf\x80\x84\x042\x10\xd0@\xcf`\
\x11E @\x80\x00\x01\x02\x04\x08\x10 @\xa0\xb7\x02\
F'@\x80\x00\x01\x02\x04\x08\x10 @\x80\x00\x01\x02\
\x04\xf2\x17\x90\x90@\x12\xd0@O\x0an\x04\x08\x10 \
@\x80\x00\x01\x02\x04\x08\x10\xc8W@2\x02\x04\x08\x10\
 @\x80\x00\x01\x02\x04\x08\x10 @ \x7f\x01\x09\x0b\
\x12\xd0@/\x08\xd20\x04\x08\x10 @\x80\x00\x01\x02\
\x04\x08\x10 \xd0\x0b\x01c\x12 @\x80\x00\x01\x02\x04\
\x08\x10 @\x80\x00\x01\x02\xf9\x0bT'\xa1\x06zu\
\xd6B%\x04\x08\x10 @\x80\x00\x01\x02\x04\x08\x10 \
\x90\x9b\x80<\x04\x08\x10 @\x80\x00\x01\x02\x04\x08\x10\
 @\x80@\xad\x04:j\xa0\xd7*\xa1b\x09\x10 \
@\x80\x00\x01\x02\x04\x08\x10 @\x80\x00\x81\x8e\x04\xec\
D\x80\x00\x01\x02\x04\x08\x10 @\x80\x00\x01\x02\x04\x9a\
&\xd0\xc4\x06z\xd3\xd6X^\x02\x04\x08\x10 @\x80\
\x00\x01\x02\x04\x08\x10 \xd0D\x01\x99\x09\x10 @\x80\
\x00\x01\x02\x04\x08\x10 @\x80@\xdb\x02\x1a\xe8m\x93\
\x95\xbd\x83\xf9\x09\x10 @\x80\x00\x01\x02\x04\x08\x10 \
@\x80\x00\x81\xfc\x05$$@\x80\x00\x01\x02\x04\x08\x10\
 @\x80\x00\x812\x044\xd0\xcbPo\xf2\x9c\xb2\x13\
 @\x80\x00\x01\x02\x04\x08\x10 @\x80\x00\x01\x02\xf9\
\x0bHH\x80\x00\x01\x02\x04\x08\x10 @\x80\x00\x81\x9a\
\x0ah\xa0\xd7t\xe1\x94]\x8e\x80Y\x09\x10 @\x80\
\x00\x01\x02\x04\x08\x10 @\x80\x00\x81\xfc\x05$$@\
\x80\x00\x01\x02\x04\x08\x10 @\xa0\xb9\x02\x1a\xe8\xcd]\
{\xc9\x9b' 1\x01\x02\x04\x08\x10 @\x80\x00\x01\
\x02\x04\x08\x10 \x90\xbf\x80\x84\x04\x08\x10 @\x80\x00\
\x01\x02\x04\x08t!\xa0\x81\xde\x05\x9e]\x09\x10\xe8\xa7\
\x80\xb9\x08\x10 @\x80\x00\x01\x02\x04\x08\x10 @\x80\
\x00\x81\xfc\x05$$@\x80\x00\x01\x02\x04\x08\x10 P\
\xae\x80\x06z\xb9\xfef'@\xa0)\x02r\x12 @\
\x80\x00\x01\x02\x04\x08\x10 @\x80\x00\x01\x02\xf9\x0bH\
H\x80\x00\x01\x02\x04\x08\x10 P{\x01\x0d\xf4\xda/\
\xa1\x00\x04\x08\x10\xe8\xbd\x80\x19\x08\x10 @\x80\x00\x01\
\x02\x04\x08\x10 @\x80\x00\x81\xfc\x05$$@\x80\x00\
\x01\x02\x04\x08\x10\x88\x18\x17\x1b\xea\xa1\x87\x0f\x02\x04\x08\
\x10\xc8Y@6\x02\x04\x08\x10 @\x80\x00\x01\x02\x04\
\x08\x10 @ \x7f\x01\x09\x09\x10 @\x80\x00\x01\x02\
\xdd\x0b\xac\xec\x9d\x8f\xd3@\x0f\x1f\x04\x08\x10 @\xa0\
\xc2\x02J#@\x80\x00\x01\x02\x04\x08\x10 @\x80\x00\
\x01\x02\x04\xf2\x17\x90\x90\x00\x01\x02\x04\x08\x10\xa8\x84\xc0\
`\x03\xbd\x12\x95(\x82\x00\x01\x02\x04\x08\x10\xc8R@\
(\x02\x04\x08\x10 @\x80\x00\x01\x02\x04\x08\x10 @\
 \x7f\x01\x09\x09\x10 @\x80@.\x02\xe3\xc7\xc5\xb8\
X\xf9)\x97<r\x10 @\x80\x00\x01\x02\x04\x8a\x14\
0\x16\x01\x02\x04\x08\x10 @\x80\x00\x01\x02\x04\x08\x10\
 \x90\xbf\x80\x84\x04\x08\x10 @\xe0\x19\x81\x95\xbd\xf3\
q\xb1\xf1\x06\xcf|\xef\x0e\x01\x02\x04\x08\x10 @\x80\
@6\x02\x82\x10 @\x80\x00\x01\x02\x04\x08\x10 @\
\x80\x00\x01\x02\xf9\x0bHH\x80\x00\x01\x02E\x0al\x90\
\xce@\xdfT\x03\xbdHSc\x11 @\x80\x00\x01\x02\
\x04\x08\x14!`\x0c\x02\x04\x08\x10 @\x80\x00\x01\x02\
\x04\x08\x10 @ \x7f\x01\x09\x09\x10 P1\x81\x95\
\xbd\xf3q\xb1\x89\x06z\xc5\x96E9\x04\x08\x10 @\
\x80\x00\x01\x02u\x17P?\x01\x02\x04\x08\x10 @\x80\
\x00\x01\x02\x04\x08\x10 \x90\xbf\x80\x84\x04\x08\xe4'\xb0\
\xe5\xf8\x18\x17+?\xe5\x97L\x22\x02\x04\x08\x10 @\
\x80\x00\x01\x02\x04:\x15\xb0\x1f\x01\x02\x04\x08\x10 @\
\x80\x00\x01\x02\x04\x08\x10 \x90\xbf\x80\x84\x04\x08\x0c#\
\xf0\xbc\xf1'\x8f\x8b\xabg\x0d\x0c\xf3\x94\x87\x08\x10 \
@\x80\x00\x01\x02\x04\x08\x10 PG\x015\x13 @\
\x80\x00\x01\x02\x04\x08\x10 @\x80\x00\x01\x02\xf9\x0bH\
H\xa07\x02W>|\xd4\xb8\xde\x8clT\x02\x04\x08\
\x10 @\x80\x00\x01\x02\x04\x08\x10h_\xc0\x1e\x04\x08\
\x10 @\x80\x00\x01\x02\x04\x08\x10 @\x80@\xfe\x02\
\x12VY@\x03\xbd\xca\xab\xa36\x02\x04\x08\x10 @\
\x80\x00\x01\x02\x04\x08\xd4I@\xad\x04\x08\x10 @\x80\
\x00\x01\x02\x04\x08\x10 @\x80@\xfe\x02\x99'\xd4@\
\xcf|\x81\xc5#@\x80\x00\x01\x02\x04\x08\x10 @\x80\
\x00\x81\xd6\x04lE\x80\x00\x01\x02\x04\x08\x10 @\x80\
\x00\x01\x02\x04\x08\xe4/0VB\x0d\xf4\xb1\x84<O\
\x80\x00\x01\x02\x04\x08\x10 @\x80\x00\x01\x02\x04\xaa/\
\xa0B\x02\x04\x08\x10 @\x80\x00\x01\x02\x04\x08\x10 \
@\xa0\x00\x81\xa1\x06\xfa\xc6\x1b\x140T/\x860&\
\x01\x02\x04\x08\x10 @\x80\x00\x01\x02\x04\x08\x10 \x90\
\xbf\x80\x84\x04\x08\x10 @\x80\x00\x01\x02\x04\x08\x10 \
@\xa0d\x81U=\xf3\xa1\x06\xfaK6.\xb9\x9aL\
\xa7\x17\x8b\x00\x01\x02\x04\x08\x10 @\x80\x00\x01\x02\x04\
\x08\x10\xc8_@B\x02\x04\x08\x10 @\x80\x00\x01\x02\
\x04\x08\x10\xa8\xbf\xc0\xaa\x9e\xf9P\x03\xfd\x15\x9b\x9e\x5c\
\xffD\x12\x14-`<\x02\x04\x08\x10 @\x80\x00\x01\
\x02\x04\x08\x10 @ \x7f\x01\x09\x09\x10\x04\xc3\x18~\
\x00\x00\x10\x00IDAT @\x80\x00\x01\x02\x04\x08\
\x10 @`\xa5\xc0\xaa\x9e\xf9P\x03\xfd\xca\x87\x8fZ\
\xf9\x90\xff\x08\xe4$ \x0b\x01\x02\x04\x08\x10 @\x80\
\x00\x01\x02\x04\x08\x10 \x90\xbf\x80\x84\x04\x08\x10 @\
\x80\x00\x01\x02\x04\x08\x10(F`U\xcf|\xa8\x81^\
\xcc\x90F!@\xa00\x01\x03\x11 @\x80\x00\x01\x02\
\x04\x08\x10 @\x80\x00\x01\x02\xf9\x0bHH\x80\x00\x01\
\x02\x04\x08\x10 @\x80@\xd5\x044\xd0\xab\xb6\x22\xea\
!\x90\x83\x80\x0c\x04\x08\x10 @\x80\x00\x01\x02\x04\x08\
\x10 @\x80@\xfe\x02\x12\x12 @\x80\x00\x01\x02\x04\
\x08\x10\xc8P`M\x03\xfd\xc5\x1bg\x18O$\x02\x04\
\x08\xb4/`\x0f\x02\x04\x08\x10 @\x80\x00\x01\x02\x04\
\x08\x10 @ \x7f\x01\x09\x09\x10 @\x80\x00\x01\x02\
\x04\x08<#\xb0\xd5F\xcf\xdc]\xd3@\x7f\xed\xe6\xcf\
<\xe8\x0e\x01\x02\x04\x08\xd4V@\xe1\x04\x08\x10 @\
\x80\x00\x01\x02\x04\x08\x10 @\x80@\xfe\x02\x12\x12 \
@\x80\x00\x01\x02\x04\x08\x14)\xf0\xc6\xe7=3\xda\x9a\
\x06\xfa\xd5\xb3\x06\x9ey\xd4\x1d\x02\x04\x08\x10 P\x8a\
\x80I\x09\x10 @\x80\x00\x01\x02\x04\x08\x10 @\x80\
\x00\x81\xfc\x05$$@\x80\x00\x01\x02\x04\x08TL`\
\xad^\xf9\x9a\x06z\xc5jT\x0e\x01\x02\x04\x08\x10\xa8\
\x9d\x80\x82\x09\x10 @\x80\x00\x01\x02\x04\x08\x10 @\
\x80\x00\x81\xfc\x05$$@\x80\x00\x01\x02\x04\xb2\x16X\
\xb7\x81\xbe\xf9\x86Y\x87\x15\x8e\x00\x01\x02\x04\x08\x10\x18\
Y\xc03\x04\x08\x10 @\x80\x00\x01\x02\x04\x08\x10 \
@\x80@\xfe\x02\x12\x12 @\x80\x00\x01\x02\xeb\x09l\
\xb6n\x8f|\xdd\x06\xfa;^\xb0\xde\xd6\xbe%@\x80\
\x00\x01\x02\x04\x08\xd4B@\x91\x04\x08\x10 @\x80\x00\
\x01\x02\x04\x08\x10 @\x80@\xfe\x02\x12\x12 @\x80\
\x00\x81\xe2\x05\xb6\xdfb\x9d1\xd7m\xa0\xafum\xf7\
u\xb6\xf2\x0d\x01\x02\x04\x08\x10 @\x80@\x0f\x05\x0c\
M\x80\x00\x01\x02\x04\x08\x10 @\x80\x00\x01\x02\x04\x08\
\xe4/ !\x01\x02\x04\x08TR\xe0\xc6\xc7\x07\xd6\xae\
k\xdd\x06zzf\x9d\xa7\xd3\x03n\x04\x08\x10 @\
\x80\x00\x01\x02\x04F\x11\xf0\x14\x01\x02\x04\x08\x10 @\
\x80\x00\x01\x02\x04\x08\x10 \x90\xbf\x80\x84\x04\x08\x10h\
\x88\xc0\xb3\x1b\xe8\xdbm\xda\x90\xe8b\x12 @\x80\x00\
\x01\x02\x04\x08\x10\x88`@\x80\x00\x01\x02\x04\x08\x10 \
@\x80\x00\x01\x02\x04\x08\xe4/ !\x01\x02\x04\x86\x15\
x\xf1\xc6\xcfz\xf8\xd9\x0d\xf4?\xcew\x0e\xfa\xb3\x98\
<@\x80\x00\x01\x02\x04\x08\x10 @\xa0\x92\x02\x8a\x22\
@\x80\x00\x01\x02\x04\x08\x10 @\x80\x00\x01\x02\x04\xf2\
\x17\x90\x90\x00\x81^\x09<\xb4\xf0Y\xbd\xf1g7\xd0\
{5\xb9q\x09\x10 @\x80\x00\x01\x02\x04\x08\x10 \
\xb0\x8e\x80o\x08\x10 @\x80\x00\x01\x02\x04\x08\x10 \
@\x80\x00\x81\xfc\x05$$P/\x81\xe1\x1b\xe8\xc3\x9c\
\xaa^\xafX\xaa%@\x80\x00\x01\x02\x04\x08\x10 @\
\x80@\x8f\x05\x0cO\x80\x00\x01\x02\x04\x08\x10 @\x80\
\x00\x01\x02\x04\x08\xe4/ a\xbe\x02[\x8e\x1f6\xdb\
\xf0\x0d\xf4aNU\x1fvo\x0f\x12 @\x80\x00\x01\
\x02\x04\x08\x10 @\x80@-\x05\x14M\x80\x00\x01\x02\
\x04\x08\x10 @\x80\x00\x01\x02\x04\x08\xe4/ \xe1(\
\x02;\xbe\xf0\xe4\xe1\x9e\x1d\xbe\x81>\xdc\x96\x1e#@\
\x80\x00\x01\x02\x04\x08\x10 @\x80\x00\x01\x02\xd5\x10P\
\x05\x01\x02\x04\x08\x10 @\x80\x00\x01\x02\x04\x08\x10 \
\x90\xbf@o\x13^\xf9\xf0Q\xc3M0r\x03}\xeb\
\x8d\x86\xdb\xdec\x04\x08\x10 @\x80\x00\x01\x02\x04\x08\
\x10 @\x80@W\x02v&@\x80\x00\x01\x02\x04\x08\
\x10 @\x80\x00\x01\x02\x04J\x15\xd8l\xc3\x11\xa7\x1f\
\xb9\x81\xfe\xc8\xa2\x81\x11\xf7\x1a\xee\x09\x8f\x11 @\x80\
\x00\x01\x02\x04\x08\x10 @\x80\x00\x01\x02\xf9\x0bHH\
\x80\x00\x01\x02\x04\x08\x10 @\x80\x00\x01\x02\x04\xea.\
0o\xe9\x88\xbd\xf0\x91\x1b\xe8)\xf4sF\xdc/=\
\x9b\xd5M\x18\x02\x04\x08\x10 @\x80\x00\x01\x02\x04\x08\
\x10 @ \x7f\x01\x09\x09\x10 @\x80\x00\x01\x02\x04\
\x08\x10 @\xa0\xe1\x02c\xb4\xc0Go\xa0\xbf\xe3\x05\
\x0d\xd7\xabM|\x85\x12 @\x80\x00\x01\x02\x04\x08\x10\
 @\x80\x00\x01\x02\xf9\x0bHH\x80\x00\x01\x02\x04\x08\
\x10 @\x80\x00\x01\x02\xdd\x0a\xbc\xe1y\xa3\x8e0z\
\x03\xfd\xc6\xc7\xc7\xe8\xbf\x8f:\xb6'\x09\xb4(`3\
\x02\x04\x08\x10 @\x80\x00\x01\x02\x04\x08\x10 @ \
\x7f\x01\x09\x09\x10 @\x80\x00\x01\x02\x04\x08\x10 P\
\x01\x81\xbb\xfe4j\x0f|\xf4\x06z\xaa\xff%\x1b\xa7\
\xcfn\x04\x08\x8c$\xe0q\x02\x04\x08\x10 @\x80\x00\
\x01\x02\x04\x08\x10 @ \x7f\x01\x09\x09\x10 @\x80\
\x00\x01\x02\x04\x08\x10\xa8\xbf\xc0\x0b\x9e;f\x86\xb1\x1b\
\xe8\x0f.\x1c\xb5\x03?\xe6\x0c6 @\xa0\xd2\x02\x8a\
#@\x80\x00\x01\x02\x04\x08\x10 @\x80\x00\x01\x02\x04\
\xf2\x17\x90\x90\x00\x01\x02\x04\x08\x10 @\x80\x00\x81\x95\
\x02\xb3\x17\x8f\xd9\xfb\x1e\xbb\x81\xber\x9c\xd8t\xc3\xf4\
\xd9\x8d\x00\x01\x02U\x13P\x0f\x01\x02\x04\x08\x10 @\
\x80\x00\x01\x02\x04\x08\x10 \x90\xbf\x80\x84\x04\x08\x10 \
@\x80\x00\x01\x02\x04\xba\x17\x18\xdfZk\xbc\xb5\xad\xe6\
/\x1d\xb3\x13\xdf}\xc5F @\x80@\xd3\x04\xe4%\
@\x80\x00\x01\x02\x04\x08\x10 @\x80\x00\x01\x02\x04\xf2\
\x17\x90\x90\x00\x01\x02\x04\x08\x10 @\xa0\x12\x02\xbbn\
sr+u\xb4\xd6@O#m\xb2A\xfa\xecF\x80\
\x00\x01\x02\x04\x86\x04|&@\x80\x00\x01\x02\x04\x08\x10\
 @\x80\x00\x01\x02\x04\xf2\x17\x90\x90\x00\x01\x02\x04\x08\
\x10 \x90\x83\xc0\xb8\x81\x88+\x1f>\xaa\x95(\xad7\
\xd0\x17,[9j+C\xda\x86\x00\x01\x02\x04\x08T\
_@\x85\x04\x08\x10 @\x80\x00\x01\x02\x04\x08\x10 \
@\x80@\xfe\x02\x12\x12 @\x80\x00\x01\x02\x04\x06\x05\
\xde\xbb\xf5\xe0\x97V>\xb5\xde@O\xa39\x0b=)\
\xb8\x11 @\x80\x00\x81\xb2\x05\xccO\x80\x00\x01\x02\x04\
\x08\x10 @\x80\x00\x01\x02\x04\x08\xe4/ !\x01\x02\
\x04\x08\x10 P\x84\xc0\xf8\x95-\xf1\xabg\xb5|\xb2\
\xf8\xca\xad\xdb\x98\xd5Y\xe8m`\xd9\x94\x00\x01\x02\x04\
\x08\x10\x18^\xc0\xa3\x04\x08\x10 @\x80\x00\x01\x02\x04\
\x08\x10 @\x80@\xfe\x02\x12\x12 @\x80\x00\x81\x8a\
\x08,Y\xd1r\xf3<U\xdc^\x03=\xed\xb1\xc5\x86\
\xe9\xb3\x1b\x01\x02\x04\x08\x10 @\xa0\x99\x02R\x13 \
@\x80\x00\x01\x02\x04\x08\x10 @\x80\x00\x01\x02\xf9\x0b\
HH\x80\x00\x01\x02y\x08\xa4\xb3\xcf\xdbL\xd2~\x03\
}\xce\xd2\xb6:\xf4m\xd6cs\x02\x04\x08\x10 @\
\x80\x00\x81\x1e\x0a\x18\x9a\x00\x01\x02\x04\x08\x10 @\x80\
\x00\x01\x02\x04\x08\x10\xc8_@B\x02\x04\x08\x10X%\
\xd0\xe6\xd9\xe7i\xaf\xf6\x1b\xe8i\xaf\x97n\x92>\xbb\
\x11 @\x80\x00\x01\x02\x04\x08\x10\xe8\xa7\x80\xb9\x08\x10\
 @\x80\x00\x01\x02\x04\x08\x10 @\x80\x00\x81\xfc\x05\
$$@\x80@1\x02\x7f\xbeQG\xe3t\xd6@\x9f\
\xb1\xc0Y\xe8\x1dq\xdb\x89\x00\x01\x02\x04\x08\x10 @\
\xa0\xb9\x02\x92\x13 @\x80\x00\x01\x02\x04\x08\x10 @\
\x80\x00\x01\x02\xf9\x0bHH\x80@e\x04\x1e[\xd4Q\
O\xbb\xb3\x06zJ\xfd\xb6\xe7\xa7\xcfn\x04\x08\x10 \
@\x80\x00\x01\x02\x04\x084A@F\x02\x04\x08\x10 \
@\x80\x00\x01\x02\x04\x08\x10 @ \x7f\x01\x09\x09\xe4\
\x22\xf0\x9a\xcd;N\xd2y\x03\xfd\xb6'\x06\xe2\xcf\x9e\
\xd3\xf1\xc4v$@\x80\x00\x01\x02\x04\x08\x10 @\x80\
@\xbf\x04\xccC\x80\x00\x01\x02\x04\x08\x10 @\x80\x00\
\x01\x02\x04\x08\xe4/ !\x81A\x81\x0dV\xb6\xc0\xef\
\x99\xdb\xd1\xd9\xe7i\xff\x95{\xa7/\x1d\xde\x9eZ\xde\
\xf1\xc4\x1d\xceh7\x02\x04\x08\x10 @\x80\x00\x01\x02\
\x04\x084M@^\x02\x04\x08\x10 @\x80\x00\x01\x02\
\x04\x08\x10 @ \x7f\x01\x09\x8b\x12X\xb6\xa2\xab\x1e\
vw\x0d\xf4\x14\xe2U\x9b\xa5\xcfn\x04\x08\x10 @\
\x80\x00\x01\x02\x04\x08\x10 @`\x18\x01\x0f\x11 @\
\x80\x00\x01\x02\x04\x08\x10 @\x80\x00\x01\x02\xf9\x0bT\
$\xe1+6\xed\xba\x90\xee\x1b\xe8\xf7\xce\x1b\x88q]\
5\xf1\xc3\x07\x01\x02\x04\x08\x10 @\x80\x00\x01\x02\x04\
\x08\x10\xa8\xa4\x80\xa2\x08\x10 @\x80\x00\x01\x02\x04\x08\
\x10 @\x80\x00\x81z\x08\xa4K\xb7\xffq~g\x8d\
\xeb\xb5\x12v\xdf@O\x83\xadx\xba\xebB\xd20n\
\x04\x08\x10 @\x80\x00\x01\x02\x04\x08\x10 @\x80@\
q\x02F\x22@\x80\x00\x01\x02\x04\x08\x10 @\x80\x00\
\x01\x02\x8d\x11\xe8\xf2\xd2\xed\xab\x9d\x8ai\xa0\xa7\xd1^\
\xbby\xfa\xdc\x8f\x9b9\x08\x10 @\x80\x00\x01\x02\x04\
\x08\x10 @\x80\x00\x81\xfc\x05$$@\x80\x00\x01\x02\
\x04\x08\x10 @\x80\x00\x01\x02\xad\x09\xbc\xa6\xb8^u\
q\x0d\xf4\xa9s\x07b\xa3\xe7\xb4\x16\xa0\xd1[\x09O\
\x80\x00\x01\x02\x04\x08\x10 @\x80\x00\x01\x02\x04\x08\xe4\
/ !\x01\x02\x04\x08\x10 @\x80\x00\x01\x02\x04\x08\
\xf4E`\xd3\x0d\x22\xeeY\xd9\xab.h\xb2\xe2\x1a\xe8\
\xa9\xa0E\xcb]\xca=9\xe4|\x93\x8d\x00\x01\x02\x04\
\x08\x10 @\x80\x00\x01\x02\x04\x08\x10\xc8_@B\x02\
\x04\x08\x10 @\x80\x00\x01\x02\x04\x08\xd4E`\xfe\xb2\
B{\xd4\xc56\xd0\x13\xe2n\xdb\xa4\xcfn\x04*)\
\xa0(\x02\x04\x08\x10 @\x80\x00\x01\x02\x04\x08\x10 \
@ \x7f\x01\x09\x09\x10 @\x80\x00\x01\x02\x04\x08\x10\
h\x88@\x0fz\xd3\xc57\xd0\xaf\x9e5\x10/\xdd\xa4\
!+\x22&\x81\xbe\x0a\x98\x8c\x00\x01\x02\x04\x08\x10 \
@\x80\x00\x01\x02\x04\x08\x10\xc8_@B\x02\x04\x08\x10\
 @\x80\x00\x01\x02\x04Z\x11x\xe5f\x11\xa97\xdd\
\xca\xb6mlS|\x03=M>c\xc1@<\xf79\
\xe9\x9e\x1b\x01\x02\x04V\x09\xf8B\x80\x00\x01\x02\x04\x08\
\x10 @\x80\x00\x01\x02\x04\x08\xe4/ !\x01\x02\x04\
\x08\x10 @\x80\x00\x81>\x08l\xb2A\xc4}\xf3\x0a\
\xbdt\xfb\xea\xaa\xc7\xad\xbeS\xf8\xd7\xc5\xcb{Rp\
\xe1u\x1a\x90\x00\x01\x02\xad\x08\xd8\x86\x00\x01\x02\x04\x08\
\x10 @\x80\x00\x01\x02\x04\x08\x10\xc8_@B\x02\x04\
\x08\x10 @\x80\x00\x81z\x08,X\xd6\xb3^t\xef\
\x1a\xe8C\xb4=+|hx\x9f\x09\x10 @\xa0\x15\
\x01\xdb\x10 @\x80\x00\x01\x02\x04\x08\x10 @\x80\x00\
\x01\x02\xf9\x0bHH\x80\x00\x01\x02\x04\x08\x10h\x88@\
O{\xd0\xbdn\xa0\xa75\xeai\x804\x81\x1b\x01\x02\
\x04\x08d- \x1c\x01\x02\x04\x08\x10 @\x80\x00\x01\
\x02\x04\x08\x10 \x90\xbf\x80\x84\x04\x08\x10 @\x80\x00\
\x81\xb1\x05v\xdf\xe6\xe9\xb17\xean\x8b~4\xd0#\
\xde\xf7\x92\xb7tW\xa6\xbd\x09\x10 @\x80@]\x05\
\xd4M\x80\x00\x01\x02\x04\x08\x10 @\x80\x00\x01\x02\x04\
\x08\xe4/ !\x01\x02\x04\x08\x10 \xd0s\x81\xb7n\
\x19\xf1\xabY=\xefo\xf7|\x82A\xa8\x09\x0f\xde\x11\
;\xbep\xf0\xaeO\x04\x08\x10 @\x80@\x8d\x04\x94\
J\x80\x00\x01\x02\x04\x08\x10 @\x80\x00\x01\x02\x04\x08\
\xe4/ !\x01\x02\x04\x08\x10\xa8\xba\xc0\xb6\x7f\x16q\
\xfb\x93}\xb9\xf2y\x7f\x1a\xe8\x09\xfc\xa6\xc7\x07\xe2\xcd\
[\xa6{n\x04\x08\x10 @\x80\x00\x81\xbe\x08\x98\x84\
\x00\x01\x02\x04\x08\x10 @\x80\x00\x01\x02\x04\x08\x10\xc8\
_@B\x02\x04\x08\x10\xc8\x5c\xe0%\x1bG<\xfcT\
_\x9a\xe7I\xb2\x7f\x0d\xf44\xdb\x1dO\x0e\xc4\xcb7\
I\xf7\xdc\x08\x10 @\x80\x00\x01\x02\x04F\x17\xf0,\
\x01\x02\x04\x08\x10 @\x80\x00\x01\x02\x04\x08\x10 \x90\
\xbf\x80\x84\x04\x08\x10 0\x9a@j\x9e?\xb8\xb0o\
\xcd\xf3TJ\x7f\x1b\xe8i\xc6\xe9\x0b\x06b\x9b?K\
\xf7\xdc\x08\x10 @\x80\x00\x01\x02\x04\xb2\x15\x10\x8c\x00\
\x01\x02\x04\x08\x10 @\x80\x00\x01\x02\x04\x08\x10\xc8_\
@B\x02\x04\x08\xf4P\xa0\x84\xe6yJ\xd3\xff\x06z\
\x9au\xd6S\x03\x91\x02\xa7\xfbn\x04\x08\x10 @\x80\
\x00\x01\x02\x04\xaa&\xa0\x1e\x02\x04\x08\x10 @\x80\x00\
\x01\x02\x04\x08\x10 @ \x7f\x01\x09\x09\x10\xa8\xae\xc0\
\x8b7\x8e\xe8\xf3\x99\xe7\xab1\xcai\xa0\xa7\xd9S`\
M\xf4$\xe1F\x80\x00\x01\x02\x04\x08\x10 @\xa0P\
\x01\x83\x11 @\x80\x00\x01\x02\x04\x08\x10 @\x80\x00\
\x01\x02\xf9\x0bHH [\x81\xd4<\x7f\xa8\xbf\x97m\
_\xdb\xb2\xbc\x06z\xaaB\x13=)\xb8\x11 @\x80\
\x00\x01\x02\x04\x08\x10 \xb0F\xc0=\x02\x04\x08\x10 \
@\x80\x00\x01\x02\x04\x08\x10 @ \x7f\x01\x09\x09\x0c\
/Pr\xf3<\x15Un\x03=U\x90\x9a\xe8\xaf\xdb\
\x22\xdds#@\x80\x00\x01\x02\x04\x08\x10 @\x80@\
\xcd\x05\x94O\x80\x00\x01\x02\x04\x08\x10 @\x80\x00\x01\
\x02\x04\x08\xe4/ aO\x04^\xbbyD\x89g\x9e\
\xaf\xceT~\x03=U2e\xce@\xec\xf5\xe2\xcf\xa5\
\xbbn\x04\x08\x10 @\x80\x00\x01\x02\x04\x08\x10 P\
\x92\x80i\x09\x10 @\x80\x00\x01\x02\x04\x08\x10 @\
\x80\x00\x81\xfc\x05\xaa\x98\xf0\xff\xbd\xe8\xba\x98:w\xa0\
\x0a\xa5U\xa3\x81\x9e$\xaex\xe8[+\xbf\x0c\xc4\xb8\
J\xb8\x84\x0f\x02\x04\x08\x10 @\x80\x00\x01\x02\x04\x08\
\x10\xa8\x97\x80j\x09\x10 @\x80\x00\x01\x02\x04\x08\x10\
 @\x80\x00\x81\x9a\x09l0\xd8\xae\x1e\x88\xabf\xbe\
\xa7\xd5\xca{\xbd\xdd`E\xbd\x9e\xa4\xad\xf1W<=\
\x10[\x8eok\x17\x1b\x13 @\x80\x00\x01\x02\x04\x08\
\x10 @\x80\x00\x81\x9a\x0b(\x9f\x00\x01\x02\x04\x08\x10\
 @\x80\x00\x01\x02\x04\x084K \xf5\x84\x97\xad\xa8\
\xdc\xd9\xd5=n\xa0w\xb8\xc6O.\x19\x88t\x8d\xfb\
\x0ew\xb7\x1b\x01\x02\x04\x08\x10 @\x80\x00\x01\x02\x04\
\x08\x10 \xd0O\x01s\x11 @\x80\x00\x01\x02\x04\x08\
\x10 @\x80\x00\x816\x04^\xbdyD\xea\x09\xb7\xb1\
K\xbf6\xadf\x03=\xa5O\xd7\xb8O\xd7\xbaO\xf7\
\xcb\xba\x99\x97\x00\x01\x02\x04\x08\x10 @\x80\x00\x01\x02\
\x04\x08\x10\xc8_@B\x02\x04\x08\x10 @\x80\x00\x01\
\x02\x04\x08\x10\xe8\xa7\xc0@L\xab\xc6\xfb\x9d\x0f\x17\xba\
\xba\x0d\xf4T\xed\xd0\xb5\xee\x07b\x93\x0d\xd2wnm\
\x0a\xd8\x9c\x00\x01\x02\x04\x08\x10 @\x80\x00\x01\x02\x04\
\x08\x10\xc8_@B\x02\x04\x08\x10 @\x80\x00\x01\x02\
\x04\x08\xd4B`\xa8\xe7[\xb9K\xb6\xafoW\xed\x06\
\xfa\xeaj\x17,\x1b\x88\xb7l\xb9\xfa;_\x9b! \
%\x01\x02\x04\x08\x10 @\x80\x00\x01\x02\x04\x08\x10 \
\x90\xbf\x80\x84\x04\x08\x10 @\x80\x00\x01\x02\x04\x084\
A \xf5zS\xcf\xb7\x06Y\xeb\xd1@O\x90\x93\x9f\
LG#\x0c\xc4\xf8q\xe9;7\x02\x15\x17P\x1e\x01\
\x02\x04\x08\x10 @\x80\x00\x01\x02\x04\x08\x10 \x90\xbf\
\x80\x84\x04\x08\x10 @\x80\x00\x01\x02\x04\x08\x8c*0\
\xd4\xdb\x1d\x88\xa1^\xef\xa8\x9bV\xe5\xc9\xfau\xa3\x97\
\xac\x18\x88\xd7l^\x15?u\x10\xc8S@*\x02\x04\
\x08\x10 @\x80\x00\x01\x02\x04\x08\x10 @ \x7f\x01\
\x09\x09\x10 @\x80\x00\x01\x02\x04\x08\xf4R \xf5t\
So\xb7\x97s\xf4`\xec\xfa5\xd0\x13\xc2=s\x87\
\xceF\x7fN\xfa\x92\x1ep#@\x80\xc0\x1a\x01\xf7\x08\
\x10 @\x80\x00\x01\x02\x04\x08\x10 @\x80\x00\x81\xfc\
\x05$$@\x80\x00\x01\x02\x04\x08\x10\xa8\xa8\xc0P\x0f\
w \x86z\xba\x15-r\xe4\xb2\xea\xd9@_\x9dg\
\xf9\xd3\x03\xf1\xca\xcdV\x7f\xe7+\x01\x02\x04r\x10\x90\
\x81\x00\x01\x02\x04\x08\x10 @\x80\x00\x01\x02\x04\x08\x10\
\xc8_@B\x02\x04\x08\x10 @\x80@\x9e\x02\xa9w\
\x9bz\xb85NW\xef\x06z\x82\xbfo^:\x0d}\
 \xb6\xda(}\xe7F\x80\x00\x01\x02\xa5\x0a\x98\x9c\x00\
\x01\x02\x04\x08\x10 @\x80\x00\x01\x02\x04\x08\x10\xc8_\
@B\x02\x04\x08\x10 @\x80\xc0z\x02\xdbn\x9c\x1e\
\x18\x88\xa1\xdem\xba_\xdb[\xfd\x1b\xe8\xab\xe9\x1f]\
4\xd4H\xdfb\xc3\xd5\x8f\xf8J\x80\x00\x01\x02\x04\xda\
\x13\xb05\x01\x02\x04\x08\x10 @\x80\x00\x01\x02\x04\x08\
\x10 \x90\xbf\x80\x84\x04\x08\x10 @\x80@q\x02\xcf\
\x7fn\x1ak \x1e^\x98z\xb5\xe9~\xedo\xf94\
\xd0W/\xc5\x9c\xa5iq\x06b\x93\x0dV?\xe2+\
\x01\x02\x04\x08\x10h\x84\x80\x90\x04\x08\x10 @\x80\x00\
\x01\x02\x04\x08\x10 @\x80@\xfe\x02\x12\x12 @\x80\
\x00\x81J\x08\x0c\xf5b\x07\xb9d\x12\xfd\x00\x00\x03N\
IDAT\xe2\x89\xc5\xa97[\x89\x92\x8a*\x22\xbf\
\x06\xfaj\x99\x05\xcb\xd2b\x0d\xc4\xf8q\xab\x1f\xf1\x95\
\x00\x01\x02\x04\x08\x10\xa8\xae\x80\xca\x08\x10 @\x80\x00\
\x01\x02\x04\x08\x10 @\x80\x00\x81\xfc\x05$$@\x80\
\x00\x81\xba\x0b\x0c\xf5^\x07b\xa8\x17[\xf74\xc3\xd6\
\x9f\x7fwy\xc9\x8a\xa1F\xfa\xc6\xceH\x1f\xf6'\xc0\
\x83\x04\x08\x10 @\x80@\x01\x02\x86 @\x80\x00\x01\
\x02\x04\x08\x10 @\x80\x00\x01\x02\x04\xf2\x17\x90\x90\x00\
\x01\x02\x0d\x16\xd8t\xc3\x14~ \x86z\xaf\xe9~\xb6\
\xb7\xfc\x1b\xe8\xab\x97n\xe1\xaa3\xd2_0x\x1d\xfe\
\xd5\x8f\xfaJ\x80\x00\x01\x02\x04\x08\x10 @\x80\x00\x01\
\x02\x04\x08\x10 @\x80\x00\x01\x02\x04\x08\x10\xc8_@\
B\x02\x04\x08t\x22\xb0\xd5Fi\xaf\x81\x98\xbf4\x9d\
\xb4\x9c\xeeg\x7fkN\x03}\xf5R\xce\x1e\xbc\x0e\xff\
@\xbcu\xcb\xd5\x8f\xf8J\x80\x00\x01\x02\x04\x08\x10 \
Pc\x01\xa5\x13 @\x80\x00\x01\x02\x04\x08\x10 @\
\x80\x00\x01\x02\xf9\x0bHH\x80@\x9f\x05\xde2\xd8K\
\x1d\x88G\x175\xa6q\xbeZ\xb8y\x0d\xf4\xd5\xc9o\
\x7f2-\xf6\xd0\xcdY\xe9\xabU|%@\x80\x00\x01\
\x02\x04\x08\x10\xe8\xaf\x80\xd9\x08\x10 @\x80\x00\x01\x02\
\x04\x08\x10 @\x80\x00\x81\xfc\x05$$P\x0f\x81\xa1\
\x9e\xe9P\xfft\xf2`/\xb5\x1eu\x17\x5ces\x1b\
\xe8kC\xae>+=b \x86~0\xc2\x07\x01\x02\
\x04\x08\x10 @\x80\x00\x01\x02c\x09x\x9e\x00\x01\x02\
\x04\x08\x10 @\x80\x00\x01\x02\x04\x08\x10\xc8_@\xc2\
\xac\x05\x86z\xa3CM\xf3\xa1\x9ei\xd6q[\x09\xa7\
\x81\xbe\xbe\xd2\xd0\x0f\xc6\xd0\x0f\xc9v\x9b\xae\xff\xac\xef\
\x09\x10 @\x80\x00\x01\x02\x04\x08\x10\xc8E@\x0e\x02\
\x04\x08\x10 @\x80\x00\x01\x02\x04\x08\x10 @ \x7f\
\x01\x09\x9f-0\xd4\x03\x1d\xea\x87\x0e\xf5F\x9f\xbdM\
\x83\x1f\xd1@\x1fm\xf1\xef\x9f?\xf4\x83\x131\x10\xbb\
n\x13\xb1\xe5\xf8\xf0A\x80\x00\x01\x02\x04\x08\x10 @\
\x80\x00\x81*\x08\xa8\x81\x00\x01\x02\x04\x08\x10 @\x80\
\x00\x01\x02\x04\x08\x10\xc8_\xa0\x90\x84\xa9\xc7\x99z\x9d\
\xb1\xb2\xe7\x99nC=\xd0\xf01\xbc\x80\x06\xfa\xf0.\
\xcf~\xf4\x9aY\x03\xf1\xe4\x925\x0d\xf5w\xbf0b\
\x93\x0d\x9e\xbd\x9dG\x08\x10 @\x80\x00\x01\x02\x04\x08\
\x10 @`,\x01\xcf\x13 @\x80\x00\x01\x02\x04\x08\
\x10 @\x80\x00\x01\x02\xbd\x12\xd8xe\x0f3\xf52\
cU\xc3<\xf58S\xaf3\xfa\xfeQ\xcb\x095\xd0\
;]\xb6\x1b\x1e\x1f\x88\x05\xcb\xd64\xd4c\xe5\x0f\xe0\
\x1e/\xfaa\xbc\xe1y\x1a\xeb\xe1\x83\x00\x01\x02\x04\x08\
\x10 @\x80\x00\x01\x029\x0b\xc8F\x80\x00\x01\x02\x04\
\x08\x10 @\x80\x00\x01\x02\x04* \xb0\xc5\xf8\x18\xec\
M\xa6\x1ee\xac\xecU\xae\xbe-\x5c\xd9\xc3L\xbd\xcc\
\xf0\xd1\x89\xc0\x9a\x06z'{\xdbg]\x81\x893\x0f\
\x88\xdf\xfd\xe9\xd9\x8d\xf5X\xf5\x03\xbb\xfb6O\xc7\xce\
\x7f\x1e\xf1\xb6\xe7Gl\xbfE\xc4\xcb7\x89\xd8j\xa3\
\x88M7\x0c\x1f\x04\x08\x10 @\x80\x00\x01\x02\x04\x08\
\x10 @\xa0/\x02&!@\x80\x00\x01\x02\x04\x08\x10\
 @\x80\x00\x81j\x0a\xa4\x9ea\xea\x1d\xa6\x1eb\xea\
%\xa6\x9eb\xea-\xa6\x1ec\xac\xea7\xae\xfdu\xce\
\x92\x81\xc1\xded\xeaQ\x86\x8f\xa2\x04\xfe?\x00\x00\x00\
\xff\xff\x85\x86\xd5~\x00\x00\x00\x06IDAT\x03\x00\
X\x8d@b\x02\xf3\x8b\x81\x00\x00\x00\x00IEND\
\xaeB`\x82\
\x00\x00\x06\xac\
i\
mport QtQuick\x0d\x0a\x0d\
\x0aQtObject {\x0d\x0a   \
 objectName: \x22th\
emeTokens\x22\x0d\x0a\x0d\x0a  \
  readonly prope\
rty color window\
Clear: \x22transpar\
ent\x22\x0d\x0a    readon\
ly property colo\
r mainGlass: \x22#C\
20B0912\x22\x0d\x0a    re\
adonly property \
color mainGlassS\
trong: \x22#DC0D0B1\
6\x22\x0d\x0a    readonly\
 property color \
secondaryGlass: \
\x22#991B1728\x22\x0d\x0a   \
 readonly proper\
ty color canvasT\
int: \x22#24171327\x22\
\x0d\x0a    readonly p\
roperty color pa\
nelShadow: \x22#380\
00000\x22\x0d\x0a    read\
only property co\
lor primaryContr\
ol: \x22#E8E7EC\x22\x0d\x0a \
   readonly prop\
erty color eleva\
tedOverlay: \x22#1A\
FFFFFF\x22\x0d\x0a    rea\
donly property c\
olor hoverOverla\
y: \x22#26FFFFFF\x22\x0d\x0a\
    readonly pro\
perty color pres\
sedOverlay: \x22#38\
FFFFFF\x22\x0d\x0a\x0d\x0a    r\
eadonly property\
 color strongBor\
der: \x22#52FFFFFF\x22\
\x0d\x0a    readonly p\
roperty color st\
andardBorder: \x22#\
32FFFFFF\x22\x0d\x0a    r\
eadonly property\
 color subtleBor\
der: \x22#1CFFFFFF\x22\
\x0d\x0a    readonly p\
roperty color se\
parator: \x22#24FFF\
FFF\x22\x0d\x0a\x0d\x0a    read\
only property co\
lor primaryText:\
 \x22#F7F7FA\x22\x0d\x0a    \
readonly propert\
y color secondar\
yText: \x22#BBB8C5\x22\
\x0d\x0a    readonly p\
roperty color mu\
tedText: \x22#85818\
E\x22\x0d\x0a    readonly\
 property color \
disabledText: \x22#\
5F5B68\x22\x0d\x0a    rea\
donly property c\
olor inverseText\
: \x22#111016\x22\x0d\x0a\x0d\x0a \
   readonly prop\
erty color accen\
t: \x22#A491FF\x22\x0d\x0a  \
  readonly prope\
rty color softAc\
cent: \x22#709E8CFF\
\x22\x0d\x0a\x0d\x0a    // Thes\
e existing value\
s feed protected\
 visualizer dele\
gates and must n\
ot change.\x0d\x0a    \
readonly propert\
y color catFill:\
 \x22#F7F7F5\x22\x0d\x0a    \
readonly propert\
y color catDetai\
l: \x22#0a0a0a\x22\x0d\x0a\x0d\x0a\
    readonly pro\
perty int panelR\
adius: 20\x0d\x0a    r\
eadonly property\
 int controlRadi\
us: 8\x0d\x0a    reado\
nly property int\
 smallRadius: 5\x0d\
\x0a    readonly pr\
operty int outer\
Inset: 12\x0d\x0a    r\
eadonly property\
 int panelPaddin\
g: 16\x0d\x0a    reado\
nly property int\
 controlSpacing:\
 10\x0d\x0a    readonl\
y property int t\
ransitionDuratio\
n: 140\x0d\x0a}\x0d\x0a\
\x00\x00\x05\x89\
\x00\
\x00\x16[x\xda\xe5XQo\xdb6\x10~\x0f\x90\xff\
\xc0x@\x91u\x85j'\xdd\x10\x18\xd8\x8a\xd8i\xd1\
\x02m\xd3\xa6F\xf6\xb2\x17J\xa2m\xae\x14\xa9P\x94\
\x13\xb7\xcd\x7f\xdf\x91\x12%\x8a\x94\x12\xbb\xc0\x1e\x86\xe9\
\xc5\xa6\xf8\xdd\xf1x\xf7\xdd\xf1\xa8\x5c\xe2U\x86\xd1\x5c\
d\xb9\xe0\x84\xab\x19Y\xe3\x0d\x15r\x8af\xa2\xe4\xe9\
\xe1\xc1\xe1\x01\x85)\xa9\xd0'\xf5\xa9\xa4\xc9\x17\x7f\x1c\
\xcd\x05WR\xb0\x22\x9a\xe1\x82&\xc1\xf4;\xbc\x15\xa5\
*\xb4\xa2\xb7\x8ad\xe8\xdb\xe1\x01\x82\x87\xa6S$\x85\
P\xfa\xbd\x1eKrSRIR\x94K\x91\x13\xa9\xb6\
h\x83%Rk\x92\x11\x0bI\xc9\x12\x97L\xb5\x08\xcc\
(.P\x02\xeb\x83\xe1\x17X\xe1\xa9\x1d\xbc\x11\x85\x8a\
Rxce\x1b\x99X\x08\x86\xc8]\x8eyJ\xc0\x04\
%K\xe2!\x0a%)_!@\x10\xb6\xa0\x8a\x91)\
\xba)\x16\xf2x4\xbf\xfc\xb0\xb8\xba|\xf7y\xf4s\
\xbfD\x86\xe5MI\xc8\x82\xdc)+rMc3#\
R\x12HQ\xae\xd0\x9a\xe0\x94\xc87\x84\xae\xd6 s\
r\xd6\x03\xa9w\xf4\x11\xa7)\xa8\x9a\xa2\xc9\xb8\x17\xc4\
\x18\xce\x0b\x926\xb0_\xed\xce\x9f?\xad~\xd1S\xb4\
X\xd3\x02\x1c\x9da\xca\x0b\xf0\x81\x22\x92c\xc6\xb6H\
l\x88\x944\xc51#\xcfP\x5c*DU\xd1x\x1b\
D\xb8\xb8\x85\xa1\xa4\x1b\x08\xcfR\x8a\xacQ\x08\xe1\xb1\
\xbbF\x12\xc3HG\x0cs\xb4\xa4w\x00\xc5\x0a\x9d\x9e\
\xa1\x1c\xfe\x039\xac\xccs\xcfzI0k\xcd\x9f\x89\
t[{\xa3\x16\x80\xa7^!\x02b1\x9aPU\x01\
\xd0/\xe8\x04L\xf0w\xde\xf2\x09\xa7\x82\xc3\xe6\xba+\
\xd9\xc8\xcf\xd7\xb0\x0f\x12,\xe5\xc6\xa3Y\xc0\xf5\xffN\
\xca\xdfv\x0cu\xd4\xf7\xad\x0e\xcb\xb8\xa4\xedn\xf2\xc1\
\xe5\x9a\xad\x0f\xae\xe7m\xa7\xc7\xcd\xd6]\xdde\xa7\x8d\
\xa5\xe8\xe5\xc0\xae\xd0th\xfdJa\xc2hn\xd3\xab\
zs\x9e$\xa4((\x90,\x82r\x01Y\xe5\xbc\xf8\
\x08\xc9\x16\xa08\xceHkI\xbb\xab\xce\xf3\xb2\xce\xb4\
W\xd6\xe0\x0d-J(\x0c_\x81\x8bI]\x99l\xea\
\x05O\x93\xd9v'C\xd2\x95\xbc\xe0\xaf\x9a\x00b\xbe\
\xd2\xf5\xe3[\xab\x99.\xd1\xf1\x91\xb5\xd6[Q\x89\xd5\
\x8a\x91Y\xa9\x94\xe0\xd1R\xc8\x84\x9c'\x0a\xf2\xe9\xb5\
H\xca\xe2\xf8\x93\x8a.u\xf2\x98\xd1\x15\xc1\x85\xe0\xb5\
\xfc\xbd]\xda\x96e\xb0\xc1\x8b\x95k\xc2\x872\x8b\x89\
<\xe74\xc3\x8a\x02\xf2[\xd7\x8a\xb4\x94\xe6\xfd\x14\xbd\
\x87d\x8d2|w<\xf9m\xfc\xcc\xd4\xe1\xc8\x94\xda\
HI\xcc\x0b\xaaA\x175\xd8\xdb\x09X\x07i\x10\xa9\
m\x0e\xb1yU\x0d.K5/c]\xfb-\xea\xde\
3\xff\x8a$\x0a<\xc6\x88k\x12\xe6\xc9Z\xc8\x22Z\
R\xc6\xa6Po%\xe4@;\x0b\xec\xd2\xa7\x90c\x1b\
ad\x83\x15I/\xa1\x5c1\xbcm\xa1\xb1\x90@\xf3\
(\x94(\xca\x18\xea\xf7\xccL\x07\xf0[\x9a\xaa5\xd4\
\xd3vB\xe2\x94\x96EGCM\x82+3\xe3\xc7\xc4\
\x84\xb3C\x01}\xa28\xa1\xb6HC\x9e\xf8op\xc2\
\x07\xc3\xe9\x91\xe5\xd6\xc2\x01\x8fB\xcf0\xb2T\xd63\
f\x10Bd\x95\xaf5F\xb6\x09\xe8\x82\x94\xc8\x1b\x08\
\xfcw\x0bD%nv\xecV\x0bGGK\xd4K\xbe\
\xc0\xb1{f\xf6&\xac\xd1\xf5H\xd6\xba\x99k\x93o\
\xaf\xccu\xb3\xb7J\xca\xc7\xc4\x05\x9fC\xd6|!\xa9\
g!\xfa\x1d\x1dy&\xbb$4\x95Y7.St\
%n\xabf\xc6\xcf\xab\x22\xc7\x899t\xcf\x5cY\xfd\
\xbc\xc31a>\xbc\x9a\xd0\x8a\x0c\xf5\xff\xacx\xd8\xf5\
jS8L3a\xeck\x1b\x92\x10\x16R?+!\
St+\x12\x82\x97\xb0\xa9\xc8\x1c\xcb\x9f\xc1[mG\
\x11`nkv\xbc\xd6\x83\x0b\x92\xd1\x99`\xe9\x00\x96\
\x11\x05\xfd\xc4g\xeb\x89It\x12\x02!o\x15M0\
;gt\xc53\xf0\xeb\x14i\x0b#3\xbe\x9e\xc3\x0b\
7M;\xb9\xf6\xa8C\x1dG9g\xd7\xe8\xaf\xf2\xe4\
t|:\x02\xaeT\x7f_\x8c\x06\x9d\xd7\xa9\xd1\x15\x99\
\x0c\xeb\x07\x19\xf8\xd2\xf57\x864\xe0j\x10\xdb-K\
\x04x\x95b\xb9\xdd1>/B\x0c\xa45\xfd\x0a\xb8\
\x01g\xbe\xe9s\xe6\x0f\x87\xa07\x1a1N\xbe\xac\xa4\
\xbe#L\xfb\xcb\xfb\x90kSq\xcb\xbb\xbe\xcb%T\
\x90\x9e\xba\xfe\xe0\xe3i]\xeb&\xd6\xc4\xdcQl^\
\xee\xa7vp\xb5\x919\x1a\xab\x22\xea\x91\xa8{\xfe\xec\
\xcd\xa3=\xa9\xb4\xa35\xf5\xf16d\x0d,9\x01=\
^\xea?~\x02v\xf1n[b\xb6\xdf\x97\x9as=\
\xe14%N\x1f\xf2`\xe7\xe1R/db\x87\x90\xee\
\xcd\xd2\x1e\xc4\xb6\x0c\x5cSr\xabo\xa4\xae\xed\xff\xca\
\x01\xdbqu,\xe0'\x0b\x91\xd5\xfbF\x9f\x0f\x83\x08\
\xe9\xa3\xd4\xafd\xdf\xbf#\xa1K+\xb4\xfe\x7f\xa0q\
4\x1e;]\x0b\xe1\xfa\xe2\x96\x0e\x1e\xbc\xb5`X\x1c\
'\xd1X3 r8\x10v\xed~\x94\xad\x19^\x9c\
\x1f\xe9<\x87\xba\xcf\xc9\x9e\xdd\xe7\xee\x1d\xe8C\xa5\x0b\
\x08Yf\xbc\xff,\xd7\xccq\xeec>\xe1w \xce\
\xce\xe4\xd9\xa9CsAp\x11^\xc1\xd5\xbd\x8ed\xdf\
\xc54\xe8H\xc6\xfb\xe5Ls\xa5\xfbO%\x8dk\xd8\
{\xe3\xa3\xc6E\xfe\xc7\x81^C\xf7\x94\x01\xbb\xf7\x94\
\xa8\x0c\xdeQ\xa8)\x01G?P\x03\x8e\xf6-\x02c\
S\x04&\xff\xbf\x22P}\x9a{_\x7f\xbd\xea\xa9\x02\
\xf5g'\xbf\x02t\xeeq\x1bW\xc9\xa8?k\xfb\xaf\
\xb7\xed\xd5*\x08\xf4\x93'a\x1eF5+\xbc\xcf\x0a\
m\xd3\xeb||\x0c1\xf3\xe0z\x90K\x08R_\x03\
\x9a`\x8b\x1e\xfd\xf4\xda<\xde\xb6 <\x94\x0dC\xda\
*s\xff\x0f\xe8wl\xb3\
\x00\x00\x01\xda\
i\
mport QtQuick\x0a\x0aI\
tem {\x0a    id: ro\
ot\x0a\x0a    required\
 property int in\
dex\x0a    required\
 property real b\
andValue\x0a    req\
uired property c\
olor fillColor\x0a \
   required prop\
erty color borde\
rColor\x0a\x0a    obje\
ctName: \x22spectru\
mBar\x22\x0a\x0a    Recta\
ngle {\x0a        a\
nchors.bottom: p\
arent.bottom\x0a   \
     width: pare\
nt.width\x0a       \
 height: Math.ma\
x(3, parent.heig\
ht * root.bandVa\
lue)\x0a        col\
or: root.fillCol\
or\x0a        borde\
r.color: root.bo\
rderColor\x0a      \
  radius: Math.m\
in(width / 2, 6)\
\x0a    }\x0a}\x0a\
\x00\x00\x05@\
\x00\
\x00\x11\xadx\xda\xadW[o\xdb6\x14~\x0f\x90\xff\
@x(`\xe7\xa2\xd8\xcem\x13\xb0\x07\xc7Y\xba\x00\
\xd9\x96\xceA\x8b=\x15\xb4tl\x11\x91H\x85\xa2b\
\xbbE\xfe\xfb\x0e%Q\x22e9M\xbb\x11\x01b\x92\
\x1f\x0f?\x9e\xbbRI\x97\x09%S\x91\xa4\x82\x03W\
W\x10\xd1g&\xa4O\xaeD\xce\xc3\xfd\xbd\xfd=\x86\
[R\x91\x0f\xeaC\xce\x82\xc7\xf6\xdc\x9b\x0a\xae\xa4\x88\
3\xef\x8af,\xa8\xb7{\x9ew\x12\x0b\xbe\xfc<\xa7\
\xf2s@U\x8f\xd0\x8c\xdc\xe1\xc2\x15\x95S\xaa\xb4\xe0\
[\x05\x09\xf9\xba\xbfGp\xb0\xd0'R\x88b]\xcf\
S)R\x90jC\xe6B\xc4\x84\x06\x8a=\x83O\x16\
4\xce\xa0\x05\xc8\x94d|I\x14\xac\x95O\x9e\xb2\x07\
\xd9\xef}ds\xbd\x94\x88\x10z\x83\x16<\x10\xb1\x90\
\x05z\xaa\x7f\xf9\xa4\xf7\xd3M1z\x9d@d\xfeV\
\xdc_\xb9\x8a\x19\x87\x1a>\xba\x1c\x9d\x8fw\xc3g\x11\
\x0d\x1b\xf0tr}z=\xdd\xcd!\x02xl\x88\x0c\
'\xbf\x5c\x9dw\x83\x95\xa4,\xfe\x06e\x094\xd6R\
'\x9c%T1\xc1g)\x00\x1a`\xe4\x0d[H\xc6\
U)\xf1Z\xa0\x1er\x8e*\xbe\xec\x12V`\xee\x80\
/U\xe4\x93\xb3\xb3\x1d\xf7=\xa0\xd6\xdf\xd3t\x87\x8c\
\x94\xad!\xce\xeeA\xce \x10\x5c\xd3\x19_t\xe1\x9e\
\xf1'\x0bh|O\xc3\x10\xcd\x8c\xf7u\xa1\x22!\xd9\
\x17tM\x0b7\xder.\xc3\xfd\x19\xe2{)\x96\x12\
\xb2\xcc'\xc3--4O\xbc\x8fh\x06\x15\xa4\x04\x9d\
\x1c\x94\xff\xc9\x01y\x88\x80$T>\xe5\x00\x84\x0b\xa2\
\xbd\x1f$\xba}\x96'\x90\x11J\x16\xf8\xc0\x10\xcd\x94\
\xa4\xe8\xcf$\x02\xb6\x8c\x94GnUF8U\xb9\xd4\
\xa4\x8b\xb5Z \xcb\x88Xq<3\xdf\x10\x85\xc2Q\
\x85Gd\xc5TD\x04\x8f7\x04\xb8\xc8\x97\x11I\xcb\
\xf7\x91\x85\xb6>\xa2V4~\xd4\xf3\xb9\x98{F\xd4\
I\x15eI\x1a\xb3\x80\xa9\xdf\x8b{|\x03\xc5x\xf4\
\xdc-rH\xc6H\xa0\xa5jW\xc8'\x16jk\xcb\
\x9cs\x90\xc5\xa4:\xb5\xa5z\xa3+\xd4cX0w\
5kI\xf0+\xc28,\x97B\xb9\x16\xd3UuU\
\xe3P8\xa9\xf4~G\xe7\x10{\x0eCsy\x103\
\xf4<%s0+\x93 @\x83\xb3y\x0c\x1e&0\
4\xab\xb50S\x18\x18\x81\x96\xbf\x85\xe54\x812Y\
y\xaa\xd8/\x11\x8b\x9c\x07:\x96\xf0M\x99\xa2\xb2\x09\
\xae\xac?0Y\xaez\x97\xe5n\xe4\xd7\xc6\xdf\xeaW\
\x17^\xd6\xb1\x83\xe7j\xa9^uM\x7f\xd0:\xbc\x13\
\xf1\xb2\xc54S\x22}\x9df#Lc_\xb9\xabc\
\xfb\xbb_Y\x13\x14|R$\xfciD1\x840\x13\
X\xbc\xd8\x82\xf4\xcbr`\xddV:\xd7\x96\xda\x1b\x00\
\xd4u\xc3\x8c\xf6\xdb[\x14\xea\x82\xe8\x09\xae\x7f\xc7\xa0\
\xfe3\x91Z\xb8]\xf8\xea\xe2W\x04\x81A\xe8\xb1\xaa\
\xe2K;\x9a\x15\x22\x0d \xaa\xa2\xb8@8\xa9\x03\xc7\
\xda'\xc7&RJ_u-r@\xfa\xc5\xb2\xc1\x14\
\xff\x07\xf6\xfd\x7fC\x0aTa\x06\xfb\xea\xbeO\x97\xd5\
\xd8\xaf\x856\xb5\xc1>\xac\x07\xc2`\x89\x12|\x14\x15\
(4e\x0cmY\xa5\xbe\x9er&1\xcb9U\x87\
\xf1\x10\xd6m\x89\xaf$\x11\xba\x04\x7f\x1b\xacG\xbfa\
Z\xba\xdca)\x9c\x9ct\xbca@\xde5e\xf0\x0d\
\xd7f\xec\x0b\xdc\xa0\x1b\xe8r\x8b\xe7\xc8\xb1&\xf2\xe6\
\xd3\xba\xb2\xa3\x8f\x81\xfcg\x07w+\xedm\xdc,X\
\xda\x1b\xcd8\xf4\xce/\xba\xf4\xb4\xb6MT\xe5\xd1c\
rV2\xc4s\x1d\x9b\xa3\x8ewo|\xf2\x07U\x11\
fHl\x07\xfb\xdd,uv\xad_\xb2\x13rH\xfa\
\xfdR\xf1\xef\xc8\xe9@_7@\x1a\xa7;\xf1\xc7\x95\
\x83\xa3\x9d\xc6\x9d\xa0\xc1\xf6j\x153\x05\xe3\x84\xae\xfb\
\xa3#\x9b\xfd9\xde\xd7\x18l\xd0q\xde\x84\xd4\xca\x8d\
43\x04Vn\xa6P%\x8d\x14G\xe4\xf6\x89\xa0\xec\
\xc4\x1ae\x17\xadY\x87\x83\xd0\x90\xe5\xba\xf9p\xb7^\
\x9a\xe9\x8bm\xe4\xa6\x91\xf6f\xba\xda\xc1\xa7\xda3\xda\
!\xa6\x93K\xe37mO\xe9\xf0\x12\x17\xe0\xda\xbf_\
&\x22\xe3}\xc6D\x03m\xa3v\x1aDd\xd1v\x15\
\xf2\xcbL\xe9\x22\x16,6\x9dj\x811\xbd\xb6\x8b\x12\
N[m\x80v\xb3\xddJ\xecV_m\xd0M\xaf\xed\
b\x03\xab\xad\xae)\xd4k.\x96\xb6\x9ae\x83w\x9b\
\xe8]\xf6\xd2}I\x97e\xec\xbe\xa5\xc36V\xc0\xaf\
\xbb\xbb C\xa3j\x85\xda\x9c\x03l\xc62\xcf\xf4q\
e\x88:b\xdd-\xf7x\xf9Meu:;=\xdb\
|N\xb5\x0c\x8cM\xa0W\xb4\xf53\x0c\x11L\x90g\
\x1d\xfb\xab*\xe4n\xf4\xe4\x1a\x12v%\xe2\xb0\x03\x87\
\x15\x18\x09\xcet\x04j\xaf\x1az?\xbb \xf3\x90I\
\xcc\x96<\x01\xfd\xa9\xa2u\xe2\x15\xf3\x8f\xed\xe7\xbd\xb4\
J\xf2\x9fy2\x07Y\xdb\xb2]\x9d[\xdd\x90m)\
\xac\xf5KP\xe6\xeb\xd5\xac\x9a<\x8f\x1fan\xe1\xed\
5\x98\x85\x14\x89\xdfj\x8c\x84\xef\x96\x9f\x10\xbf\x0b\xf4\
\x8dVN\xdb\x950\xcf\xc6\xc3\xe1\xd1\xaeM'\x86\xed\
\xba_\x05\xb4)\xff\xe4[\xa3*\x9a\xad\x8f5\xcc\x82\
\xa3\xe1p\xd8)\xc0Z\x8c\x85H1\xc95m\xe3-\
_0\xce\x94\x95\x18\x80fh_OmRt\x98\xdf\
\xca\xc9\x1dF:\x95\xdfm1\xf6\xe3\x06\xabZ\x85\x1f\
6\xd6\xe5\xc5\xf0\xff~5\xfe\xfd\x0b\x18Z\xf3\xb6\
"

qt_resource_name = b"\
\x00\x03\
\x00\x00x<\
\x00q\
\x00m\x00l\
\x00\x08\
\x08\x01^\x5c\
\x00M\
\x00a\x00i\x00n\x00.\x00q\x00m\x00l\
\x00\x0a\
\x07j\x093\
\x00c\
\x00o\x00m\x00p\x00o\x00n\x00e\x00n\x00t\x00s\
\x00\x10\
\x0a\xc2\xbc&\
\x00S\
\x00o\x00r\x00a\x00-\x00R\x00e\x00g\x00u\x00l\x00a\x00r\x00.\x00t\x00t\x00f\
\x00\x0c\
\x06\xec\xc3$\
\x00l\
\x00o\x00n\x00g\x00_\x00b\x00a\x00r\x00_\x00c\x00a\x00t\
\x00\x18\
\x09\x8fJ\x7f\
\x00l\
\x00o\x00n\x00g\x00_\x00b\x00a\x00r\x00_\x00c\x00a\x00t\x00_\x00w\x00i\x00n\x00d\
\x00o\x00w\x00s\x00.\x00i\x00c\x00o\
\x00\x14\
\x08\xf8\xdb<\
\x00S\
\x00i\x00m\x00p\x00l\x00e\x00W\x00a\x00l\x00k\x00i\x00n\x00g\x00C\x00a\x00t\x00.\
\x00q\x00m\x00l\
\x00\x0e\
\x04\x12u\xfc\
\x00L\
\x00o\x00n\x00g\x00C\x00a\x00t\x00B\x00a\x00r\x00.\x00q\x00m\x00l\
\x00\x15\
\x02E\xa7\x87\
\x00l\
\x00o\x00n\x00g\x00_\x00b\x00a\x00r\x00_\x00c\x00a\x00t\x00_\x00i\x00c\x00o\x00n\
\x00.\x00p\x00n\x00g\
\x00\x10\
\x0fBz\xbc\
\x00V\
\x00i\x00s\x00u\x00a\x00l\x00T\x00o\x00k\x00e\x00n\x00s\x00.\x00q\x00m\x00l\
\x00\x1b\
\x09\xb1><\
\x00E\
\x00x\x00p\x00a\x00n\x00d\x00a\x00b\x00l\x00e\x00C\x00o\x00n\x00t\x00r\x00o\x00l\
\x00s\x00P\x00a\x00n\x00e\x00l\x00.\x00q\x00m\x00l\
\x00\x0f\
\x0f\xd39\xbc\
\x00S\
\x00p\x00e\x00c\x00t\x00r\x00u\x00m\x00B\x00a\x00r\x00.\x00q\x00m\x00l\
\x00\x11\
\x03\xc4\xa3<\
\x00V\
\x00i\x00b\x00i\x00n\x00g\x00M\x00a\x00r\x00q\x00u\x00e\x00e\x00.\x00q\x00m\x00l\
\
"

qt_resource_struct = b"\
\x00\x00\x00\x00\x00\x02\x00\x00\x00\x01\x00\x00\x00\x01\
\x00\x00\x00\x00\x00\x00\x00\x00\
\x00\x00\x00\x00\x00\x02\x00\x00\x00\x04\x00\x00\x00\x02\
\x00\x00\x00\x00\x00\x00\x00\x00\
\x00\x00\x00b\x00\x02\x00\x00\x00\x04\x00\x00\x00\x0a\
\x00\x00\x00\x00\x00\x00\x00\x00\
\x00\x00\x00\x22\x00\x02\x00\x00\x00\x04\x00\x00\x00\x06\
\x00\x00\x00\x00\x00\x00\x00\x00\
\x00\x00\x00\x0c\x00\x01\x00\x00\x00\x01\x00\x00\x00\x00\
\x00\x00\x01\x9f\xa9q\x80\xbe\
\x00\x00\x00<\x00\x00\x00\x00\x00\x01\x00\x00\x16\xa1\
\x00\x00\x01\x9f\x94\x86\x8dc\
\x00\x00\x01\xbc\x00\x01\x00\x00\x00\x01\x00\x02\xff\xd3\
\x00\x00\x01\x9f\x95\xe0\xffy\
\x00\x00\x01\x5c\x00\x01\x00\x00\x00\x01\x00\x02\xf8h\
\x00\x00\x01\x9f\x95\xfeX\xdf\
\x00\x00\x016\x00\x00\x00\x00\x00\x01\x00\x02\xf1\xb8\
\x00\x00\x01\x9f\x8b\x22u\x94\
\x00\x00\x01\x98\x00\x00\x00\x00\x00\x01\x00\x02\xfd\xf5\
\x00\x00\x01\x9f\x80\xfe\xd8P\
\x00\x00\x01\x06\x00\x00\x00\x00\x00\x01\x00\x01\x1c\xbf\
\x00\x00\x01\x9f\xa8\xe4\xed\xbd\
\x00\x00\x00\xe4\x00\x01\x00\x00\x00\x01\x00\x01\x15}\
\x00\x00\x01\x9f\x95\xe0\xffz\
\x00\x00\x00\xb6\x00\x01\x00\x00\x00\x01\x00\x01\x10\x8a\
\x00\x00\x01\x9f\x95\xe0\xffz\
\x00\x00\x00\x80\x00\x00\x00\x00\x00\x01\x00\x00\xf8i\
\x00\x00\x01\x9f\xa8\xe4\xed\xbe\
"

def qInitResources():
    QtCore.qRegisterResourceData(0x03, qt_resource_struct, qt_resource_name, qt_resource_data)

def qCleanupResources():
    QtCore.qUnregisterResourceData(0x03, qt_resource_struct, qt_resource_name, qt_resource_data)

qInitResources()
